battery,feature,horizon,ranking_metric,value,rank
CS2_35,HF1,1,abs_future_soh_spearman,0.9692012386767376,1.0
CS2_35,HF2,1,abs_future_soh_spearman,-0.8971540116489298,6.0
CS2_35,HF3,1,abs_future_soh_spearman,0.9011707447163144,5.0
CS2_35,HF4,1,abs_future_soh_spearman,0.9515269151138718,3.0
CS2_35,HF5,1,abs_future_soh_spearman,0.8809785285586587,7.0
CS2_35,HF6,1,abs_future_soh_spearman,0.8595243007868469,8.0
CS2_35,HF7,1,abs_future_soh_spearman,0.968757407100828,2.0
CS2_35,HF8,1,abs_future_soh_spearman,-0.9065913781865643,4.0
CS2_35,HF1,4,abs_future_soh_spearman,0.9629913755977391,1.0
CS2_35,HF2,4,abs_future_soh_spearman,-0.8874804190651027,5.0
CS2_35,HF3,4,abs_future_soh_spearman,0.8795342038311835,6.0
CS2_35,HF4,4,abs_future_soh_spearman,0.9257564497208497,3.0
CS2_35,HF5,4,abs_future_soh_spearman,0.8302378250022229,8.0
CS2_35,HF6,4,abs_future_soh_spearman,0.8302663131632538,7.0
CS2_35,HF7,4,abs_future_soh_spearman,0.9624636391815388,2.0
CS2_35,HF8,4,abs_future_soh_spearman,-0.8967593851155833,4.0
CS2_35,HF1,8,abs_future_soh_spearman,0.9597592941664225,1.0
CS2_35,HF2,8,abs_future_soh_spearman,-0.8908009017218957,6.0
CS2_35,HF3,8,abs_future_soh_spearman,0.8934048610418489,5.0
CS2_35,HF4,8,abs_future_soh_spearman,0.9299481674599516,3.0
CS2_35,HF5,8,abs_future_soh_spearman,0.8537660781307825,7.0
CS2_35,HF6,8,abs_future_soh_spearman,0.8428734526179438,8.0
CS2_35,HF7,8,abs_future_soh_spearman,0.959297483421311,2.0
CS2_35,HF8,8,abs_future_soh_spearman,-0.899600169444164,4.0
CS2_35,HF1,12,abs_future_soh_spearman,0.9506410530357879,1.0
CS2_35,HF2,12,abs_future_soh_spearman,-0.8759293754606754,5.0
CS2_35,HF3,12,abs_future_soh_spearman,0.8633019949166159,6.0
CS2_35,HF4,12,abs_future_soh_spearman,0.8974603086475077,3.0
CS2_35,HF5,12,abs_future_soh_spearman,0.7930071460910434,8.0
CS2_35,HF6,12,abs_future_soh_spearman,0.8014262390079562,7.0
CS2_35,HF7,12,abs_future_soh_spearman,0.9502695018502937,2.0
CS2_35,HF8,12,abs_future_soh_spearman,-0.885279151226559,4.0
CS2_35,HF1,16,abs_future_soh_spearman,0.9480421652001836,1.0
CS2_35,HF2,16,abs_future_soh_spearman,-0.8777801238232826,5.0
CS2_35,HF3,16,abs_future_soh_spearman,0.8752508852591138,6.0
CS2_35,HF4,16,abs_future_soh_spearman,0.8938832526564671,3.0
CS2_35,HF5,16,abs_future_soh_spearman,0.8072481088060196,8.0
CS2_35,HF6,16,abs_future_soh_spearman,0.812293791332859,7.0
CS2_35,HF7,16,abs_future_soh_spearman,0.9475415382641469,2.0
CS2_35,HF8,16,abs_future_soh_spearman,-0.8873428816872146,4.0
CS2_35,HF1,24,abs_future_soh_spearman,0.9449623032488254,1.0
CS2_35,HF2,24,abs_future_soh_spearman,-0.8713437406945193,5.0
CS2_35,HF3,24,abs_future_soh_spearman,0.8636668685165485,6.0
CS2_35,HF4,24,abs_future_soh_spearman,0.8825860273431518,3.0
CS2_35,HF5,24,abs_future_soh_spearman,0.7858847192904145,8.0
CS2_35,HF6,24,abs_future_soh_spearman,0.7959007182164234,7.0
CS2_35,HF7,24,abs_future_soh_spearman,0.9444171706750384,2.0
CS2_35,HF8,24,abs_future_soh_spearman,-0.8815720726644996,4.0
CS2_35,HF1,32,abs_future_soh_spearman,0.9400980136180666,1.0
CS2_35,HF2,32,abs_future_soh_spearman,-0.871106271630937,5.0
CS2_35,HF3,32,abs_future_soh_spearman,0.8593467754838734,6.0
CS2_35,HF4,32,abs_future_soh_spearman,0.8744063369741694,4.0
CS2_35,HF5,32,abs_future_soh_spearman,0.7805475714427316,8.0
CS2_35,HF6,32,abs_future_soh_spearman,0.7894081755186675,7.0
CS2_35,HF7,32,abs_future_soh_spearman,0.9395329521956782,2.0
CS2_35,HF8,32,abs_future_soh_spearman,-0.8815412371769633,3.0
CS2_35,HF1,48,abs_future_soh_spearman,0.9433364223223308,1.0
CS2_35,HF2,48,abs_future_soh_spearman,-0.86693853169065,4.0
CS2_35,HF3,48,abs_future_soh_spearman,0.8443735297742401,6.0
CS2_35,HF4,48,abs_future_soh_spearman,0.8664363354037269,5.0
CS2_35,HF5,48,abs_future_soh_spearman,0.7664996656860652,8.0
CS2_35,HF6,48,abs_future_soh_spearman,0.7941288866401339,7.0
CS2_35,HF7,48,abs_future_soh_spearman,0.9429692355750001,2.0
CS2_35,HF8,48,abs_future_soh_spearman,-0.8782659166341543,3.0
CS2_35,HF1,64,abs_future_soh_spearman,0.9257412860012523,1.0
CS2_35,HF2,64,abs_future_soh_spearman,-0.854635647102969,4.0
CS2_35,HF3,64,abs_future_soh_spearman,0.8303981670440397,6.0
CS2_35,HF4,64,abs_future_soh_spearman,0.8479729081452306,5.0
CS2_35,HF5,64,abs_future_soh_spearman,0.7375792181257638,8.0
CS2_35,HF6,64,abs_future_soh_spearman,0.7703135012781588,7.0
CS2_35,HF7,64,abs_future_soh_spearman,0.9250331361154541,2.0
CS2_35,HF8,64,abs_future_soh_spearman,-0.8706115817007748,3.0
CS2_36,HF1,1,abs_future_soh_spearman,0.9727393508081571,2.0
CS2_36,HF2,1,abs_future_soh_spearman,-0.7166126601259698,8.0
CS2_36,HF3,1,abs_future_soh_spearman,0.9109174787341376,5.0
CS2_36,HF4,1,abs_future_soh_spearman,0.9603322912746843,3.0
CS2_36,HF5,1,abs_future_soh_spearman,0.9250619020425003,4.0
CS2_36,HF6,1,abs_future_soh_spearman,0.8700930572121729,6.0
CS2_36,HF7,1,abs_future_soh_spearman,0.9727708504507393,1.0
CS2_36,HF8,1,abs_future_soh_spearman,-0.8109960210458385,7.0
CS2_36,HF1,4,abs_future_soh_spearman,0.9684276252319163,1.0
CS2_36,HF2,4,abs_future_soh_spearman,-0.7240912582004913,8.0
CS2_36,HF3,4,abs_future_soh_spearman,0.9041324632842861,5.0
CS2_36,HF4,4,abs_future_soh_spearman,0.9520772505586638,3.0
CS2_36,HF5,4,abs_future_soh_spearman,0.9196689568375895,4.0
CS2_36,HF6,4,abs_future_soh_spearman,0.8531259657272778,6.0
CS2_36,HF7,4,abs_future_soh_spearman,0.9681722454024286,2.0
CS2_36,HF8,4,abs_future_soh_spearman,-0.813172611931826,7.0
CS2_36,HF1,8,abs_future_soh_spearman,0.9727402776820573,1.0
CS2_36,HF2,8,abs_future_soh_spearman,-0.7447903328771136,8.0
CS2_36,HF3,8,abs_future_soh_spearman,0.9020153241196621,5.0
CS2_36,HF4,8,abs_future_soh_spearman,0.9509900696181742,3.0
CS2_36,HF5,8,abs_future_soh_spearman,0.9073298553433518,4.0
CS2_36,HF6,8,abs_future_soh_spearman,0.8479311967634074,6.0
CS2_36,HF7,8,abs_future_soh_spearman,0.9725589248705322,2.0
CS2_36,HF8,8,abs_future_soh_spearman,-0.825701855292965,7.0
CS2_36,HF1,12,abs_future_soh_spearman,0.9684760400130639,1.0
CS2_36,HF2,12,abs_future_soh_spearman,-0.7619765692428543,8.0
CS2_36,HF3,12,abs_future_soh_spearman,0.8956687596097972,5.0
CS2_36,HF4,12,abs_future_soh_spearman,0.9462650440020156,3.0
CS2_36,HF5,12,abs_future_soh_spearman,0.9030506411648707,4.0
CS2_36,HF6,12,abs_future_soh_spearman,0.8389070726989692,6.0
CS2_36,HF7,12,abs_future_soh_spearman,0.9683647182328016,2.0
CS2_36,HF8,12,abs_future_soh_spearman,-0.8323387319394225,7.0
CS2_36,HF1,16,abs_future_soh_spearman,0.9676180197666109,1.0
CS2_36,HF2,16,abs_future_soh_spearman,-0.7766826045205113,8.0
CS2_36,HF3,16,abs_future_soh_spearman,0.8962624968933072,5.0
CS2_36,HF4,16,abs_future_soh_spearman,0.9467592246536923,3.0
CS2_36,HF5,16,abs_future_soh_spearman,0.9042586191946946,4.0
CS2_36,HF6,16,abs_future_soh_spearman,0.8412503945756143,7.0
CS2_36,HF7,16,abs_future_soh_spearman,0.9673560672169058,2.0
CS2_36,HF8,16,abs_future_soh_spearman,-0.8423043087408787,6.0
CS2_36,HF1,24,abs_future_soh_spearman,0.9653480091851636,1.0
CS2_36,HF2,24,abs_future_soh_spearman,-0.8051459326302917,8.0
CS2_36,HF3,24,abs_future_soh_spearman,0.8953226009109954,5.0
CS2_36,HF4,24,abs_future_soh_spearman,0.9490617431855037,3.0
CS2_36,HF5,24,abs_future_soh_spearman,0.9008194200370352,4.0
CS2_36,HF6,24,abs_future_soh_spearman,0.8414378534674751,7.0
CS2_36,HF7,24,abs_future_soh_spearman,0.9651592404185888,2.0
CS2_36,HF8,24,abs_future_soh_spearman,-0.8589304247804406,6.0
CS2_36,HF1,32,abs_future_soh_spearman,0.9644676451744634,1.0
CS2_36,HF2,32,abs_future_soh_spearman,-0.8399582959111453,7.0
CS2_36,HF3,32,abs_future_soh_spearman,0.8905857797191299,5.0
CS2_36,HF4,32,abs_future_soh_spearman,0.9469517840754855,3.0
CS2_36,HF5,32,abs_future_soh_spearman,0.8981753178352604,4.0
CS2_36,HF6,32,abs_future_soh_spearman,0.8390443210170015,8.0
CS2_36,HF7,32,abs_future_soh_spearman,0.9641569532469926,2.0
CS2_36,HF8,32,abs_future_soh_spearman,-0.8787137349132357,6.0
CS2_36,HF1,48,abs_future_soh_spearman,0.9657345775655636,1.0
CS2_36,HF2,48,abs_future_soh_spearman,-0.8896398456422339,6.0
CS2_36,HF3,48,abs_future_soh_spearman,0.8878890949613255,7.0
CS2_36,HF4,48,abs_future_soh_spearman,0.9478865316446827,3.0
CS2_36,HF5,48,abs_future_soh_spearman,0.9041116325438374,5.0
CS2_36,HF6,48,abs_future_soh_spearman,0.8403471749044156,8.0
CS2_36,HF7,48,abs_future_soh_spearman,0.9654923743266557,2.0
CS2_36,HF8,48,abs_future_soh_spearman,-0.9058370767659758,4.0
CS2_36,HF1,64,abs_future_soh_spearman,0.9632524603479587,1.0
CS2_36,HF2,64,abs_future_soh_spearman,-0.8989600718761239,5.0
CS2_36,HF3,64,abs_future_soh_spearman,0.8836599089459223,7.0
CS2_36,HF4,64,abs_future_soh_spearman,0.947488872154823,3.0
CS2_36,HF5,64,abs_future_soh_spearman,0.8981424688802617,6.0
CS2_36,HF6,64,abs_future_soh_spearman,0.8324522061220908,8.0
CS2_36,HF7,64,abs_future_soh_spearman,0.9629373748655876,2.0
CS2_36,HF8,64,abs_future_soh_spearman,-0.9119494219737326,4.0
CS2_37,HF1,1,abs_future_soh_spearman,0.9774217935125694,1.0
CS2_37,HF2,1,abs_future_soh_spearman,-0.7373082872228022,8.0
CS2_37,HF3,1,abs_future_soh_spearman,0.9210779250779251,4.0
CS2_37,HF4,1,abs_future_soh_spearman,0.9439932586329776,3.0
CS2_37,HF5,1,abs_future_soh_spearman,0.9053013709914829,5.0
CS2_37,HF6,1,abs_future_soh_spearman,0.8595611957749761,6.0
CS2_37,HF7,1,abs_future_soh_spearman,0.9771318049664129,2.0
CS2_37,HF8,1,abs_future_soh_spearman,-0.8153540079697903,7.0
CS2_37,HF1,4,abs_future_soh_spearman,0.9736023515575459,1.0
CS2_37,HF2,4,abs_future_soh_spearman,-0.7459508749962023,8.0
CS2_37,HF3,4,abs_future_soh_spearman,0.9154606935866545,4.0
CS2_37,HF4,4,abs_future_soh_spearman,0.9378366162683892,3.0
CS2_37,HF5,4,abs_future_soh_spearman,0.8946108136381531,5.0
CS2_37,HF6,4,abs_future_soh_spearman,0.8488089093358192,6.0
CS2_37,HF7,4,abs_future_soh_spearman,0.973271883419324,2.0
CS2_37,HF8,4,abs_future_soh_spearman,-0.8195704264185872,7.0
CS2_37,HF1,8,abs_future_soh_spearman,0.9731428967443982,1.0
CS2_37,HF2,8,abs_future_soh_spearman,-0.7554782394782396,8.0
CS2_37,HF3,8,abs_future_soh_spearman,0.913369384026604,4.0
CS2_37,HF4,8,abs_future_soh_spearman,0.9294217619782538,3.0
CS2_37,HF5,8,abs_future_soh_spearman,0.8820851681467732,5.0
CS2_37,HF6,8,abs_future_soh_spearman,0.8356292864009678,6.0
CS2_37,HF7,8,abs_future_soh_spearman,0.9728101255438006,2.0
CS2_37,HF8,8,abs_future_soh_spearman,-0.822964413603283,7.0
CS2_37,HF1,12,abs_future_soh_spearman,0.9701775958735965,1.0
CS2_37,HF2,12,abs_future_soh_spearman,-0.7687241417902675,8.0
CS2_37,HF3,12,abs_future_soh_spearman,0.9042571463624094,4.0
CS2_37,HF4,12,abs_future_soh_spearman,0.9277529276197573,3.0
CS2_37,HF5,12,abs_future_soh_spearman,0.8719002855258176,5.0
CS2_37,HF6,12,abs_future_soh_spearman,0.8249518940136534,7.0
CS2_37,HF7,12,abs_future_soh_spearman,0.9697051409982951,2.0
CS2_37,HF8,12,abs_future_soh_spearman,-0.8295565035658026,6.0
CS2_37,HF1,16,abs_future_soh_spearman,0.9691167809873782,1.0
CS2_37,HF2,16,abs_future_soh_spearman,-0.7898427726548981,8.0
CS2_37,HF3,16,abs_future_soh_spearman,0.9106917797537446,4.0
CS2_37,HF4,16,abs_future_soh_spearman,0.9315993282254657,3.0
CS2_37,HF5,16,abs_future_soh_spearman,0.8757813525157829,5.0
CS2_37,HF6,16,abs_future_soh_spearman,0.8287670513050587,7.0
CS2_37,HF7,16,abs_future_soh_spearman,0.9686456899756998,2.0
CS2_37,HF8,16,abs_future_soh_spearman,-0.8442707585329939,6.0
CS2_37,HF1,24,abs_future_soh_spearman,0.9684669860086089,1.0
CS2_37,HF2,24,abs_future_soh_spearman,-0.8144751980902029,7.0
CS2_37,HF3,24,abs_future_soh_spearman,0.8995032432047935,4.0
CS2_37,HF4,24,abs_future_soh_spearman,0.9168181868119797,3.0
CS2_37,HF5,24,abs_future_soh_spearman,0.8593213270784353,5.0
CS2_37,HF6,24,abs_future_soh_spearman,0.8131565862981135,8.0
CS2_37,HF7,24,abs_future_soh_spearman,0.967920683341591,2.0
CS2_37,HF8,24,abs_future_soh_spearman,-0.8557863349495195,6.0
CS2_37,HF1,32,abs_future_soh_spearman,0.9668423468520182,1.0
CS2_37,HF2,32,abs_future_soh_spearman,-0.843271357231456,7.0
CS2_37,HF3,32,abs_future_soh_spearman,0.8985836381520588,4.0
CS2_37,HF4,32,abs_future_soh_spearman,0.9144856921037408,3.0
CS2_37,HF5,32,abs_future_soh_spearman,0.8532649615843789,6.0
CS2_37,HF6,32,abs_future_soh_spearman,0.8078064955701774,8.0
CS2_37,HF7,32,abs_future_soh_spearman,0.9663084218614204,2.0
CS2_37,HF8,32,abs_future_soh_spearman,-0.8729331976721545,5.0
CS2_37,HF1,48,abs_future_soh_spearman,0.9684690632363496,1.0
CS2_37,HF2,48,abs_future_soh_spearman,-0.8952800513021387,6.0
CS2_37,HF3,48,abs_future_soh_spearman,0.9024211676394805,5.0
CS2_37,HF4,48,abs_future_soh_spearman,0.9268053712802719,3.0
CS2_37,HF5,48,abs_future_soh_spearman,0.8711281839124034,7.0
CS2_37,HF6,48,abs_future_soh_spearman,0.8257353649923509,8.0
CS2_37,HF7,48,abs_future_soh_spearman,0.9680135432561923,2.0
CS2_37,HF8,48,abs_future_soh_spearman,-0.9046668448389071,4.0
CS2_37,HF1,64,abs_future_soh_spearman,0.9628930599974019,1.0
CS2_37,HF2,64,abs_future_soh_spearman,-0.8916847823923111,5.0
CS2_37,HF3,64,abs_future_soh_spearman,0.8819251623070666,6.0
CS2_37,HF4,64,abs_future_soh_spearman,0.9134370398180414,3.0
CS2_37,HF5,64,abs_future_soh_spearman,0.8470069947657721,7.0
CS2_37,HF6,64,abs_future_soh_spearman,0.8008432322273445,8.0
CS2_37,HF7,64,abs_future_soh_spearman,0.9622019682045119,2.0
CS2_37,HF8,64,abs_future_soh_spearman,-0.9013643826006921,4.0
CS2_38,HF1,1,abs_future_soh_spearman,0.9660622688320297,1.0
CS2_38,HF2,1,abs_future_soh_spearman,-0.6327137948002578,8.0
CS2_38,HF3,1,abs_future_soh_spearman,0.7871150913745999,5.0
CS2_38,HF4,1,abs_future_soh_spearman,0.9512407824638939,3.0
CS2_38,HF5,1,abs_future_soh_spearman,0.8380015921915894,4.0
CS2_38,HF6,1,abs_future_soh_spearman,0.7776352617643097,6.0
CS2_38,HF7,1,abs_future_soh_spearman,0.9642749987708331,2.0
CS2_38,HF8,1,abs_future_soh_spearman,-0.699693918140357,7.0
CS2_38,HF1,4,abs_future_soh_spearman,0.9581744288941636,1.0
CS2_38,HF2,4,abs_future_soh_spearman,-0.6270478416205281,8.0
CS2_38,HF3,4,abs_future_soh_spearman,0.7702106826259726,5.0
CS2_38,HF4,4,abs_future_soh_spearman,0.9272350161903831,3.0
CS2_38,HF5,4,abs_future_soh_spearman,0.7865564342721219,4.0
CS2_38,HF6,4,abs_future_soh_spearman,0.7388094371979256,6.0
CS2_38,HF7,4,abs_future_soh_spearman,0.9563913921035064,2.0
CS2_38,HF8,4,abs_future_soh_spearman,-0.6928108353944902,7.0
CS2_38,HF1,8,abs_future_soh_spearman,0.9620770092173019,1.0
CS2_38,HF2,8,abs_future_soh_spearman,-0.627564519287243,8.0
CS2_38,HF3,8,abs_future_soh_spearman,0.7738836831959313,5.0
CS2_38,HF4,8,abs_future_soh_spearman,0.9369670667058815,3.0
CS2_38,HF5,8,abs_future_soh_spearman,0.8129246142478999,4.0
CS2_38,HF6,8,abs_future_soh_spearman,0.7513771945556222,6.0
CS2_38,HF7,8,abs_future_soh_spearman,0.9601755569551235,2.0
CS2_38,HF8,8,abs_future_soh_spearman,-0.6922313963406463,7.0
CS2_38,HF1,12,abs_future_soh_spearman,0.9545213429947343,1.0
CS2_38,HF2,12,abs_future_soh_spearman,-0.6215520604013431,8.0
CS2_38,HF3,12,abs_future_soh_spearman,0.7560593808622591,5.0
CS2_38,HF4,12,abs_future_soh_spearman,0.918227636515102,3.0
CS2_38,HF5,12,abs_future_soh_spearman,0.7771145269000138,4.0
CS2_38,HF6,12,abs_future_soh_spearman,0.7139019938284253,6.0
CS2_38,HF7,12,abs_future_soh_spearman,0.9523584275704895,2.0
CS2_38,HF8,12,abs_future_soh_spearman,-0.6832320757932077,7.0
CS2_38,HF1,16,abs_future_soh_spearman,0.9550743666391514,1.0
CS2_38,HF2,16,abs_future_soh_spearman,-0.6228237026740862,8.0
CS2_38,HF3,16,abs_future_soh_spearman,0.7591328789981532,5.0
CS2_38,HF4,16,abs_future_soh_spearman,0.9196980937773088,3.0
CS2_38,HF5,16,abs_future_soh_spearman,0.7770815973544226,4.0
CS2_38,HF6,16,abs_future_soh_spearman,0.7153040390477541,6.0
CS2_38,HF7,16,abs_future_soh_spearman,0.952671701865207,2.0
CS2_38,HF8,16,abs_future_soh_spearman,-0.6821351755553854,7.0
CS2_38,HF1,24,abs_future_soh_spearman,0.9567161127161127,1.0
CS2_38,HF2,24,abs_future_soh_spearman,-0.6156597746666577,8.0
CS2_38,HF3,24,abs_future_soh_spearman,0.7520630389304752,5.0
CS2_38,HF4,24,abs_future_soh_spearman,0.9126392318542613,3.0
CS2_38,HF5,24,abs_future_soh_spearman,0.7592221364053362,4.0
CS2_38,HF6,24,abs_future_soh_spearman,0.7000620237669646,6.0
CS2_38,HF7,24,abs_future_soh_spearman,0.9543357456765615,2.0
CS2_38,HF8,24,abs_future_soh_spearman,-0.6735364417470292,7.0
CS2_38,HF1,32,abs_future_soh_spearman,0.949703579166991,1.0
CS2_38,HF2,32,abs_future_soh_spearman,-0.609941668403025,8.0
CS2_38,HF3,32,abs_future_soh_spearman,0.7413092423147245,5.0
CS2_38,HF4,32,abs_future_soh_spearman,0.9083780245919771,3.0
CS2_38,HF5,32,abs_future_soh_spearman,0.7619643122622661,4.0
CS2_38,HF6,32,abs_future_soh_spearman,0.6936168688004145,6.0
CS2_38,HF7,32,abs_future_soh_spearman,0.9470868982743703,2.0
CS2_38,HF8,32,abs_future_soh_spearman,-0.6685132067993065,7.0
CS2_38,HF1,48,abs_future_soh_spearman,0.9544302307421257,1.0
CS2_38,HF2,48,abs_future_soh_spearman,-0.5863138463521628,8.0
CS2_38,HF3,48,abs_future_soh_spearman,0.7216137090823982,5.0
CS2_38,HF4,48,abs_future_soh_spearman,0.900585899681269,3.0
CS2_38,HF5,48,abs_future_soh_spearman,0.751716615720445,4.0
CS2_38,HF6,48,abs_future_soh_spearman,0.6919047450627295,6.0
CS2_38,HF7,48,abs_future_soh_spearman,0.9521612469082478,2.0
CS2_38,HF8,48,abs_future_soh_spearman,-0.6469597863427505,7.0
CS2_38,HF1,64,abs_future_soh_spearman,0.9453112199557505,1.0
CS2_38,HF2,64,abs_future_soh_spearman,-0.5658999668509682,8.0
CS2_38,HF3,64,abs_future_soh_spearman,0.7155089945651848,5.0
CS2_38,HF4,64,abs_future_soh_spearman,0.8948849177262493,3.0
CS2_38,HF5,64,abs_future_soh_spearman,0.7346303113248458,4.0
CS2_38,HF6,64,abs_future_soh_spearman,0.6749562292663656,6.0
CS2_38,HF7,64,abs_future_soh_spearman,0.9423756078294624,2.0
CS2_38,HF8,64,abs_future_soh_spearman,-0.6290503491710343,7.0
CS2_35,HF1,1,abs_degradation_spearman,-0.09276493795537086,3.0
CS2_35,HF2,1,abs_degradation_spearman,0.04947697382191817,7.0
CS2_35,HF3,1,abs_degradation_spearman,-0.14114409588090188,1.0
CS2_35,HF4,1,abs_degradation_spearman,0.08313336363177298,5.0
CS2_35,HF5,1,abs_degradation_spearman,0.044856443296311596,8.0
CS2_35,HF6,1,abs_degradation_spearman,0.11943035781400566,2.0
CS2_35,HF7,1,abs_degradation_spearman,-0.09174093516407872,4.0
CS2_35,HF8,1,abs_degradation_spearman,0.05655435342242866,6.0
CS2_35,HF1,4,abs_degradation_spearman,-0.10021766915699787,4.0
CS2_35,HF2,4,abs_degradation_spearman,0.055480420457782585,7.0
CS2_35,HF3,4,abs_degradation_spearman,-0.055161750415432906,8.0
CS2_35,HF4,4,abs_degradation_spearman,0.13758426257801645,3.0
CS2_35,HF5,4,abs_degradation_spearman,0.20806093408570742,1.0
CS2_35,HF6,4,abs_degradation_spearman,0.20510435557073625,2.0
CS2_35,HF7,4,abs_degradation_spearman,-0.09938331697595489,5.0
CS2_35,HF8,4,abs_degradation_spearman,0.06317949950347725,6.0
CS2_35,HF1,8,abs_degradation_spearman,-0.16643858627381314,5.0
CS2_35,HF2,8,abs_degradation_spearman,0.14124352469152496,8.0
CS2_35,HF3,8,abs_degradation_spearman,-0.19221881272826088,3.0
CS2_35,HF4,8,abs_degradation_spearman,0.18679774839763288,4.0
CS2_35,HF5,8,abs_degradation_spearman,0.20272346731291951,2.0
CS2_35,HF6,8,abs_degradation_spearman,0.22146203783156798,1.0
CS2_35,HF7,8,abs_degradation_spearman,-0.16571718112692124,6.0
CS2_35,HF8,8,abs_degradation_spearman,0.14742199946068701,7.0
CS2_35,HF1,12,abs_degradation_spearman,-0.20225580137099972,2.0
CS2_35,HF2,12,abs_degradation_spearman,0.15965257887270248,7.0
CS2_35,HF3,12,abs_degradation_spearman,-0.1685547235097689,5.0
CS2_35,HF4,12,abs_degradation_spearman,0.13774511398003314,8.0
CS2_35,HF5,12,abs_degradation_spearman,0.2075843324087482,1.0
CS2_35,HF6,12,abs_degradation_spearman,0.1996175997529804,4.0
CS2_35,HF7,12,abs_degradation_spearman,-0.2018164100937689,3.0
CS2_35,HF8,12,abs_degradation_spearman,0.1676719593739278,6.0
CS2_35,HF1,16,abs_degradation_spearman,-0.2372380356835101,2.0
CS2_35,HF2,16,abs_degradation_spearman,0.210748970752224,5.0
CS2_35,HF3,16,abs_degradation_spearman,-0.24805021651102177,1.0
CS2_35,HF4,16,abs_degradation_spearman,0.12858718058742485,8.0
CS2_35,HF5,16,abs_degradation_spearman,0.17432478133538026,6.0
CS2_35,HF6,16,abs_degradation_spearman,0.16772017444235482,7.0
CS2_35,HF7,16,abs_degradation_spearman,-0.23657626481520339,3.0
CS2_35,HF8,16,abs_degradation_spearman,0.2205778563699407,4.0
CS2_35,HF1,24,abs_degradation_spearman,-0.32831178138436334,1.0
CS2_35,HF2,24,abs_degradation_spearman,0.2969631502355991,5.0
CS2_35,HF3,24,abs_degradation_spearman,-0.322117914022134,3.0
CS2_35,HF4,24,abs_degradation_spearman,0.05295840468404358,8.0
CS2_35,HF5,24,abs_degradation_spearman,0.11334528069300129,6.0
CS2_35,HF6,24,abs_degradation_spearman,0.09736839463740385,7.0
CS2_35,HF7,24,abs_degradation_spearman,-0.32759567477538526,2.0
CS2_35,HF8,24,abs_degradation_spearman,0.31003289368949244,4.0
CS2_35,HF1,32,abs_degradation_spearman,-0.3901591578354039,1.0
CS2_35,HF2,32,abs_degradation_spearman,0.35565435048618754,5.0
CS2_35,HF3,32,abs_degradation_spearman,-0.37403486546205833,3.0
CS2_35,HF4,32,abs_degradation_spearman,-0.008057132387524974,8.0
CS2_35,HF5,32,abs_degradation_spearman,0.05512563033952385,6.0
CS2_35,HF6,32,abs_degradation_spearman,0.04642084868718758,7.0
CS2_35,HF7,32,abs_degradation_spearman,-0.38944033010891765,2.0
CS2_35,HF8,32,abs_degradation_spearman,0.37293951446776535,4.0
CS2_35,HF1,48,abs_degradation_spearman,-0.4609363781300531,1.0
CS2_35,HF2,48,abs_degradation_spearman,0.4246008400197619,5.0
CS2_35,HF3,48,abs_degradation_spearman,-0.4252934435544174,4.0
CS2_35,HF4,48,abs_degradation_spearman,-0.0387284754835126,6.0
CS2_35,HF5,48,abs_degradation_spearman,0.031980209249590136,7.0
CS2_35,HF6,48,abs_degradation_spearman,0.010351525922430094,8.0
CS2_35,HF7,48,abs_degradation_spearman,-0.460503185180807,2.0
CS2_35,HF8,48,abs_degradation_spearman,0.44764033135255854,3.0
CS2_35,HF1,64,abs_degradation_spearman,-0.5024494656396497,1.0
CS2_35,HF2,64,abs_degradation_spearman,0.4517598408253733,5.0
CS2_35,HF3,64,abs_degradation_spearman,-0.46167959899281524,4.0
CS2_35,HF4,64,abs_degradation_spearman,-0.06662298641619957,6.0
CS2_35,HF5,64,abs_degradation_spearman,0.017452377118808746,7.0
CS2_35,HF6,64,abs_degradation_spearman,0.0024468343553686635,8.0
CS2_35,HF7,64,abs_degradation_spearman,-0.5015045953733609,2.0
CS2_35,HF8,64,abs_degradation_spearman,0.47943131002901707,3.0
CS2_36,HF1,1,abs_degradation_spearman,-0.09481367590904632,2.0
CS2_36,HF2,1,abs_degradation_spearman,0.05427543221637081,6.0
CS2_36,HF3,1,abs_degradation_spearman,-0.11806929735275601,1.0
CS2_36,HF4,1,abs_degradation_spearman,0.040817119774952906,7.0
CS2_36,HF5,1,abs_degradation_spearman,0.017492746238145496,8.0
CS2_36,HF6,1,abs_degradation_spearman,0.06433992619637863,5.0
CS2_36,HF7,1,abs_degradation_spearman,-0.09436934106816877,3.0
CS2_36,HF8,1,abs_degradation_spearman,0.06620337632772186,4.0
CS2_36,HF1,4,abs_degradation_spearman,-0.09398531873744508,1.0
CS2_36,HF2,4,abs_degradation_spearman,0.028744941953347522,6.0
CS2_36,HF3,4,abs_degradation_spearman,-0.04015947062537009,5.0
CS2_36,HF4,4,abs_degradation_spearman,-0.02504575763220994,7.0
CS2_36,HF5,4,abs_degradation_spearman,0.010244011373304154,8.0
CS2_36,HF6,4,abs_degradation_spearman,0.08140859681948212,3.0
CS2_36,HF7,4,abs_degradation_spearman,-0.09318613261729879,2.0
CS2_36,HF8,4,abs_degradation_spearman,0.04724343518555747,4.0
CS2_36,HF1,8,abs_degradation_spearman,-0.22218043455686529,1.0
CS2_36,HF2,8,abs_degradation_spearman,0.16492995050315176,5.0
CS2_36,HF3,8,abs_degradation_spearman,-0.1707608983395285,4.0
CS2_36,HF4,8,abs_degradation_spearman,-0.07816897452971747,6.0
CS2_36,HF5,8,abs_degradation_spearman,-0.041284294927513634,7.0
CS2_36,HF6,8,abs_degradation_spearman,0.03561666327092002,8.0
CS2_36,HF7,8,abs_degradation_spearman,-0.22158085971172964,2.0
CS2_36,HF8,8,abs_degradation_spearman,0.185375544106532,3.0
CS2_36,HF1,12,abs_degradation_spearman,-0.2766028525246513,1.0
CS2_36,HF2,12,abs_degradation_spearman,0.1948708904708394,5.0
CS2_36,HF3,12,abs_degradation_spearman,-0.2106844171431139,4.0
CS2_36,HF4,12,abs_degradation_spearman,-0.14731301611475633,6.0
CS2_36,HF5,12,abs_degradation_spearman,-0.09108462328934705,7.0
CS2_36,HF6,12,abs_degradation_spearman,0.008267617657299582,8.0
CS2_36,HF7,12,abs_degradation_spearman,-0.27598555853261275,2.0
CS2_36,HF8,12,abs_degradation_spearman,0.21725789186117714,3.0
CS2_36,HF1,16,abs_degradation_spearman,-0.34026879476176225,1.0
CS2_36,HF2,16,abs_degradation_spearman,0.26963720603325547,5.0
CS2_36,HF3,16,abs_degradation_spearman,-0.28138364860334264,4.0
CS2_36,HF4,16,abs_degradation_spearman,-0.19232330314509785,6.0
CS2_36,HF5,16,abs_degradation_spearman,-0.13916400314539687,7.0
CS2_36,HF6,16,abs_degradation_spearman,-0.03354572811251588,8.0
CS2_36,HF7,16,abs_degradation_spearman,-0.339572653164132,2.0
CS2_36,HF8,16,abs_degradation_spearman,0.29353250203383163,3.0
CS2_36,HF1,24,abs_degradation_spearman,-0.4391425232674741,1.0
CS2_36,HF2,24,abs_degradation_spearman,0.3724177802181333,5.0
CS2_36,HF3,24,abs_degradation_spearman,-0.38843250373795635,4.0
CS2_36,HF4,24,abs_degradation_spearman,-0.2702317091806293,6.0
CS2_36,HF5,24,abs_degradation_spearman,-0.20796736527897128,7.0
CS2_36,HF6,24,abs_degradation_spearman,-0.12236060677609464,8.0
CS2_36,HF7,24,abs_degradation_spearman,-0.4387239790528735,2.0
CS2_36,HF8,24,abs_degradation_spearman,0.40029614200537705,3.0
CS2_36,HF1,32,abs_degradation_spearman,-0.4879653417619936,1.0
CS2_36,HF2,32,abs_degradation_spearman,0.41802652797154893,5.0
CS2_36,HF3,32,abs_degradation_spearman,-0.43559893884375045,4.0
CS2_36,HF4,32,abs_degradation_spearman,-0.3314469220051286,6.0
CS2_36,HF5,32,abs_degradation_spearman,-0.25845791843122573,7.0
CS2_36,HF6,32,abs_degradation_spearman,-0.17897250443328463,8.0
CS2_36,HF7,32,abs_degradation_spearman,-0.48740808607682856,2.0
CS2_36,HF8,32,abs_degradation_spearman,0.4474190365052511,3.0
CS2_36,HF1,48,abs_degradation_spearman,-0.6390190410740493,1.0
CS2_36,HF2,48,abs_degradation_spearman,0.5771539935901724,5.0
CS2_36,HF3,48,abs_degradation_spearman,-0.5861056302246728,4.0
CS2_36,HF4,48,abs_degradation_spearman,-0.4880784375868945,6.0
CS2_36,HF5,48,abs_degradation_spearman,-0.4234949164936427,7.0
CS2_36,HF6,48,abs_degradation_spearman,-0.3360634276847912,8.0
CS2_36,HF7,48,abs_degradation_spearman,-0.6384429011898576,2.0
CS2_36,HF8,48,abs_degradation_spearman,0.6006168481980687,3.0
CS2_36,HF1,64,abs_degradation_spearman,-0.6806854060172847,1.0
CS2_36,HF2,64,abs_degradation_spearman,0.62244000309419,5.0
CS2_36,HF3,64,abs_degradation_spearman,-0.625428223615962,4.0
CS2_36,HF4,64,abs_degradation_spearman,-0.5252035922619136,6.0
CS2_36,HF5,64,abs_degradation_spearman,-0.45694807446953456,7.0
CS2_36,HF6,64,abs_degradation_spearman,-0.3579529368610553,8.0
CS2_36,HF7,64,abs_degradation_spearman,-0.6800191663900625,2.0
CS2_36,HF8,64,abs_degradation_spearman,0.6424820108633436,3.0
CS2_37,HF1,1,abs_degradation_spearman,-0.1157625574254463,2.0
CS2_37,HF2,1,abs_degradation_spearman,0.0698009912701095,6.0
CS2_37,HF3,1,abs_degradation_spearman,-0.1631918951918952,1.0
CS2_37,HF4,1,abs_degradation_spearman,0.06917658314158033,7.0
CS2_37,HF5,1,abs_degradation_spearman,0.04104593770530082,8.0
CS2_37,HF6,1,abs_degradation_spearman,0.07866350176909678,5.0
CS2_37,HF7,1,abs_degradation_spearman,-0.1151031685253411,3.0
CS2_37,HF8,1,abs_degradation_spearman,0.08123410810569455,4.0
CS2_37,HF1,4,abs_degradation_spearman,-0.10936084813150762,1.0
CS2_37,HF2,4,abs_degradation_spearman,0.05633204175899443,7.0
CS2_37,HF3,4,abs_degradation_spearman,-0.0714081015486233,4.0
CS2_37,HF4,4,abs_degradation_spearman,0.021733072593931795,8.0
CS2_37,HF5,4,abs_degradation_spearman,0.06950560966363889,5.0
CS2_37,HF6,4,abs_degradation_spearman,0.08958005935998771,3.0
CS2_37,HF7,4,abs_degradation_spearman,-0.10844897106388691,2.0
CS2_37,HF8,4,abs_degradation_spearman,0.06479461371064958,6.0
CS2_37,HF1,8,abs_degradation_spearman,-0.21599447179620507,1.0
CS2_37,HF2,8,abs_degradation_spearman,0.18010239521713609,5.0
CS2_37,HF3,8,abs_degradation_spearman,-0.214157876309607,3.0
CS2_37,HF4,8,abs_degradation_spearman,0.027933849145654895,8.0
CS2_37,HF5,8,abs_degradation_spearman,0.05820451535812628,7.0
CS2_37,HF6,8,abs_degradation_spearman,0.09115939229877126,6.0
CS2_37,HF7,8,abs_degradation_spearman,-0.2156297413251157,2.0
CS2_37,HF8,8,abs_degradation_spearman,0.19182568500219813,4.0
CS2_37,HF1,12,abs_degradation_spearman,-0.2706570103637509,1.0
CS2_37,HF2,12,abs_degradation_spearman,0.20072290285911942,5.0
CS2_37,HF3,12,abs_degradation_spearman,-0.2375932335806743,3.0
CS2_37,HF4,12,abs_degradation_spearman,-0.019212818919000854,8.0
CS2_37,HF5,12,abs_degradation_spearman,0.04620585980399144,7.0
CS2_37,HF6,12,abs_degradation_spearman,0.09475794864331312,6.0
CS2_37,HF7,12,abs_degradation_spearman,-0.2694982477355141,2.0
CS2_37,HF8,12,abs_degradation_spearman,0.21869510007265114,4.0
CS2_37,HF1,16,abs_degradation_spearman,-0.32187459141735814,1.0
CS2_37,HF2,16,abs_degradation_spearman,0.25424353199884037,5.0
CS2_37,HF3,16,abs_degradation_spearman,-0.30270339162036,3.0
CS2_37,HF4,16,abs_degradation_spearman,-0.027976374896117345,8.0
CS2_37,HF5,16,abs_degradation_spearman,0.035419385233353265,7.0
CS2_37,HF6,16,abs_degradation_spearman,0.0955470046124636,6.0
CS2_37,HF7,16,abs_degradation_spearman,-0.32082189784676746,2.0
CS2_37,HF8,16,abs_degradation_spearman,0.2735372249136712,4.0
CS2_37,HF1,24,abs_degradation_spearman,-0.40622240275419497,1.0
CS2_37,HF2,24,abs_degradation_spearman,0.3185175383705679,5.0
CS2_37,HF3,24,abs_degradation_spearman,-0.37186956697186246,3.0
CS2_37,HF4,24,abs_degradation_spearman,-0.06744166245523062,6.0
CS2_37,HF5,24,abs_degradation_spearman,0.007654971691825421,8.0
CS2_37,HF6,24,abs_degradation_spearman,0.0652408496807836,7.0
CS2_37,HF7,24,abs_degradation_spearman,-0.4048793821791238,2.0
CS2_37,HF8,24,abs_degradation_spearman,0.34085712662307005,4.0
CS2_37,HF1,32,abs_degradation_spearman,-0.46134240178584385,1.0
CS2_37,HF2,32,abs_degradation_spearman,0.3926638292377734,5.0
CS2_37,HF3,32,abs_degradation_spearman,-0.43424661129591763,3.0
CS2_37,HF4,32,abs_degradation_spearman,-0.10132715167761643,6.0
CS2_37,HF5,32,abs_degradation_spearman,-0.019824969055100235,8.0
CS2_37,HF6,32,abs_degradation_spearman,0.04713515362598481,7.0
CS2_37,HF7,32,abs_degradation_spearman,-0.4601246047007966,2.0
CS2_37,HF8,32,abs_degradation_spearman,0.4153515722902288,4.0
CS2_37,HF1,48,abs_degradation_spearman,-0.6022583752759685,1.0
CS2_37,HF2,48,abs_degradation_spearman,0.5560747524078887,5.0
CS2_37,HF3,48,abs_degradation_spearman,-0.5798913974507025,3.0
CS2_37,HF4,48,abs_degradation_spearman,-0.22233805240060073,6.0
CS2_37,HF5,48,abs_degradation_spearman,-0.14728838919911938,7.0
CS2_37,HF6,48,abs_degradation_spearman,-0.08080692358774888,8.0
CS2_37,HF7,48,abs_degradation_spearman,-0.6013688198526551,2.0
CS2_37,HF8,48,abs_degradation_spearman,0.5734228637389143,4.0
CS2_37,HF1,64,abs_degradation_spearman,-0.6211423779020071,1.0
CS2_37,HF2,64,abs_degradation_spearman,0.5612452717564458,5.0
CS2_37,HF3,64,abs_degradation_spearman,-0.5909099374119188,3.0
CS2_37,HF4,64,abs_degradation_spearman,-0.217526007115051,6.0
CS2_37,HF5,64,abs_degradation_spearman,-0.13775351014040563,7.0
CS2_37,HF6,64,abs_degradation_spearman,-0.04805715675866689,8.0
CS2_37,HF7,64,abs_degradation_spearman,-0.6196754809900064,2.0
CS2_37,HF8,64,abs_degradation_spearman,0.577301628702707,4.0
CS2_38,HF1,1,abs_degradation_spearman,-0.10318245488724746,4.0
CS2_38,HF2,1,abs_degradation_spearman,0.10157805101187956,5.0
CS2_38,HF3,1,abs_degradation_spearman,-0.17922851873917173,1.0
CS2_38,HF4,1,abs_degradation_spearman,-0.018703508862087898,8.0
CS2_38,HF5,1,abs_degradation_spearman,-0.03409248234930303,6.0
CS2_38,HF6,1,abs_degradation_spearman,0.033191367628142086,7.0
CS2_38,HF7,1,abs_degradation_spearman,-0.10340167647806796,3.0
CS2_38,HF8,1,abs_degradation_spearman,0.1104512505889975,2.0
CS2_38,HF1,4,abs_degradation_spearman,-0.08525668728393995,3.0
CS2_38,HF2,4,abs_degradation_spearman,0.07014045681492863,6.0
CS2_38,HF3,4,abs_degradation_spearman,-0.032390648728101566,7.0
CS2_38,HF4,4,abs_degradation_spearman,0.020597140484659934,8.0
CS2_38,HF5,4,abs_degradation_spearman,0.1187867909681958,2.0
CS2_38,HF6,4,abs_degradation_spearman,0.14895023259399826,1.0
CS2_38,HF7,4,abs_degradation_spearman,-0.0842894876199717,4.0
CS2_38,HF8,4,abs_degradation_spearman,0.0806070355476123,5.0
CS2_38,HF1,8,abs_degradation_spearman,-0.22109101774050907,4.0
CS2_38,HF2,8,abs_degradation_spearman,0.2319017586215973,2.0
CS2_38,HF3,8,abs_degradation_spearman,-0.2170755810657648,5.0
CS2_38,HF4,8,abs_degradation_spearman,-0.02623688155922039,7.0
CS2_38,HF5,8,abs_degradation_spearman,0.019809401519336023,8.0
CS2_38,HF6,8,abs_degradation_spearman,0.07549533582594006,6.0
CS2_38,HF7,8,abs_degradation_spearman,-0.2211559599801822,3.0
CS2_38,HF8,8,abs_degradation_spearman,0.24476123202789352,1.0
CS2_38,HF1,12,abs_degradation_spearman,-0.25288083233309067,1.0
CS2_38,HF2,12,abs_degradation_spearman,0.2320993604087997,4.0
CS2_38,HF3,12,abs_degradation_spearman,-0.1983528818695183,5.0
CS2_38,HF4,12,abs_degradation_spearman,-0.014865155076395443,8.0
CS2_38,HF5,12,abs_degradation_spearman,0.09621428049799713,7.0
CS2_38,HF6,12,abs_degradation_spearman,0.17499078318105388,6.0
CS2_38,HF7,12,abs_degradation_spearman,-0.25168791399304097,2.0
CS2_38,HF8,12,abs_degradation_spearman,0.24817746678724864,3.0
CS2_38,HF1,16,abs_degradation_spearman,-0.31432851353770047,1.0
CS2_38,HF2,16,abs_degradation_spearman,0.2916131413417057,4.0
CS2_38,HF3,16,abs_degradation_spearman,-0.2779994100709685,5.0
CS2_38,HF4,16,abs_degradation_spearman,-0.08274449653892038,7.0
CS2_38,HF5,16,abs_degradation_spearman,0.031094600425700107,8.0
CS2_38,HF6,16,abs_degradation_spearman,0.10658639026106287,6.0
CS2_38,HF7,16,abs_degradation_spearman,-0.31296710794357907,2.0
CS2_38,HF8,16,abs_degradation_spearman,0.3090451092430435,3.0
CS2_38,HF1,24,abs_degradation_spearman,-0.36674660416437294,1.0
CS2_38,HF2,24,abs_degradation_spearman,0.3290628836297307,4.0
CS2_38,HF3,24,abs_degradation_spearman,-0.3190726404655867,5.0
CS2_38,HF4,24,abs_degradation_spearman,-0.1358504755585048,6.0
CS2_38,HF5,24,abs_degradation_spearman,0.0018885274910164227,8.0
CS2_38,HF6,24,abs_degradation_spearman,0.07458796142791578,7.0
CS2_38,HF7,24,abs_degradation_spearman,-0.3657528584716967,2.0
CS2_38,HF8,24,abs_degradation_spearman,0.3477900902428239,3.0
CS2_38,HF1,32,abs_degradation_spearman,-0.3856834567043279,1.0
CS2_38,HF2,32,abs_degradation_spearman,0.3587687980405847,4.0
CS2_38,HF3,32,abs_degradation_spearman,-0.3381575260205913,5.0
CS2_38,HF4,32,abs_degradation_spearman,-0.19515013724658337,6.0
CS2_38,HF5,32,abs_degradation_spearman,-0.06475166889669702,7.0
CS2_38,HF6,32,abs_degradation_spearman,0.02339140203996112,8.0
CS2_38,HF7,32,abs_degradation_spearman,-0.3846969647931873,2.0
CS2_38,HF8,32,abs_degradation_spearman,0.38307490144690665,3.0
CS2_38,HF1,48,abs_degradation_spearman,-0.4820443516045222,2.0
CS2_38,HF2,48,abs_degradation_spearman,0.44610893691711934,4.0
CS2_38,HF3,48,abs_degradation_spearman,-0.4182132616779075,5.0
CS2_38,HF4,48,abs_degradation_spearman,-0.2666697125617791,6.0
CS2_38,HF5,48,abs_degradation_spearman,-0.12147595374590708,7.0
CS2_38,HF6,48,abs_degradation_spearman,-0.029642310113081122,8.0
CS2_38,HF7,48,abs_degradation_spearman,-0.4821481363605895,1.0
CS2_38,HF8,48,abs_degradation_spearman,0.47944114806389065,3.0
CS2_38,HF1,64,abs_degradation_spearman,-0.5005442717781069,1.0
CS2_38,HF2,64,abs_degradation_spearman,0.4422457524730703,5.0
CS2_38,HF3,64,abs_degradation_spearman,-0.4566137503577111,4.0
CS2_38,HF4,64,abs_degradation_spearman,-0.20909471376163827,6.0
CS2_38,HF5,64,abs_degradation_spearman,-0.05329485386728551,8.0
CS2_38,HF6,64,abs_degradation_spearman,0.05375509158045951,7.0
CS2_38,HF7,64,abs_degradation_spearman,-0.49938613102416185,2.0
CS2_38,HF8,64,abs_degradation_spearman,0.48254380038317896,3.0
CS2_35,HF1,1,abs_partial_correlation,0.4436415238471958,1.0
CS2_35,HF2,1,abs_partial_correlation,0.06967477396086022,4.0
CS2_35,HF3,1,abs_partial_correlation,-0.013941857798187763,8.0
CS2_35,HF4,1,abs_partial_correlation,0.027210732419913522,6.0
CS2_35,HF5,1,abs_partial_correlation,-0.02670229301255544,7.0
CS2_35,HF6,1,abs_partial_correlation,-0.08822115901085738,3.0
CS2_35,HF7,1,abs_partial_correlation,0.43728552552631794,2.0
CS2_35,HF8,1,abs_partial_correlation,0.06188098095198337,5.0
CS2_35,HF1,4,abs_partial_correlation,0.41548465510417976,1.0
CS2_35,HF2,4,abs_partial_correlation,0.09503793641906048,5.0
CS2_35,HF3,4,abs_partial_correlation,0.02220793418047018,7.0
CS2_35,HF4,4,abs_partial_correlation,-0.011313453105297197,8.0
CS2_35,HF5,4,abs_partial_correlation,-0.18797875527368252,3.0
CS2_35,HF6,4,abs_partial_correlation,-0.13881431755114906,4.0
CS2_35,HF7,4,abs_partial_correlation,0.4093748069788584,2.0
CS2_35,HF8,4,abs_partial_correlation,0.08651737530372855,6.0
CS2_35,HF1,8,abs_partial_correlation,0.4177044053557232,1.0
CS2_35,HF2,8,abs_partial_correlation,0.19981128613908133,3.0
CS2_35,HF3,8,abs_partial_correlation,0.002149483794788521,8.0
CS2_35,HF4,8,abs_partial_correlation,0.13506286352124158,5.0
CS2_35,HF5,8,abs_partial_correlation,-0.015129530694630008,7.0
CS2_35,HF6,8,abs_partial_correlation,-0.1204178162692036,6.0
CS2_35,HF7,8,abs_partial_correlation,0.411218475038242,2.0
CS2_35,HF8,8,abs_partial_correlation,0.17998309809925914,4.0
CS2_35,HF1,12,abs_partial_correlation,0.376311727223287,1.0
CS2_35,HF2,12,abs_partial_correlation,0.2072852854133289,4.0
CS2_35,HF3,12,abs_partial_correlation,0.005999355990955886,8.0
CS2_35,HF4,12,abs_partial_correlation,0.056840129210409075,7.0
CS2_35,HF5,12,abs_partial_correlation,-0.22304980327923102,3.0
CS2_35,HF6,12,abs_partial_correlation,-0.20026678280134347,5.0
CS2_35,HF7,12,abs_partial_correlation,0.3688974500771661,2.0
CS2_35,HF8,12,abs_partial_correlation,0.19977326622825942,6.0
CS2_35,HF1,16,abs_partial_correlation,0.38531535003104045,1.0
CS2_35,HF2,16,abs_partial_correlation,0.1950579020123611,3.0
CS2_35,HF3,16,abs_partial_correlation,0.0006309653423461939,8.0
CS2_35,HF4,16,abs_partial_correlation,0.1546950363649196,6.0
CS2_35,HF5,16,abs_partial_correlation,-0.11800768800872526,7.0
CS2_35,HF6,16,abs_partial_correlation,-0.16272208972343405,5.0
CS2_35,HF7,16,abs_partial_correlation,0.37797541227970477,2.0
CS2_35,HF8,16,abs_partial_correlation,0.19003667359476603,4.0
CS2_35,HF1,24,abs_partial_correlation,0.3661742329158711,1.0
CS2_35,HF2,24,abs_partial_correlation,0.24523632716180518,3.0
CS2_35,HF3,24,abs_partial_correlation,0.003900475498763724,8.0
CS2_35,HF4,24,abs_partial_correlation,0.15197295792198282,7.0
CS2_35,HF5,24,abs_partial_correlation,-0.16649636930338246,6.0
CS2_35,HF6,24,abs_partial_correlation,-0.22662467442107273,5.0
CS2_35,HF7,24,abs_partial_correlation,0.35843557073719207,2.0
CS2_35,HF8,24,abs_partial_correlation,0.23748543533727942,4.0
CS2_35,HF1,32,abs_partial_correlation,0.34372744014867274,1.0
CS2_35,HF2,32,abs_partial_correlation,0.18911132207805076,6.0
CS2_35,HF3,32,abs_partial_correlation,0.003506037574501272,8.0
CS2_35,HF4,32,abs_partial_correlation,0.19921806558826818,4.0
CS2_35,HF5,32,abs_partial_correlation,-0.13021714157508346,7.0
CS2_35,HF6,32,abs_partial_correlation,-0.2522895896797027,3.0
CS2_35,HF7,32,abs_partial_correlation,0.334119585441953,2.0
CS2_35,HF8,32,abs_partial_correlation,0.19146092809968485,5.0
CS2_35,HF1,48,abs_partial_correlation,0.35654619040485236,1.0
CS2_35,HF2,48,abs_partial_correlation,0.24326593366981294,5.0
CS2_35,HF3,48,abs_partial_correlation,0.009792699338046574,8.0
CS2_35,HF4,48,abs_partial_correlation,0.2179672827869519,6.0
CS2_35,HF5,48,abs_partial_correlation,-0.20764976262896181,7.0
CS2_35,HF6,48,abs_partial_correlation,-0.30074086005416273,3.0
CS2_35,HF7,48,abs_partial_correlation,0.3471100423074737,2.0
CS2_35,HF8,48,abs_partial_correlation,0.24861584700216732,4.0
CS2_35,HF1,64,abs_partial_correlation,0.3068843153200127,2.0
CS2_35,HF2,64,abs_partial_correlation,0.3021841039922529,3.0
CS2_35,HF3,64,abs_partial_correlation,0.0028822109836593793,8.0
CS2_35,HF4,64,abs_partial_correlation,0.2147126319800619,7.0
CS2_35,HF5,64,abs_partial_correlation,-0.25420922306445143,6.0
CS2_35,HF6,64,abs_partial_correlation,-0.3578565639109842,1.0
CS2_35,HF7,64,abs_partial_correlation,0.29712443221253415,4.0
CS2_35,HF8,64,abs_partial_correlation,0.2859153968573838,5.0
CS2_36,HF1,1,abs_partial_correlation,0.5360216693303141,1.0
CS2_36,HF2,1,abs_partial_correlation,-0.0793630868675603,5.0
CS2_36,HF3,1,abs_partial_correlation,-0.1254298171674442,3.0
CS2_36,HF4,1,abs_partial_correlation,-0.023799494906200397,8.0
CS2_36,HF5,1,abs_partial_correlation,0.02652888919495075,7.0
CS2_36,HF6,1,abs_partial_correlation,0.03468231831883209,6.0
CS2_36,HF7,1,abs_partial_correlation,0.5333115917935594,2.0
CS2_36,HF8,1,abs_partial_correlation,-0.09934266930829841,4.0
CS2_36,HF1,4,abs_partial_correlation,0.5213026224312185,1.0
CS2_36,HF2,4,abs_partial_correlation,-0.0611078125304198,5.0
CS2_36,HF3,4,abs_partial_correlation,-0.11822117982619328,3.0
CS2_36,HF4,4,abs_partial_correlation,0.026507804840303642,8.0
CS2_36,HF5,4,abs_partial_correlation,0.04969156234402338,7.0
CS2_36,HF6,4,abs_partial_correlation,-0.05391132978655217,6.0
CS2_36,HF7,4,abs_partial_correlation,0.518260365119264,2.0
CS2_36,HF8,4,abs_partial_correlation,-0.08212317473601795,4.0
CS2_36,HF1,8,abs_partial_correlation,0.5903272086699828,1.0
CS2_36,HF2,8,abs_partial_correlation,-0.08652366020060383,5.0
CS2_36,HF3,8,abs_partial_correlation,-0.2457355456004801,3.0
CS2_36,HF4,8,abs_partial_correlation,-0.025995376759538703,7.0
CS2_36,HF5,8,abs_partial_correlation,-0.023921083109502653,8.0
CS2_36,HF6,8,abs_partial_correlation,-0.07101581127711579,6.0
CS2_36,HF7,8,abs_partial_correlation,0.5866315757287784,2.0
CS2_36,HF8,8,abs_partial_correlation,-0.10652023115451817,4.0
CS2_36,HF1,12,abs_partial_correlation,0.5307674547862875,1.0
CS2_36,HF2,12,abs_partial_correlation,-0.0834009969702609,6.0
CS2_36,HF3,12,abs_partial_correlation,-0.11936557738404835,3.0
CS2_36,HF4,12,abs_partial_correlation,-0.02944649264472274,8.0
CS2_36,HF5,12,abs_partial_correlation,-0.05975613705231536,7.0
CS2_36,HF6,12,abs_partial_correlation,-0.11452097721304322,4.0
CS2_36,HF7,12,abs_partial_correlation,0.529053216432387,2.0
CS2_36,HF8,12,abs_partial_correlation,-0.09854703863137255,5.0
CS2_36,HF1,16,abs_partial_correlation,0.5326282557354702,1.0
CS2_36,HF2,16,abs_partial_correlation,-0.10200945178164701,5.0
CS2_36,HF3,16,abs_partial_correlation,-0.12292002937933581,3.0
CS2_36,HF4,16,abs_partial_correlation,0.02760257082285109,7.0
CS2_36,HF5,16,abs_partial_correlation,-0.0038383074509696323,8.0
CS2_36,HF6,16,abs_partial_correlation,-0.07910057691632866,6.0
CS2_36,HF7,16,abs_partial_correlation,0.5316544927419619,2.0
CS2_36,HF8,16,abs_partial_correlation,-0.11948332708724893,4.0
CS2_36,HF1,24,abs_partial_correlation,0.5219633767748825,1.0
CS2_36,HF2,24,abs_partial_correlation,-0.10539610724937672,6.0
CS2_36,HF3,24,abs_partial_correlation,-0.12127579878980145,5.0
CS2_36,HF4,24,abs_partial_correlation,0.041756681216986384,8.0
CS2_36,HF5,24,abs_partial_correlation,-0.07586229524153214,7.0
CS2_36,HF6,24,abs_partial_correlation,-0.1403355380437018,3.0
CS2_36,HF7,24,abs_partial_correlation,0.5212386265072131,2.0
CS2_36,HF8,24,abs_partial_correlation,-0.12290987710536214,4.0
CS2_36,HF1,32,abs_partial_correlation,0.5242900257720982,1.0
CS2_36,HF2,32,abs_partial_correlation,-0.11944466937808124,5.0
CS2_36,HF3,32,abs_partial_correlation,-0.1166078428322863,6.0
CS2_36,HF4,32,abs_partial_correlation,0.04795230278027502,8.0
CS2_36,HF5,32,abs_partial_correlation,-0.07233901850091475,7.0
CS2_36,HF6,32,abs_partial_correlation,-0.14826917789636562,3.0
CS2_36,HF7,32,abs_partial_correlation,0.524118736431125,2.0
CS2_36,HF8,32,abs_partial_correlation,-0.13780524323528168,4.0
CS2_36,HF1,48,abs_partial_correlation,0.5325604964055128,2.0
CS2_36,HF2,48,abs_partial_correlation,-0.11947290712977031,5.0
CS2_36,HF3,48,abs_partial_correlation,-0.11862608363050992,6.0
CS2_36,HF4,48,abs_partial_correlation,0.05638544513954596,8.0
CS2_36,HF5,48,abs_partial_correlation,-0.10176750552376794,7.0
CS2_36,HF6,48,abs_partial_correlation,-0.20409507921406847,3.0
CS2_36,HF7,48,abs_partial_correlation,0.5328469681561294,1.0
CS2_36,HF8,48,abs_partial_correlation,-0.14144692686068763,4.0
CS2_36,HF1,64,abs_partial_correlation,0.542174153644325,2.0
CS2_36,HF2,64,abs_partial_correlation,-0.17629337231461611,5.0
CS2_36,HF3,64,abs_partial_correlation,-0.12328766625340243,7.0
CS2_36,HF4,64,abs_partial_correlation,0.07355308974792073,8.0
CS2_36,HF5,64,abs_partial_correlation,-0.15470926549639458,6.0
CS2_36,HF6,64,abs_partial_correlation,-0.19802769765920744,4.0
CS2_36,HF7,64,abs_partial_correlation,0.543752476078669,1.0
CS2_36,HF8,64,abs_partial_correlation,-0.20302175396537495,3.0
CS2_37,HF1,1,abs_partial_correlation,0.5484193410462359,1.0
CS2_37,HF2,1,abs_partial_correlation,-0.04501362437737773,5.0
CS2_37,HF3,1,abs_partial_correlation,-0.08567746752382954,3.0
CS2_37,HF4,1,abs_partial_correlation,-0.01001808981778464,8.0
CS2_37,HF5,1,abs_partial_correlation,0.01767998745118492,7.0
CS2_37,HF6,1,abs_partial_correlation,-0.03090313126699589,6.0
CS2_37,HF7,1,abs_partial_correlation,0.5434855209078298,2.0
CS2_37,HF8,1,abs_partial_correlation,-0.06235259514529924,4.0
CS2_37,HF1,4,abs_partial_correlation,0.5151711182625145,1.0
CS2_37,HF2,4,abs_partial_correlation,-0.06751082926456387,7.0
CS2_37,HF3,4,abs_partial_correlation,-0.10653950193774592,3.0
CS2_37,HF4,4,abs_partial_correlation,0.011510463070815616,8.0
CS2_37,HF5,4,abs_partial_correlation,-0.07442045597579483,5.0
CS2_37,HF6,4,abs_partial_correlation,-0.06984789420125373,6.0
CS2_37,HF7,4,abs_partial_correlation,0.510028440739919,2.0
CS2_37,HF8,4,abs_partial_correlation,-0.08573429843893193,4.0
CS2_37,HF1,8,abs_partial_correlation,0.5430099690002739,1.0
CS2_37,HF2,8,abs_partial_correlation,-0.037208947549563,6.0
CS2_37,HF3,8,abs_partial_correlation,-0.08155393775065167,4.0
CS2_37,HF4,8,abs_partial_correlation,0.029451259842208956,7.0
CS2_37,HF5,8,abs_partial_correlation,-0.0032601056976142733,8.0
CS2_37,HF6,8,abs_partial_correlation,-0.0831116009107611,3.0
CS2_37,HF7,8,abs_partial_correlation,0.5386371711487699,2.0
CS2_37,HF8,8,abs_partial_correlation,-0.05912749626697923,5.0
CS2_37,HF1,12,abs_partial_correlation,0.537932993717756,1.0
CS2_37,HF2,12,abs_partial_correlation,-0.06537353834485866,7.0
CS2_37,HF3,12,abs_partial_correlation,-0.0817182263559559,4.0
CS2_37,HF4,12,abs_partial_correlation,-0.0054412283416811645,8.0
CS2_37,HF5,12,abs_partial_correlation,-0.07970881414209066,6.0
CS2_37,HF6,12,abs_partial_correlation,-0.1207027576379136,3.0
CS2_37,HF7,12,abs_partial_correlation,0.5337464536958331,2.0
CS2_37,HF8,12,abs_partial_correlation,-0.08152466163915073,5.0
CS2_37,HF1,16,abs_partial_correlation,0.5049996097449336,1.0
CS2_37,HF2,16,abs_partial_correlation,-0.09986457782399775,7.0
CS2_37,HF3,16,abs_partial_correlation,-0.09963643226858761,8.0
CS2_37,HF4,16,abs_partial_correlation,0.11189948538344788,6.0
CS2_37,HF5,16,abs_partial_correlation,-0.11726015451235097,5.0
CS2_37,HF6,16,abs_partial_correlation,-0.1890043682333427,3.0
CS2_37,HF7,16,abs_partial_correlation,0.5017350889404962,2.0
CS2_37,HF8,16,abs_partial_correlation,-0.12204137029846542,4.0
CS2_37,HF1,24,abs_partial_correlation,0.5430737874252194,1.0
CS2_37,HF2,24,abs_partial_correlation,-0.08062438384725004,6.0
CS2_37,HF3,24,abs_partial_correlation,-0.09065655665722411,5.0
CS2_37,HF4,24,abs_partial_correlation,0.0524867959806342,8.0
CS2_37,HF5,24,abs_partial_correlation,-0.060142935107388676,7.0
CS2_37,HF6,24,abs_partial_correlation,-0.14127117375980763,3.0
CS2_37,HF7,24,abs_partial_correlation,0.5401051995036769,2.0
CS2_37,HF8,24,abs_partial_correlation,-0.09659420911573222,4.0
CS2_37,HF1,32,abs_partial_correlation,0.5325680886041415,1.0
CS2_37,HF2,32,abs_partial_correlation,-0.08977610396321307,6.0
CS2_37,HF3,32,abs_partial_correlation,-0.0800372256796712,7.0
CS2_37,HF4,32,abs_partial_correlation,0.09068515698766073,5.0
CS2_37,HF5,32,abs_partial_correlation,-0.043502282575738585,8.0
CS2_37,HF6,32,abs_partial_correlation,-0.13002807333112693,3.0
CS2_37,HF7,32,abs_partial_correlation,0.5301982515851309,2.0
CS2_37,HF8,32,abs_partial_correlation,-0.10663167472226558,4.0
CS2_37,HF1,48,abs_partial_correlation,0.5193814780265548,1.0
CS2_37,HF2,48,abs_partial_correlation,-0.03327990356915139,8.0
CS2_37,HF3,48,abs_partial_correlation,-0.07457625908415266,6.0
CS2_37,HF4,48,abs_partial_correlation,0.1355262969600231,4.0
CS2_37,HF5,48,abs_partial_correlation,-0.1280509795730286,5.0
CS2_37,HF6,48,abs_partial_correlation,-0.22936346012179776,3.0
CS2_37,HF7,48,abs_partial_correlation,0.5159114141191358,2.0
CS2_37,HF8,48,abs_partial_correlation,-0.05268053830703979,7.0
CS2_37,HF1,64,abs_partial_correlation,0.5347605446878321,1.0
CS2_37,HF2,64,abs_partial_correlation,-0.026697198025096597,8.0
CS2_37,HF3,64,abs_partial_correlation,-0.08037525373547755,6.0
CS2_37,HF4,64,abs_partial_correlation,0.20765118509136762,5.0
CS2_37,HF5,64,abs_partial_correlation,-0.2102981879896498,4.0
CS2_37,HF6,64,abs_partial_correlation,-0.28813248044815404,3.0
CS2_37,HF7,64,abs_partial_correlation,0.5317039869176865,2.0
CS2_37,HF8,64,abs_partial_correlation,-0.05211818731065848,7.0
CS2_38,HF1,1,abs_partial_correlation,0.6255680454461181,1.0
CS2_38,HF2,1,abs_partial_correlation,-0.11356576993275447,5.0
CS2_38,HF3,1,abs_partial_correlation,-0.1773296317426122,3.0
CS2_38,HF4,1,abs_partial_correlation,0.06205686982743587,6.0
CS2_38,HF5,1,abs_partial_correlation,0.014695864891226804,8.0
CS2_38,HF6,1,abs_partial_correlation,-0.024661133974675165,7.0
CS2_38,HF7,1,abs_partial_correlation,0.6243008114667402,2.0
CS2_38,HF8,1,abs_partial_correlation,-0.14830050784625473,4.0
CS2_38,HF1,4,abs_partial_correlation,0.5844776319446726,1.0
CS2_38,HF2,4,abs_partial_correlation,-0.10782108810635357,6.0
CS2_38,HF3,4,abs_partial_correlation,-0.11030348768251892,5.0
CS2_38,HF4,4,abs_partial_correlation,-0.05871217273867131,8.0
CS2_38,HF5,4,abs_partial_correlation,-0.09502492561963784,7.0
CS2_38,HF6,4,abs_partial_correlation,-0.12651997802657114,4.0
CS2_38,HF7,4,abs_partial_correlation,0.5830807568212016,2.0
CS2_38,HF8,4,abs_partial_correlation,-0.13901272520834432,3.0
CS2_38,HF1,8,abs_partial_correlation,0.5686195976478348,1.0
CS2_38,HF2,8,abs_partial_correlation,-0.08017443684171743,6.0
CS2_38,HF3,8,abs_partial_correlation,-0.1334283351488822,3.0
CS2_38,HF4,8,abs_partial_correlation,0.04419778011614272,8.0
CS2_38,HF5,8,abs_partial_correlation,-0.06662302572987305,7.0
CS2_38,HF6,8,abs_partial_correlation,-0.13082578962105262,4.0
CS2_38,HF7,8,abs_partial_correlation,0.5675904748392581,2.0
CS2_38,HF8,8,abs_partial_correlation,-0.12212065737583869,5.0
CS2_38,HF1,12,abs_partial_correlation,0.5831766804266199,1.0
CS2_38,HF2,12,abs_partial_correlation,-0.11312701626938203,5.0
CS2_38,HF3,12,abs_partial_correlation,-0.10999832325880383,6.0
CS2_38,HF4,12,abs_partial_correlation,-0.05069687907287946,8.0
CS2_38,HF5,12,abs_partial_correlation,-0.10629820743926235,7.0
CS2_38,HF6,12,abs_partial_correlation,-0.1728542278045832,3.0
CS2_38,HF7,12,abs_partial_correlation,0.5816031158913699,2.0
CS2_38,HF8,12,abs_partial_correlation,-0.14009463439212547,4.0
CS2_38,HF1,16,abs_partial_correlation,0.5896828990972738,1.0
CS2_38,HF2,16,abs_partial_correlation,-0.1229486060796222,5.0
CS2_38,HF3,16,abs_partial_correlation,-0.10992739188006313,6.0
CS2_38,HF4,16,abs_partial_correlation,0.05149528383126012,8.0
CS2_38,HF5,16,abs_partial_correlation,-0.07837984284671805,7.0
CS2_38,HF6,16,abs_partial_correlation,-0.13324281931495102,4.0
CS2_38,HF7,16,abs_partial_correlation,0.5882525126343243,2.0
CS2_38,HF8,16,abs_partial_correlation,-0.14977507121617015,3.0
CS2_38,HF1,24,abs_partial_correlation,0.6104797670609695,1.0
CS2_38,HF2,24,abs_partial_correlation,-0.12656461878170774,6.0
CS2_38,HF3,24,abs_partial_correlation,-0.17105649871555073,3.0
CS2_38,HF4,24,abs_partial_correlation,0.08218973056324565,8.0
CS2_38,HF5,24,abs_partial_correlation,-0.09433159806769768,7.0
CS2_38,HF6,24,abs_partial_correlation,-0.13426244632078999,5.0
CS2_38,HF7,24,abs_partial_correlation,0.6083082476635593,2.0
CS2_38,HF8,24,abs_partial_correlation,-0.1596641045859065,4.0
CS2_38,HF1,32,abs_partial_correlation,0.5780200423983517,1.0
CS2_38,HF2,32,abs_partial_correlation,-0.1321809052185841,5.0
CS2_38,HF3,32,abs_partial_correlation,-0.10564665019049115,7.0
CS2_38,HF4,32,abs_partial_correlation,0.05826991613541872,8.0
CS2_38,HF5,32,abs_partial_correlation,-0.11757762100491581,6.0
CS2_38,HF6,32,abs_partial_correlation,-0.18806709325194584,3.0
CS2_38,HF7,32,abs_partial_correlation,0.5762268344408649,2.0
CS2_38,HF8,32,abs_partial_correlation,-0.1637623562721132,4.0
CS2_38,HF1,48,abs_partial_correlation,0.6149287958148232,1.0
CS2_38,HF2,48,abs_partial_correlation,-0.10313166362702267,7.0
CS2_38,HF3,48,abs_partial_correlation,-0.15799137149868048,5.0
CS2_38,HF4,48,abs_partial_correlation,0.004386903147388415,8.0
CS2_38,HF5,48,abs_partial_correlation,-0.20171797793363092,4.0
CS2_38,HF6,48,abs_partial_correlation,-0.20909407690695722,3.0
CS2_38,HF7,48,abs_partial_correlation,0.6125282157390504,2.0
CS2_38,HF8,48,abs_partial_correlation,-0.13806753914265307,6.0
CS2_38,HF1,64,abs_partial_correlation,0.5941041855661202,1.0
CS2_38,HF2,64,abs_partial_correlation,-0.13633412404019943,6.0
CS2_38,HF3,64,abs_partial_correlation,-0.10316362602305836,7.0
CS2_38,HF4,64,abs_partial_correlation,0.055868611377508495,8.0
CS2_38,HF5,64,abs_partial_correlation,-0.17766564690487827,4.0
CS2_38,HF6,64,abs_partial_correlation,-0.2043960905943119,3.0
CS2_38,HF7,64,abs_partial_correlation,0.5919349127385249,2.0
CS2_38,HF8,64,abs_partial_correlation,-0.1776492671247022,5.0
