battery,feature,horizon,metric,value,rmse_value,mae_without,mae_full,alpha,n_test
CS2_35,SOH,1,MAE_minus_full,0.0004562704868789954,0.0023957030147462796,0.011993901243781236,0.01153763075690224,10.0,881
CS2_35,HF1,1,MAE_minus_full,0.00013767280179986623,-0.0003979759269660335,0.011675303558702107,0.01153763075690224,10.0,881
CS2_35,HF2,1,MAE_minus_full,-0.0002908209759097443,0.000367359462703918,0.011246809780992496,0.01153763075690224,10.0,881
CS2_35,HF3,1,MAE_minus_full,0.0011785141016523396,0.0003717992163787577,0.01271614485855458,0.01153763075690224,100.0,881
CS2_35,HF4,1,MAE_minus_full,3.0486702241443522e-05,-3.230619798906542e-06,0.011568117459143684,0.01153763075690224,10.0,881
CS2_35,HF5,1,MAE_minus_full,4.5424682866680374e-05,-2.751933926396777e-07,0.011583055439768921,0.01153763075690224,10.0,881
CS2_35,HF6,1,MAE_minus_full,2.0337810067215176e-05,5.130929822610292e-06,0.011557968566969456,0.01153763075690224,10.0,881
CS2_35,HF7,1,MAE_minus_full,-2.4712478661781737e-05,-0.0002910835880613992,0.011512918278240459,0.01153763075690224,10.0,881
CS2_35,HF8,1,MAE_minus_full,-0.0004310327503186176,0.0002037180360124763,0.011106598006583623,0.01153763075690224,10.0,881
CS2_36,SOH,1,MAE_minus_full,0.0005823603283605181,0.0010050252225717246,0.014247336207211423,0.013664975878850905,10.0,972
CS2_36,HF1,1,MAE_minus_full,8.6683271017126e-05,-4.713335248392181e-05,0.01375165914986803,0.013664975878850905,10.0,972
CS2_36,HF2,1,MAE_minus_full,0.0014541261374084978,0.00047406358763396605,0.015119102016259402,0.013664975878850905,100.0,972
CS2_36,HF3,1,MAE_minus_full,0.0026304638540263735,0.0033293172650913985,0.016295439732877278,0.013664975878850905,100.0,972
CS2_36,HF4,1,MAE_minus_full,-3.146393260871315e-05,-1.0861137210507743e-05,0.013633511946242191,0.013664975878850905,10.0,972
CS2_36,HF5,1,MAE_minus_full,2.1160908450010632e-05,-2.3035536992135897e-06,0.013686136787300915,0.013664975878850905,10.0,972
CS2_36,HF6,1,MAE_minus_full,-0.00011287716379076475,-3.680626957441868e-05,0.01355209871506014,0.013664975878850905,10.0,972
CS2_36,HF7,1,MAE_minus_full,0.0001347531477287698,1.9141290424629087e-05,0.013799729026579674,0.013664975878850905,10.0,972
CS2_36,HF8,1,MAE_minus_full,0.0012000415882038058,0.0003057398590044433,0.01486501746705471,0.013664975878850905,100.0,972
CS2_37,SOH,1,MAE_minus_full,-0.0007167453140119375,0.00018046938074380015,0.012260786018793407,0.012977531332805345,10.0,1037
CS2_37,HF1,1,MAE_minus_full,-0.0011378102433800483,-0.0006606466302722935,0.011839721089425296,0.012977531332805345,10.0,1037
CS2_37,HF2,1,MAE_minus_full,0.00016744202561743207,0.0002781436668414586,0.013144973358422777,0.012977531332805345,100.0,1037
CS2_37,HF3,1,MAE_minus_full,0.0012020373401531465,0.0026268694912357365,0.014179568672958491,0.012977531332805345,100.0,1037
CS2_37,HF4,1,MAE_minus_full,-2.9779121901225836e-05,-9.390085925778391e-06,0.012947752210904119,0.012977531332805345,100.0,1037
CS2_37,HF5,1,MAE_minus_full,-2.1863780260675952e-05,2.2764220789783796e-06,0.012955667552544669,0.012977531332805345,100.0,1037
CS2_37,HF6,1,MAE_minus_full,-0.00014854412181336887,-7.12720602931427e-07,0.012828987210991976,0.012977531332805345,100.0,1037
CS2_37,HF7,1,MAE_minus_full,-0.0011531778258494687,-0.0005937480861037611,0.011824353506955876,0.012977531332805345,10.0,1037
CS2_37,HF8,1,MAE_minus_full,-1.4442272523052663e-05,1.2561437232501416e-05,0.012963089060282292,0.012977531332805345,100.0,1037
CS2_38,SOH,1,MAE_minus_full,-0.00033089335881642673,-0.00020214183589644524,0.013422321932170907,0.013753215290987334,0.01,1027
CS2_38,HF1,1,MAE_minus_full,-0.001274956110793186,2.4232287383053885e-05,0.012478259180194148,0.013753215290987334,10.0,1027
CS2_38,HF2,1,MAE_minus_full,0.0008163881842858812,0.00019052444666655538,0.014569603475273215,0.013753215290987334,100.0,1027
CS2_38,HF3,1,MAE_minus_full,0.0006860697092628786,0.0009955562985988833,0.014439285000250213,0.013753215290987334,100.0,1027
CS2_38,HF4,1,MAE_minus_full,-1.1747670741659583e-06,-7.082110905706762e-07,0.013752040523913168,0.013753215290987334,100.0,1027
CS2_38,HF5,1,MAE_minus_full,3.277318028555541e-05,1.6486641939358893e-06,0.01378598847127289,0.013753215290987334,100.0,1027
CS2_38,HF6,1,MAE_minus_full,0.0002146276582103302,2.1487381904508607e-05,0.013967842949197664,0.013753215290987334,100.0,1027
CS2_38,HF7,1,MAE_minus_full,-0.0013528972276376765,-1.5703203628890383e-05,0.012400318063349658,0.013753215290987334,10.0,1027
CS2_38,HF8,1,MAE_minus_full,0.00025387281594841694,6.40740329760428e-05,0.014007088106935751,0.013753215290987334,100.0,1027
CS2_35,SOH,4,MAE_minus_full,0.0003757168212437795,0.002381444201677317,0.014422206928943674,0.014046490107699894,10.0,878
CS2_35,HF1,4,MAE_minus_full,9.904434333667979e-05,-0.00039646578118446296,0.014145534451036574,0.014046490107699894,10.0,878
CS2_35,HF2,4,MAE_minus_full,-0.0002606727996667946,0.000171910452387819,0.0137858173080331,0.014046490107699894,10.0,878
CS2_35,HF3,4,MAE_minus_full,0.0010788992668508898,0.0005121582959968715,0.015125389374550784,0.014046490107699894,100.0,878
CS2_35,HF4,4,MAE_minus_full,2.9942032043797986e-05,0.00012822716036078874,0.014076432139743692,0.014046490107699894,10.0,878
CS2_35,HF5,4,MAE_minus_full,-9.912488379233697e-06,2.303294492178587e-05,0.01403657761932066,0.014046490107699894,10.0,878
CS2_35,HF6,4,MAE_minus_full,0.00023483305267470514,3.571100646733438e-05,0.0142813231603746,0.014046490107699894,10.0,878
CS2_35,HF7,4,MAE_minus_full,1.8827119031727957e-05,-0.0002509791190252811,0.014065317226731622,0.014046490107699894,10.0,878
CS2_35,HF8,4,MAE_minus_full,-0.00024106293992476498,8.377182574342834e-05,0.01380542716777513,0.014046490107699894,10.0,878
CS2_36,SOH,4,MAE_minus_full,-0.0005150158642891894,0.0006261664741225303,0.016706883254253884,0.017221899118543074,10.0,969
CS2_36,HF1,4,MAE_minus_full,-0.0008357287750088774,-0.00019258640724601622,0.016386170343534196,0.017221899118543074,10.0,969
CS2_36,HF2,4,MAE_minus_full,0.00016683944150701346,0.0001671568169407181,0.017388738560050087,0.017221899118543074,100.0,969
CS2_36,HF3,4,MAE_minus_full,0.001385772849570581,0.0032424749487815485,0.018607671968113654,0.017221899118543074,100.0,969
CS2_36,HF4,4,MAE_minus_full,6.773673168531877e-05,-4.494693962585339e-05,0.017289635850228392,0.017221899118543074,100.0,969
CS2_36,HF5,4,MAE_minus_full,8.45978083174187e-06,-3.220414649019593e-05,0.017230358899374815,0.017221899118543074,100.0,969
CS2_36,HF6,4,MAE_minus_full,4.492072637623731e-05,0.00010427645508257616,0.01726681984491931,0.017221899118543074,100.0,969
CS2_36,HF7,4,MAE_minus_full,-0.0008620798771841638,-0.00014396468890279235,0.01635981924135891,0.017221899118543074,10.0,969
CS2_36,HF8,4,MAE_minus_full,-4.3081962215273106e-05,3.288683963811878e-05,0.0171788171563278,0.017221899118543074,100.0,969
CS2_37,SOH,4,MAE_minus_full,-0.0005240593280607352,0.0008905209423419533,0.015022190892161358,0.015546250220222093,10.0,1034
CS2_37,HF1,4,MAE_minus_full,-0.0009465629279262235,-0.0004519469849336988,0.01459968729229587,0.015546250220222093,10.0,1034
CS2_37,HF2,4,MAE_minus_full,0.0001679446814789754,0.00020313885547385696,0.01571419490170107,0.015546250220222093,100.0,1034
CS2_37,HF3,4,MAE_minus_full,0.0011358303441012189,0.002437822869351465,0.016682080564323312,0.015546250220222093,100.0,1034
CS2_37,HF4,4,MAE_minus_full,-0.0009360748748523141,-0.00041245615340065184,0.01461017534536978,0.015546250220222093,10.0,1034
CS2_37,HF5,4,MAE_minus_full,-2.7828419790912676e-05,-9.188582808974943e-06,0.01551842180043118,0.015546250220222093,100.0,1034
CS2_37,HF6,4,MAE_minus_full,-0.0012945168383226204,-0.0005349517473954984,0.014251733381899473,0.015546250220222093,10.0,1034
CS2_37,HF7,4,MAE_minus_full,-0.0009572323201313925,-0.000432003809208964,0.014589017900090701,0.015546250220222093,10.0,1034
CS2_37,HF8,4,MAE_minus_full,2.618147371759999e-06,9.390192570610245e-06,0.015548868367593853,0.015546250220222093,100.0,1034
CS2_38,SOH,4,MAE_minus_full,-0.001305592745461992,-0.0010189539489194946,0.014844539509803235,0.016150132255265227,0.1,1024
CS2_38,HF1,4,MAE_minus_full,-0.0008331209956536738,3.418020628723206e-05,0.015317011259611553,0.016150132255265227,10.0,1024
CS2_38,HF2,4,MAE_minus_full,0.0005251251844478576,0.00014187213643322705,0.016675257439713084,0.016150132255265227,100.0,1024
CS2_38,HF3,4,MAE_minus_full,0.0008524207524709046,0.002167356954355687,0.01700255300773613,0.016150132255265227,100.0,1024
CS2_38,HF4,4,MAE_minus_full,9.884023071757633e-05,6.850512913619128e-05,0.016248972485982803,0.016150132255265227,100.0,1024
CS2_38,HF5,4,MAE_minus_full,-2.1169309443042073e-06,-1.1330807849485591e-06,0.016148015324320922,0.016150132255265227,100.0,1024
CS2_38,HF6,4,MAE_minus_full,0.0003177958548741429,8.673965043053816e-05,0.01646792811013937,0.016150132255265227,100.0,1024
CS2_38,HF7,4,MAE_minus_full,-0.0008833246080574876,-1.597017922477101e-05,0.015266807647207739,0.016150132255265227,10.0,1024
CS2_38,HF8,4,MAE_minus_full,0.00014156350087072764,2.576594729185311e-05,0.016291695756135954,0.016150132255265227,100.0,1024
CS2_35,SOH,8,MAE_minus_full,0.0003066186081640103,0.0016345300031124221,0.016498224039331932,0.016191605431167922,0.01,874
CS2_35,HF1,8,MAE_minus_full,-0.0002959149958274565,0.00026243596824337273,0.015895690435340466,0.016191605431167922,1.0,874
CS2_35,HF2,8,MAE_minus_full,-0.0008508345920334396,0.00040891545721731537,0.015340770839134482,0.016191605431167922,10.0,874
CS2_35,HF3,8,MAE_minus_full,0.00037051159511435755,0.0008847283189326108,0.01656211702628228,0.016191605431167922,100.0,874
CS2_35,HF4,8,MAE_minus_full,-0.0001232035413046735,-1.1668993545807527e-06,0.01606840188986325,0.016191605431167922,0.01,874
CS2_35,HF5,8,MAE_minus_full,-6.598958714021039e-05,4.176851174722551e-07,0.01612561584402771,0.016191605431167922,0.01,874
CS2_35,HF6,8,MAE_minus_full,0.00032224588016018657,6.457300669751587e-05,0.01651385131132811,0.016191605431167922,0.01,874
CS2_35,HF7,8,MAE_minus_full,-0.0003626351499516865,0.0004223978015080246,0.015828970281216236,0.016191605431167922,1.0,874
CS2_35,HF8,8,MAE_minus_full,-0.0004287235933650782,6.20409998003113e-05,0.015762881837802844,0.016191605431167922,0.01,874
CS2_36,SOH,8,MAE_minus_full,0.0003583350916741765,0.0008410637049152542,0.0178482212419528,0.017489886150278623,0.1,965
CS2_36,HF1,8,MAE_minus_full,-2.8863116186488014e-05,0.00025591052526489216,0.017461023034092134,0.017489886150278623,10.0,965
CS2_36,HF2,8,MAE_minus_full,0.00020780076032572356,0.0006113573752066226,0.017697686910604346,0.017489886150278623,100.0,965
CS2_36,HF3,8,MAE_minus_full,0.0008733115307052348,0.0016887577091083059,0.018363197680983857,0.017489886150278623,100.0,965
CS2_36,HF4,8,MAE_minus_full,-2.9450400239570962e-05,-9.556170520598484e-06,0.01746043575003905,0.017489886150278623,0.01,965
CS2_36,HF5,8,MAE_minus_full,2.0986174607447172e-06,6.09114754593354e-07,0.017491984767739367,0.017489886150278623,0.01,965
CS2_36,HF6,8,MAE_minus_full,9.851938167506832e-05,0.00038339078127910126,0.01758840553195369,0.017489886150278623,10.0,965
CS2_36,HF7,8,MAE_minus_full,0.00010554556607067153,0.00036361532663202467,0.017595431716349294,0.017489886150278623,10.0,965
CS2_36,HF8,8,MAE_minus_full,-0.00014084414471847786,0.00021476502923108848,0.017349042005560145,0.017489886150278623,0.01,965
CS2_37,SOH,8,MAE_minus_full,-0.00015767553006204062,-0.00019122035777133228,0.015454274256302723,0.015611949786364763,0.1,1030
CS2_37,HF1,8,MAE_minus_full,-0.000576862809533462,-0.0006679042842081956,0.015035086976831301,0.015611949786364763,10.0,1030
CS2_37,HF2,8,MAE_minus_full,0.00020036179996488386,0.00028469090452874074,0.015812311586329647,0.015611949786364763,100.0,1030
CS2_37,HF3,8,MAE_minus_full,0.0010288374363697488,0.00266509026120796,0.016640787222734512,0.015611949786364763,100.0,1030
CS2_37,HF4,8,MAE_minus_full,-9.84125911876986e-06,-1.5137654515828824e-05,0.015602108527245993,0.015611949786364763,100.0,1030
CS2_37,HF5,8,MAE_minus_full,-4.644975930721135e-05,-1.3014508189398977e-06,0.015565500027057552,0.015611949786364763,100.0,1030
CS2_37,HF6,8,MAE_minus_full,-0.0001514354024782453,3.509917202722951e-05,0.015460514383886518,0.015611949786364763,100.0,1030
CS2_37,HF7,8,MAE_minus_full,-0.0005438275173787668,-0.0005708048738678126,0.015068122268985996,0.015611949786364763,10.0,1030
CS2_37,HF8,8,MAE_minus_full,2.5641816558801336e-05,2.182280321861435e-05,0.015637591602923565,0.015611949786364763,100.0,1030
CS2_38,SOH,8,MAE_minus_full,-0.0006987810357358577,-0.0005241330757291204,0.015326259607741349,0.016025040643477206,0.1,1020
CS2_38,HF1,8,MAE_minus_full,-0.0007533979865966094,-0.00030881920803804003,0.015271642656880597,0.016025040643477206,10.0,1020
CS2_38,HF2,8,MAE_minus_full,0.0005972300655127556,0.0002934385330855688,0.016622270708989962,0.016025040643477206,100.0,1020
CS2_38,HF3,8,MAE_minus_full,0.000767157214880243,0.0020409115878723197,0.01679219785835745,0.016025040643477206,100.0,1020
CS2_38,HF4,8,MAE_minus_full,4.415359868591498e-05,2.630809689977559e-05,0.01606919424216312,0.016025040643477206,100.0,1020
CS2_38,HF5,8,MAE_minus_full,3.208998667559443e-06,-3.4904322070011817e-06,0.016028249642144766,0.016025040643477206,100.0,1020
CS2_38,HF6,8,MAE_minus_full,0.0004899005785388398,4.499618783621734e-05,0.016514941222016046,0.016025040643477206,100.0,1020
CS2_38,HF7,8,MAE_minus_full,-0.0007835698387287197,-0.0002938954755858439,0.015241470804748487,0.016025040643477206,10.0,1020
CS2_38,HF8,8,MAE_minus_full,0.00016243819572870147,7.118739514280076e-05,0.016187478839205908,0.016025040643477206,100.0,1020
CS2_35,SOH,12,MAE_minus_full,0.0003383600559964811,0.0020480986475209934,0.018209953008858797,0.017871592952862315,10.0,870
CS2_35,HF1,12,MAE_minus_full,3.9616371193217786e-05,0.00014439011253327555,0.017911209324055533,0.017871592952862315,1.0,870
CS2_35,HF2,12,MAE_minus_full,-0.00018065012565425878,7.286854786218988e-05,0.017690942827208057,0.017871592952862315,10.0,870
CS2_35,HF3,12,MAE_minus_full,0.0010175463430883575,0.00016386809367491262,0.018889139295950673,0.017871592952862315,100.0,870
CS2_35,HF4,12,MAE_minus_full,0.0002638672445898181,0.000320460479543587,0.018135460197452134,0.017871592952862315,10.0,870
CS2_35,HF5,12,MAE_minus_full,1.1922624986702296e-05,9.706207170446374e-05,0.017883515577849018,0.017871592952862315,10.0,870
CS2_35,HF6,12,MAE_minus_full,0.0005999386332995807,0.00012040829980861784,0.018471531586161896,0.017871592952862315,10.0,870
CS2_35,HF7,12,MAE_minus_full,7.209969374762093e-07,0.0003038132885053932,0.01787231394979979,0.017871592952862315,1.0,870
CS2_35,HF8,12,MAE_minus_full,-9.196771212811525e-05,1.9717077859041088e-05,0.0177796252407342,0.017871592952862315,10.0,870
CS2_36,SOH,12,MAE_minus_full,9.836225827449668e-06,9.036366251378297e-05,0.01893399810050139,0.01892416187467394,10.0,961
CS2_36,HF1,12,MAE_minus_full,-0.0002506103072071504,-0.00021941285664280746,0.01867355156746679,0.01892416187467394,10.0,961
CS2_36,HF2,12,MAE_minus_full,-0.0003353910943717023,-0.0001502082770538371,0.018588770780302237,0.01892416187467394,10.0,961
CS2_36,HF3,12,MAE_minus_full,0.0011861528499972317,0.003563530636546068,0.02011031472467117,0.01892416187467394,100.0,961
CS2_36,HF4,12,MAE_minus_full,0.0005372252282673587,0.00014446574303501186,0.019461387102941298,0.01892416187467394,100.0,961
CS2_36,HF5,12,MAE_minus_full,6.199505663099028e-05,3.442258578574553e-06,0.01898615693130493,0.01892416187467394,100.0,961
CS2_36,HF6,12,MAE_minus_full,0.00036152897589564886,6.205886230729873e-05,0.019285690850569588,0.01892416187467394,10.0,961
CS2_36,HF7,12,MAE_minus_full,-0.00013006915161245178,-0.00011500529100297308,0.018794092723061488,0.01892416187467394,10.0,961
CS2_36,HF8,12,MAE_minus_full,-0.0002377079408349518,-0.00021683155391940406,0.018686453933838987,0.01892416187467394,10.0,961
CS2_37,SOH,12,MAE_minus_full,0.00040630614629808687,0.0009611958401849474,0.01779679711840586,0.017390490972107774,10.0,1026
CS2_37,HF1,12,MAE_minus_full,-3.6705717835625734e-05,-2.2609155933196734e-05,0.01735378525427215,0.017390490972107774,10.0,1026
CS2_37,HF2,12,MAE_minus_full,-2.345679776659393e-06,0.0001272529385094312,0.017388145292331115,0.017390490972107774,10.0,1026
CS2_37,HF3,12,MAE_minus_full,0.0013951799760411263,0.0031344737072325005,0.0187856709481489,0.017390490972107774,100.0,1026
CS2_37,HF4,12,MAE_minus_full,0.0003707674180700518,7.987170974202429e-05,0.017761258390177826,0.017390490972107774,10.0,1026
CS2_37,HF5,12,MAE_minus_full,0.00017197231426654275,4.762581793591597e-05,0.017562463286374317,0.017390490972107774,10.0,1026
CS2_37,HF6,12,MAE_minus_full,2.4732417130343687e-06,2.1092280776263683e-05,0.01739296421382081,0.017390490972107774,10.0,1026
CS2_37,HF7,12,MAE_minus_full,-1.4455147576239447e-05,4.969945281107363e-05,0.017376035824531535,0.017390490972107774,10.0,1026
CS2_37,HF8,12,MAE_minus_full,1.2979956666846204e-05,1.8767883194020785e-05,0.01740347092877462,0.017390490972107774,10.0,1026
CS2_38,SOH,12,MAE_minus_full,-0.0003920064167441707,-0.0005044942450430218,0.017558088133367213,0.017950094550111383,0.01,1016
CS2_38,HF1,12,MAE_minus_full,-0.0006567872624490961,-0.00019084705678673597,0.017293307287662287,0.017950094550111383,10.0,1016
CS2_38,HF2,12,MAE_minus_full,0.0003277568258105226,8.273266633091608e-05,0.018277851375921906,0.017950094550111383,100.0,1016
CS2_38,HF3,12,MAE_minus_full,0.0009288328126049843,0.002358895792768649,0.018878927362716368,0.017950094550111383,100.0,1016
CS2_38,HF4,12,MAE_minus_full,0.0003459447849897615,0.00014893698491783708,0.018296039335101145,0.017950094550111383,100.0,1016
CS2_38,HF5,12,MAE_minus_full,3.415329987222285e-05,4.028359589895725e-06,0.017984247849983606,0.017950094550111383,100.0,1016
CS2_38,HF6,12,MAE_minus_full,0.0008281257683744117,0.00021566276182441446,0.018778220318485795,0.017950094550111383,100.0,1016
CS2_38,HF7,12,MAE_minus_full,-0.0006816162432412148,-0.0002289738522458229,0.01726847830687017,0.017950094550111383,10.0,1016
CS2_38,HF8,12,MAE_minus_full,-0.00022460340148976188,-0.00011561128998516246,0.01772549114862162,0.017950094550111383,0.01,1016
CS2_35,SOH,16,MAE_minus_full,0.00035053781781253443,0.0022819593103374433,0.020252824569933332,0.019902286752120798,10.0,866
CS2_35,HF1,16,MAE_minus_full,8.551096443495249e-05,-0.0003527111158461299,0.01998779771655575,0.019902286752120798,10.0,866
CS2_35,HF2,16,MAE_minus_full,-0.00021364628286859796,1.6637897672630575e-05,0.0196886404692522,0.019902286752120798,10.0,866
CS2_35,HF3,16,MAE_minus_full,0.001075982705058466,0.00046898392407941636,0.020978269457179264,0.019902286752120798,100.0,866
CS2_35,HF4,16,MAE_minus_full,9.194914833457121e-05,0.00019499305136549266,0.01999423590045537,0.019902286752120798,10.0,866
CS2_35,HF5,16,MAE_minus_full,-3.5365200142498804e-05,3.492447346740285e-05,0.0198669215519783,0.019902286752120798,10.0,866
CS2_35,HF6,16,MAE_minus_full,0.0007517213670503523,0.00020948631107797072,0.02065400811917115,0.019902286752120798,10.0,866
CS2_35,HF7,16,MAE_minus_full,2.8493651289845934e-05,-0.00021583218551655264,0.019930780403410644,0.019902286752120798,10.0,866
CS2_35,HF8,16,MAE_minus_full,-0.0001688283694501573,-3.255162762866304e-06,0.01973345838267064,0.019902286752120798,10.0,866
CS2_36,SOH,16,MAE_minus_full,9.664370745325265e-05,0.0006273004217534628,0.020846401721063022,0.02074975801360977,10.0,957
CS2_36,HF1,16,MAE_minus_full,3.3172362317590576e-05,-5.598318616371889e-05,0.02078293037592736,0.02074975801360977,10.0,957
CS2_36,HF2,16,MAE_minus_full,-3.1933147041116744e-05,7.877289074061794e-05,0.020717824866568653,0.02074975801360977,100.0,957
CS2_36,HF3,16,MAE_minus_full,0.0010136434581316071,0.0031656395100372395,0.021763401471741377,0.02074975801360977,100.0,957
CS2_36,HF4,16,MAE_minus_full,0.0003554149885335138,8.669154339085994e-05,0.021105173002143283,0.02074975801360977,100.0,957
CS2_36,HF5,16,MAE_minus_full,3.264211809017592e-05,-1.0565812432486443e-05,0.020782400131699946,0.02074975801360977,100.0,957
CS2_36,HF6,16,MAE_minus_full,0.0006428965198615015,0.000326537221510409,0.02139265453347127,0.02074975801360977,100.0,957
CS2_36,HF7,16,MAE_minus_full,0.000129703777948572,4.1575955892637906e-05,0.02087946179155834,0.02074975801360977,10.0,957
CS2_36,HF8,16,MAE_minus_full,-1.9624911950712198e-05,2.547395074895681e-05,0.020730133101659057,0.02074975801360977,100.0,957
CS2_37,SOH,16,MAE_minus_full,0.0003354029052590572,0.0011638471949201243,0.019414366954201175,0.019078964048942118,10.0,1022
CS2_37,HF1,16,MAE_minus_full,-0.00017883864592200746,-0.00037249575027981097,0.01890012540302011,0.019078964048942118,10.0,1022
CS2_37,HF2,16,MAE_minus_full,-0.00011584300877613349,-0.00010694330975127841,0.018963121040165985,0.019078964048942118,10.0,1022
CS2_37,HF3,16,MAE_minus_full,0.0009351451931275089,0.002374445572059236,0.020014109242069627,0.019078964048942118,100.0,1022
CS2_37,HF4,16,MAE_minus_full,0.00013461543591961403,3.850285048090374e-05,0.019213579484861732,0.019078964048942118,100.0,1022
CS2_37,HF5,16,MAE_minus_full,-3.152478386619917e-05,-1.067227679060756e-05,0.01904743926507592,0.019078964048942118,100.0,1022
CS2_37,HF6,16,MAE_minus_full,-0.0001257319196069362,-0.00033142785372236583,0.018953232129335182,0.019078964048942118,10.0,1022
CS2_37,HF7,16,MAE_minus_full,-0.0001294346096292233,-0.0003330720751739402,0.018949529439312895,0.019078964048942118,10.0,1022
CS2_37,HF8,16,MAE_minus_full,-8.455041484036613e-05,-0.0002385555501829284,0.018994413634101752,0.019078964048942118,10.0,1022
CS2_38,SOH,16,MAE_minus_full,-0.0006318283138748645,-0.0007179109923685645,0.01858507388099198,0.019216902194866846,0.01,1012
CS2_38,HF1,16,MAE_minus_full,-0.0008320440672618806,-7.722157990992795e-05,0.018384858127604965,0.019216902194866846,10.0,1012
CS2_38,HF2,16,MAE_minus_full,0.0003827796915951906,0.00010837581668946689,0.019599681886462036,0.019216902194866846,100.0,1012
CS2_38,HF3,16,MAE_minus_full,0.0009861930776003114,0.0023572959491265782,0.020203095272467157,0.019216902194866846,100.0,1012
CS2_38,HF4,16,MAE_minus_full,0.0002640273559182185,0.0001335993015484302,0.019480929550785064,0.019216902194866846,100.0,1012
CS2_38,HF5,16,MAE_minus_full,2.673528021638477e-06,4.838805280765746e-07,0.019219575722888484,0.019216902194866846,100.0,1012
CS2_38,HF6,16,MAE_minus_full,0.0006593940143142588,0.0001656949469299035,0.019876296209181105,0.019216902194866846,100.0,1012
CS2_38,HF7,16,MAE_minus_full,-0.0008892361479562461,-0.00012417258503830825,0.0183276660469106,0.019216902194866846,10.0,1012
CS2_38,HF8,16,MAE_minus_full,0.00011873480343602139,3.5828446852681495e-06,0.019335636998302867,0.019216902194866846,100.0,1012
CS2_35,SOH,24,MAE_minus_full,0.000376682829402869,0.002359403786844849,0.022716485465715464,0.022339802636312595,10.0,858
CS2_35,HF1,24,MAE_minus_full,8.339230702889694e-05,-0.00038116989665090695,0.022423194943341492,0.022339802636312595,10.0,858
CS2_35,HF2,24,MAE_minus_full,-0.00030014203351535346,-2.5822526193756967e-05,0.022039660602797242,0.022339802636312595,10.0,858
CS2_35,HF3,24,MAE_minus_full,0.0008785210995614391,9.519222131448152e-05,0.023218323735874034,0.022339802636312595,100.0,858
CS2_35,HF4,24,MAE_minus_full,0.00032797874585728873,0.0003054835267792752,0.022667781382169884,0.022339802636312595,10.0,858
CS2_35,HF5,24,MAE_minus_full,2.899146066021388e-05,6.850564170531731e-05,0.02236879409697281,0.022339802636312595,10.0,858
CS2_35,HF6,24,MAE_minus_full,0.0008842052077611684,0.0003523327741793286,0.023224007844073764,0.022339802636312595,10.0,858
CS2_35,HF7,24,MAE_minus_full,-8.35168627002364e-06,-0.0002264682463261683,0.02233145095004257,0.022339802636312595,10.0,858
CS2_35,HF8,24,MAE_minus_full,-0.00021730983770610474,-1.835952859893103e-05,0.02212249279860649,0.022339802636312595,10.0,858
CS2_36,SOH,24,MAE_minus_full,0.0004090151601768878,0.0010371277472602317,0.02360244249133181,0.023193427331154922,10.0,949
CS2_36,HF1,24,MAE_minus_full,0.0002308160548854174,2.8180877650191283e-05,0.02342424338604034,0.023193427331154922,10.0,949
CS2_36,HF2,24,MAE_minus_full,-0.0001227016693677932,3.938452336353648e-05,0.02307072566178713,0.023193427331154922,100.0,949
CS2_36,HF3,24,MAE_minus_full,0.0005062073617770856,0.0030648830015103934,0.023699634692932008,0.023193427331154922,100.0,949
CS2_36,HF4,24,MAE_minus_full,0.000489794280141051,0.0002782810072222766,0.023683221611295973,0.023193427331154922,100.0,949
CS2_36,HF5,24,MAE_minus_full,7.609880103063085e-05,3.4822916936752546e-06,0.023269526132185553,0.023193427331154922,100.0,949
CS2_36,HF6,24,MAE_minus_full,0.0005724403903416032,0.0006847555027110416,0.023765867721496525,0.023193427331154922,10.0,949
CS2_36,HF7,24,MAE_minus_full,0.00036227166913483516,0.00014729288367073406,0.023555699000289757,0.023193427331154922,10.0,949
CS2_36,HF8,24,MAE_minus_full,-2.3187104123571778e-05,2.772612666779306e-05,0.02317024022703135,0.023193427331154922,100.0,949
CS2_37,SOH,24,MAE_minus_full,0.0003395293617444173,0.00027778862504169305,0.021860358080695606,0.02152082871895119,10.0,1014
CS2_37,HF1,24,MAE_minus_full,-0.0001240519076440849,-0.0005936672560220568,0.021396776811307104,0.02152082871895119,10.0,1014
CS2_37,HF2,24,MAE_minus_full,-3.593562745041537e-05,0.00010710127608939274,0.021484893091500774,0.02152082871895119,100.0,1014
CS2_37,HF3,24,MAE_minus_full,0.0005649884911708564,0.002541911214866882,0.022085817210122045,0.02152082871895119,100.0,1014
CS2_37,HF4,24,MAE_minus_full,0.00021993639513283314,2.7928333174373488e-05,0.021740765114084022,0.02152082871895119,100.0,1014
CS2_37,HF5,24,MAE_minus_full,5.918109971501939e-05,1.360148444166237e-05,0.02158000981866621,0.02152082871895119,100.0,1014
CS2_37,HF6,24,MAE_minus_full,-0.00012958027385947743,0.00016329326961626173,0.02139124844509171,0.02152082871895119,100.0,1014
CS2_37,HF7,24,MAE_minus_full,-3.6420587725252695e-05,-0.0005024169914148932,0.021484408131225936,0.02152082871895119,10.0,1014
CS2_37,HF8,24,MAE_minus_full,1.2209345296575191e-05,-2.4616978003891288e-06,0.021533038064247764,0.02152082871895119,100.0,1014
CS2_38,SOH,24,MAE_minus_full,-0.0005089768931813531,-0.00021355821312307038,0.0206457116100781,0.021154688503259453,0.01,1004
CS2_38,HF1,24,MAE_minus_full,-0.0008000143140267126,-0.00014076240544368124,0.02035467418923274,0.021154688503259453,10.0,1004
CS2_38,HF2,24,MAE_minus_full,0.00030225981649242145,0.0001165609405389817,0.021456948319751874,0.021154688503259453,100.0,1004
CS2_38,HF3,24,MAE_minus_full,0.0007218848162828632,0.0013759467805540063,0.021876573319542316,0.021154688503259453,100.0,1004
CS2_38,HF4,24,MAE_minus_full,0.00043475781003778774,0.00019023096493502728,0.02158944631329724,0.021154688503259453,100.0,1004
CS2_38,HF5,24,MAE_minus_full,2.1918845650090862e-05,7.105760479408918e-06,0.021176607348909544,0.021154688503259453,100.0,1004
CS2_38,HF6,24,MAE_minus_full,0.0009158964277478573,0.00017488986404805978,0.02207058493100731,0.021154688503259453,100.0,1004
CS2_38,HF7,24,MAE_minus_full,-0.000866384191937946,-0.00020235785277803592,0.020288304311321507,0.021154688503259453,10.0,1004
CS2_38,HF8,24,MAE_minus_full,-0.00018211456560990325,0.0001810635394047938,0.02097257393764955,0.021154688503259453,0.01,1004
CS2_35,SOH,32,MAE_minus_full,0.0003793079026105199,0.0020305253856716735,0.025024267763956977,0.024644959861346457,10.0,850
CS2_35,HF1,32,MAE_minus_full,0.00010185253712407735,-0.0003302175926451628,0.024746812398470534,0.024644959861346457,10.0,850
CS2_35,HF2,32,MAE_minus_full,-0.0003243116285649508,-0.00017280595218595318,0.024320648232781506,0.024644959861346457,10.0,850
CS2_35,HF3,32,MAE_minus_full,0.0009754549687264365,0.00016361647650569439,0.025620414830072893,0.024644959861346457,100.0,850
CS2_35,HF4,32,MAE_minus_full,0.00039211397970851866,0.00039368574767008335,0.025037073841054976,0.024644959861346457,10.0,850
CS2_35,HF5,32,MAE_minus_full,2.8471920716113125e-05,6.101954784053232e-05,0.02467343178206257,0.024644959861346457,10.0,850
CS2_35,HF6,32,MAE_minus_full,0.001016311380370425,0.0005869005505268615,0.025661271241716882,0.024644959861346457,10.0,850
CS2_35,HF7,32,MAE_minus_full,-6.1812767572673455e-06,-0.00021158978433961223,0.02463877858458919,0.024644959861346457,10.0,850
CS2_35,HF8,32,MAE_minus_full,-0.00026329439993898543,-8.548067557102856e-05,0.02438166546140747,0.024644959861346457,10.0,850
CS2_36,SOH,32,MAE_minus_full,0.00028591493355496767,0.0008191862414253515,0.02530235702355061,0.025016442089995643,10.0,941
CS2_36,HF1,32,MAE_minus_full,4.914219546155521e-05,6.985744742409733e-05,0.025065584285457198,0.025016442089995643,10.0,941
CS2_36,HF2,32,MAE_minus_full,-3.808420027683057e-05,0.00020117185085658656,0.024978357889718812,0.025016442089995643,10.0,941
CS2_36,HF3,32,MAE_minus_full,0.0007823965006933421,0.003286464999848304,0.025798838590688985,0.025016442089995643,100.0,941
CS2_36,HF4,32,MAE_minus_full,0.0005019000671827104,0.0004504613793093262,0.025518342157178353,0.025016442089995643,10.0,941
CS2_36,HF5,32,MAE_minus_full,5.3211767110324104e-05,-7.584082646200363e-07,0.025069653857105967,0.025016442089995643,100.0,941
CS2_36,HF6,32,MAE_minus_full,0.0003631503721371644,0.0009437090210193122,0.025379592462132807,0.025016442089995643,10.0,941
CS2_36,HF7,32,MAE_minus_full,0.00013732410366104272,0.00020424513595818095,0.025153766193656685,0.025016442089995643,10.0,941
CS2_36,HF8,32,MAE_minus_full,2.1011458191361188e-05,0.00021639766910870606,0.025037453548187004,0.025016442089995643,10.0,941
CS2_37,SOH,32,MAE_minus_full,0.00030585352944019137,0.00031698197555190405,0.02450283208982835,0.024196978560388157,10.0,1006
CS2_37,HF1,32,MAE_minus_full,-0.00010904783469355486,-0.0005613235215812598,0.024087930725694602,0.024196978560388157,10.0,1006
CS2_37,HF2,32,MAE_minus_full,-1.3903522325255102e-05,-0.00041544976147374346,0.024183075038062902,0.024196978560388157,10.0,1006
CS2_37,HF3,32,MAE_minus_full,0.0006397462557409632,0.002710933486444557,0.02483672481612912,0.024196978560388157,100.0,1006
CS2_37,HF4,32,MAE_minus_full,0.000213297499928794,-3.533246836719822e-05,0.02441027606031695,0.024196978560388157,100.0,1006
CS2_37,HF5,32,MAE_minus_full,7.2114808673875985e-06,1.9993704112250543e-06,0.024204190041255545,0.024196978560388157,100.0,1006
CS2_37,HF6,32,MAE_minus_full,-0.00043945113649633896,-0.0005309376335948177,0.023757527423891818,0.024196978560388157,10.0,1006
CS2_37,HF7,32,MAE_minus_full,-3.290335542113429e-05,-0.0004758602007180965,0.024164075204967023,0.024196978560388157,10.0,1006
CS2_37,HF8,32,MAE_minus_full,-1.956344685931019e-05,-0.0005210419352535967,0.024177415113528847,0.024196978560388157,10.0,1006
CS2_38,SOH,32,MAE_minus_full,-0.000980032367710694,-0.0006963605734690709,0.022514258233189997,0.02349429060090069,0.01,996
CS2_38,HF1,32,MAE_minus_full,-0.000978592790016785,-0.000380098012882156,0.022515697810883906,0.02349429060090069,10.0,996
CS2_38,HF2,32,MAE_minus_full,0.0001954948555328434,0.00010306858449184858,0.023689785456433535,0.02349429060090069,100.0,996
CS2_38,HF3,32,MAE_minus_full,0.0010280576250791401,0.002611020690914158,0.02452234822597983,0.02349429060090069,100.0,996
CS2_38,HF4,32,MAE_minus_full,0.0004418954056895838,0.00024354472170782376,0.023936186006590275,0.02349429060090069,100.0,996
CS2_38,HF5,32,MAE_minus_full,-6.539072541847379e-07,-4.126263212639314e-07,0.023493636693646507,0.02349429060090069,100.0,996
CS2_38,HF6,32,MAE_minus_full,0.0012319037787059742,0.00027559229770747484,0.024726194379606665,0.02349429060090069,100.0,996
CS2_38,HF7,32,MAE_minus_full,-0.0010432664249956716,-0.00044346665758376175,0.02245102417590502,0.02349429060090069,10.0,996
CS2_38,HF8,32,MAE_minus_full,0.00011628123043567334,2.0984552502149867e-05,0.023610571831336365,0.02349429060090069,100.0,996
CS2_35,SOH,48,MAE_minus_full,0.00030712335110159514,0.001978550581386032,0.027359889132723338,0.027052765781621742,10.0,834
CS2_35,HF1,48,MAE_minus_full,0.00012040674621735178,0.0001365001957900555,0.027173172527839094,0.027052765781621742,1.0,834
CS2_35,HF2,48,MAE_minus_full,-0.00032403257105927813,-0.00020399408982384182,0.026728733210562464,0.027052765781621742,10.0,834
CS2_35,HF3,48,MAE_minus_full,0.0009225991842746473,0.000437519552814368,0.02797536496589639,0.027052765781621742,100.0,834
CS2_35,HF4,48,MAE_minus_full,0.0009049072027865826,0.000887889921867363,0.027957672984408325,0.027052765781621742,10.0,834
CS2_35,HF5,48,MAE_minus_full,0.0003046797750791974,0.0002817414065543339,0.02735744555670094,0.027052765781621742,10.0,834
CS2_35,HF6,48,MAE_minus_full,0.001310119134590556,0.0007620686159277301,0.0283628849162123,0.027052765781621742,10.0,834
CS2_35,HF7,48,MAE_minus_full,3.856892521213184e-06,-0.00016045599707883995,0.027056622674142956,0.027052765781621742,10.0,834
CS2_35,HF8,48,MAE_minus_full,-0.00021781544420740664,-4.315216758521423e-05,0.026834950337414336,0.027052765781621742,10.0,834
CS2_36,SOH,48,MAE_minus_full,-0.00026691596633215964,0.0007215084282619424,0.027188752287930912,0.02745566825426307,10.0,925
CS2_36,HF1,48,MAE_minus_full,-0.0001114969879148775,-0.00019897274876177345,0.027344171266348194,0.02745566825426307,10.0,925
CS2_36,HF2,48,MAE_minus_full,-0.0002156790852168161,7.949281778399375e-06,0.027239989169046255,0.02745566825426307,10.0,925
CS2_36,HF3,48,MAE_minus_full,1.1865271129916921e-05,0.0028154676181871147,0.02746753352539299,0.02745566825426307,100.0,925
CS2_36,HF4,48,MAE_minus_full,0.00031989303489583787,0.0007592345126820055,0.02777556128915891,0.02745566825426307,10.0,925
CS2_36,HF5,48,MAE_minus_full,0.0003096107237260566,-6.617278660709519e-05,0.027765278977989128,0.02745566825426307,10.0,925
CS2_36,HF6,48,MAE_minus_full,-0.00010052446134444296,0.0012201279050773894,0.02735514379291863,0.02745566825426307,10.0,925
CS2_36,HF7,48,MAE_minus_full,1.6743466512841865e-05,2.6247632028450485e-05,0.027472411720775913,0.02745566825426307,10.0,925
CS2_36,HF8,48,MAE_minus_full,-8.527425798940044e-05,0.00010769790436879895,0.02737039399627367,0.02745566825426307,10.0,925
CS2_37,SOH,48,MAE_minus_full,0.000558683545781296,0.0012508247573646408,0.026371446589890164,0.02581276304410887,10.0,990
CS2_37,HF1,48,MAE_minus_full,2.6733972968880082e-05,7.560729425377943e-06,0.02583949701707775,0.02581276304410887,10.0,990
CS2_37,HF2,48,MAE_minus_full,0.00015240509204350952,0.0002918881278099472,0.025965168136152378,0.02581276304410887,10.0,990
CS2_37,HF3,48,MAE_minus_full,0.0014108317048067837,0.004003471542720849,0.027223594748915652,0.02581276304410887,100.0,990
CS2_37,HF4,48,MAE_minus_full,0.00042555469686027594,0.00024267689304294238,0.026238317740969144,0.02581276304410887,10.0,990
CS2_37,HF5,48,MAE_minus_full,0.00042348966745719974,0.00019602777404147814,0.026236252711566068,0.02581276304410887,10.0,990
CS2_37,HF6,48,MAE_minus_full,-0.00038345115795719587,5.365886060652858e-05,0.025429311886151672,0.02581276304410887,10.0,990
CS2_37,HF7,48,MAE_minus_full,2.2084115188687053e-05,7.020412228074535e-05,0.025834847159297555,0.02581276304410887,10.0,990
CS2_37,HF8,48,MAE_minus_full,9.074609913743356e-05,0.0001252593553237244,0.025903509143246302,0.02581276304410887,10.0,990
CS2_38,SOH,48,MAE_minus_full,-0.00015876255483674231,-0.0006012380414971638,0.024213971367275256,0.024372733922112,0.01,980
CS2_38,HF1,48,MAE_minus_full,-0.00030032934733469074,2.3461676427624645e-05,0.024072404574777308,0.024372733922112,10.0,980
CS2_38,HF2,48,MAE_minus_full,0.0008635079330871036,0.00035097557741711055,0.025236241855199102,0.024372733922112,0.01,980
CS2_38,HF3,48,MAE_minus_full,0.0023032955219051583,0.0030301224929249262,0.026676029444017157,0.024372733922112,100.0,980
CS2_38,HF4,48,MAE_minus_full,0.000276139541979456,0.0006992303438723702,0.024648873464091454,0.024372733922112,0.01,980
CS2_38,HF5,48,MAE_minus_full,0.001049657266976707,0.0008696582593189783,0.025422391189088706,0.024372733922112,100.0,980
CS2_38,HF6,48,MAE_minus_full,0.0010760868862174748,0.0003616101962564122,0.025448820808329473,0.024372733922112,0.01,980
CS2_38,HF7,48,MAE_minus_full,-0.0004036538616628421,-4.715578907701912e-06,0.023969080060449156,0.024372733922112,10.0,980
CS2_38,HF8,48,MAE_minus_full,0.0003879583357654197,0.00012020368105214452,0.024760692257877418,0.024372733922112,0.01,980
CS2_35,SOH,64,MAE_minus_full,0.0003643596516302444,0.0012132806620579334,0.03068600519721909,0.030321645545588846,0.01,818
CS2_35,HF1,64,MAE_minus_full,-0.00035816417336266906,0.000117284767922686,0.029963481372226177,0.030321645545588846,1.0,818
CS2_35,HF2,64,MAE_minus_full,-0.00026262040251255614,-0.0001681264317988096,0.03005902514307629,0.030321645545588846,0.01,818
CS2_35,HF3,64,MAE_minus_full,0.00015906172548177389,-0.001255988702391353,0.03048070727107062,0.030321645545588846,0.01,818
CS2_35,HF4,64,MAE_minus_full,0.0012086632021155036,0.0014568920973134086,0.03153030874770435,0.030321645545588846,0.01,818
CS2_35,HF5,64,MAE_minus_full,0.0004198794231122585,0.0006016654224982321,0.030741524968701105,0.030321645545588846,0.01,818
CS2_35,HF6,64,MAE_minus_full,0.001244685748126688,0.0014890628418083793,0.031566331293715534,0.030321645545588846,0.1,818
CS2_35,HF7,64,MAE_minus_full,-0.0004647899928443451,0.0001996921170312263,0.0298568555527445,0.030321645545588846,1.0,818
CS2_35,HF8,64,MAE_minus_full,-0.00010153906882565816,-6.211237191362795e-06,0.030220106476763188,0.030321645545588846,0.01,818
CS2_36,SOH,64,MAE_minus_full,-1.340134417512559e-05,0.0009520484110785987,0.0303270376977948,0.030340439041969924,10.0,909
CS2_36,HF1,64,MAE_minus_full,0.00011723754126037253,-5.223187008342178e-05,0.030457676583230297,0.030340439041969924,1.0,909
CS2_36,HF2,64,MAE_minus_full,-2.0832905226052245e-05,6.0147271553762094e-05,0.030319606136743872,0.030340439041969924,10.0,909
CS2_36,HF3,64,MAE_minus_full,-0.0006039212166890941,0.002644559402356403,0.02973651782528083,0.030340439041969924,100.0,909
CS2_36,HF4,64,MAE_minus_full,0.0004278603441743231,0.0010578050957742724,0.030768299386144247,0.030340439041969924,10.0,909
CS2_36,HF5,64,MAE_minus_full,0.0004731637715984366,0.00010830056270118293,0.03081360281356836,0.030340439041969924,10.0,909
CS2_36,HF6,64,MAE_minus_full,8.82009059288702e-07,0.0015563839565024273,0.030341321051029213,0.030340439041969924,10.0,909
CS2_36,HF7,64,MAE_minus_full,-4.198666651328287e-06,-8.183430957056648e-06,0.030336240375318596,0.030340439041969924,10.0,909
CS2_36,HF8,64,MAE_minus_full,1.4356371564491072e-05,0.0001515744096151489,0.030354795413534415,0.030340439041969924,10.0,909
CS2_37,SOH,64,MAE_minus_full,0.0003943621051868858,8.500103807632803e-05,0.027211060922791314,0.02681669881760443,0.1,974
CS2_37,HF1,64,MAE_minus_full,0.00011395040145308413,0.00030474537380964506,0.026930649219057513,0.02681669881760443,10.0,974
CS2_37,HF2,64,MAE_minus_full,0.00013894213631249555,0.00010629943960327459,0.026955640953916924,0.02681669881760443,10.0,974
CS2_37,HF3,64,MAE_minus_full,0.0021321244407239044,0.004837311237637275,0.028948823258328333,0.02681669881760443,100.0,974
CS2_37,HF4,64,MAE_minus_full,0.0005003542101916884,0.0011484103280647237,0.027317053027796117,0.02681669881760443,0.01,974
CS2_37,HF5,64,MAE_minus_full,0.0006091538792429158,0.000648504059926891,0.027425852696847344,0.02681669881760443,10.0,974
CS2_37,HF6,64,MAE_minus_full,-0.00013050378473771287,0.0008958218771392759,0.026686195032866716,0.02681669881760443,10.0,974
CS2_37,HF7,64,MAE_minus_full,0.00012882361732902484,0.00037366049130046347,0.026945522434933453,0.02681669881760443,10.0,974
CS2_37,HF8,64,MAE_minus_full,7.334118023455752e-05,-0.00012414019197021925,0.026890039997838986,0.02681669881760443,0.01,974
CS2_38,SOH,64,MAE_minus_full,0.00022609447244801434,-0.0007505099005966701,0.028353490706921926,0.02812739623447391,0.01,964
CS2_38,HF1,64,MAE_minus_full,-0.00010554549128324875,0.00036822666121277825,0.028021850743190663,0.02812739623447391,10.0,964
CS2_38,HF2,64,MAE_minus_full,0.0004487182968558358,0.0002545809612764724,0.028576114531329747,0.02812739623447391,0.01,964
CS2_38,HF3,64,MAE_minus_full,0.0027711099938656086,0.004735719262127444,0.03089850622833952,0.02812739623447391,0.01,964
CS2_38,HF4,64,MAE_minus_full,-0.000648250102943327,7.841279896772524e-05,0.027479146131530584,0.02812739623447391,0.01,964
CS2_38,HF5,64,MAE_minus_full,-1.4496247171588011e-05,0.00016709332652071335,0.028112899987302323,0.02812739623447391,0.01,964
CS2_38,HF6,64,MAE_minus_full,-0.0005754933405869439,-0.00011706853207926055,0.027551902893886968,0.02812739623447391,0.01,964
CS2_38,HF7,64,MAE_minus_full,-0.00011865843569280193,0.00041732426335729794,0.02800873779878111,0.02812739623447391,10.0,964
CS2_38,HF8,64,MAE_minus_full,0.00024665483654641093,0.00012883127601970995,0.028374051071020322,0.02812739623447391,0.01,964
