battery,state_definition,state,horizon,mae_history,mae_history_plus_HF,absolute_gain,relative_improvement_percent,n_state_samples,reliable
CS2_35,soh_level,Early,1,0.010958826268814219,0.01016551414168277,0.0007933121271314486,7.239024578653965,541,True
CS2_35,soh_level,Middle,1,0.01574992454819801,0.014400818085857697,0.0013491064623403128,8.565796351669936,230,True
CS2_35,soh_level,Late,1,0.023973464670063612,0.0222577398977914,0.0017157247722722133,7.1567660156134645,75,True
CS2_35,degradation_dynamics,Slow,1,0.01549241087088973,0.013986741095490012,0.0015056697753997178,9.718757060780478,266,True
CS2_35,degradation_dynamics,Medium,1,0.008723522408458908,0.00819222744230376,0.0005312949661551488,6.090371999732239,216,True
CS2_35,degradation_dynamics,Fast,1,0.010174861829510386,0.00911070823054992,0.0010641535989604663,10.45865405143957,229,True
CS2_35,cycle_position,Early-life,1,0.012678603354023772,0.012030969699797832,0.0006476336542259407,5.108083565217007,301,True
CS2_35,cycle_position,Mid-life,1,0.01052833809552958,0.009744161432258697,0.0007841766632708837,7.448247350679701,331,True
CS2_35,cycle_position,Late-life,1,0.018899074876255313,0.01764604922625758,0.001253025649997734,6.630089875838463,218,True
CS2_36,soh_level,Early,1,0.015772818596727536,0.01486644502224846,0.0009063735744790757,5.746427430967382,495,True
CS2_36,soh_level,Middle,1,0.019423824550124723,0.01722880046207084,0.002195024088053884,11.300679134479669,261,True
CS2_36,soh_level,Late,1,0.016461205636491363,0.014773818682253333,0.0016873869542380297,10.250688749658856,182,True
CS2_36,degradation_dynamics,Slow,1,0.019498396167288747,0.017181294627122083,0.0023171015401666634,11.883549397021286,247,True
CS2_36,degradation_dynamics,Medium,1,0.010910041536097434,0.009406864888788304,0.00150317664730913,13.777918648023979,234,True
CS2_36,degradation_dynamics,Fast,1,0.019392356946615903,0.01839108877873378,0.0010012681678821245,5.163210282476017,353,True
CS2_36,cycle_position,Early-life,1,0.020870558103914243,0.019900701291538883,0.0009698568123753595,4.647009474046908,301,True
CS2_36,cycle_position,Mid-life,1,0.0130409832015341,0.01203055890756462,0.00101042429396948,7.748068365356202,332,True
CS2_36,cycle_position,Late-life,1,0.017230455259248167,0.01562874086338462,0.0016017143958635474,9.295833289163113,308,True
CS2_37,soh_level,Early,1,0.013731878766576175,0.012270924242757521,0.0014609545238186538,10.639145222973154,560,True
CS2_37,soh_level,Middle,1,0.011908477811296411,0.010518914113062546,0.0013895636982338647,11.668692844317357,283,True
CS2_37,soh_level,Late,1,0.016703355048137834,0.015617232722025786,0.0010861223261120472,6.502420160392466,158,True
CS2_37,degradation_dynamics,Slow,1,0.016276776225862374,0.013660653276405152,0.0026161229494572214,16.072734017811406,233,True
CS2_37,degradation_dynamics,Medium,1,0.00890772316327228,0.007851206831967918,0.0010565163313043628,11.860677660712664,289,True
CS2_37,degradation_dynamics,Fast,1,0.01437007251722623,0.013144920831155864,0.0012251516860703662,8.525716795108075,313,True
CS2_37,cycle_position,Early-life,1,0.01766927093859117,0.01595565094732564,0.001713619991265531,9.698306156610236,301,True
CS2_37,cycle_position,Mid-life,1,0.009309424037643172,0.00796095762015729,0.0013484664174858822,14.484960745512115,331,True
CS2_37,cycle_position,Late-life,1,0.014516752813289362,0.013541706930913139,0.0009750458823762232,6.7166941182853055,374,True
CS2_38,soh_level,Early,1,0.014531829798094833,0.013731500064557445,0.0008003297335373877,5.507425731357749,597,True
CS2_38,soh_level,Middle,1,0.017054925742292695,0.015948418714106988,0.0011065070281857069,6.487902937283379,277,True
CS2_38,soh_level,Late,1,0.013094805458471956,0.011803537219420743,0.0012912682390512128,9.860919607750263,118,True
CS2_38,degradation_dynamics,Slow,1,0.018038003649882988,0.016992232734661793,0.0010457709152211954,5.797597869030143,289,True
CS2_38,degradation_dynamics,Medium,1,0.012386661234529054,0.011349855096096468,0.001036806138432586,8.370343862657561,265,True
CS2_38,degradation_dynamics,Fast,1,0.014208014355650379,0.013404325005332495,0.0008036893503178839,5.6565916263891225,303,True
CS2_38,cycle_position,Early-life,1,0.01817643012755845,0.01768551239897735,0.0004909177285810987,2.7008478845182413,301,True
CS2_38,cycle_position,Mid-life,1,0.011226567218316615,0.01014869360892017,0.0010778736093964448,9.601097008868827,331,True
CS2_38,cycle_position,Late-life,1,0.01595479414205131,0.014683608806804964,0.0012711853352463456,7.967419221636596,364,True
CS2_35,soh_level,Early,4,0.011996340925629338,0.011456420497085921,0.0005399204285434171,4.500709273691239,541,True
CS2_35,soh_level,Middle,4,0.017373630149875547,0.015975970717171682,0.0013976594327038648,8.044717313807194,230,True
CS2_35,soh_level,Late,4,0.028481553962887114,0.026311054246876686,0.0021704997160104274,7.620720831590498,72,True
CS2_35,degradation_dynamics,Slow,4,0.015671459961594462,0.014432332158294536,0.0012391278032999262,7.90690724627199,265,True
CS2_35,degradation_dynamics,Medium,4,0.009053378697781738,0.008768639716387716,0.00028473898139402126,3.1451129009304353,214,True
CS2_35,degradation_dynamics,Fast,4,0.012782043613715021,0.011802227707300696,0.0009798159064143257,7.665565351091369,229,True
CS2_35,cycle_position,Early-life,4,0.014012102516917624,0.013677824242896318,0.000334278274021306,2.3856396541326506,301,True
CS2_35,cycle_position,Mid-life,4,0.0118631429156185,0.011315844469448201,0.0005472984461702985,4.61343549566236,331,True
CS2_35,cycle_position,Late-life,4,0.02095867241362971,0.019268766450778255,0.0016899059628514568,8.063039153913621,215,True
CS2_36,soh_level,Early,4,0.017330174550617,0.01684926604723727,0.0004809085033797289,2.7749778398083547,495,True
CS2_36,soh_level,Middle,4,0.019388282130246688,0.0184616565314243,0.0009266255988223879,4.7793073805997786,261,True
CS2_36,soh_level,Late,4,0.019688212849902766,0.017976973090151078,0.0017112397597516885,8.691696766982787,179,True
CS2_36,degradation_dynamics,Slow,4,0.01883818129063746,0.01765658289055399,0.0011815984000834723,6.272359214797048,244,True
CS2_36,degradation_dynamics,Medium,4,0.014860309637698726,0.01416010881780165,0.0007002008198970754,4.711885801630636,233,True
CS2_36,degradation_dynamics,Fast,4,0.020234918762354576,0.019413690654894775,0.0008212281074598017,4.0584699998283655,354,True
CS2_36,cycle_position,Early-life,4,0.021532441700789565,0.020698296706399475,0.0008341449943900896,3.873898770892772,301,True
CS2_36,cycle_position,Mid-life,4,0.013323959140102879,0.013441235003677433,-0.0001172758635745539,-0.8801878056018143,332,True
CS2_36,cycle_position,Late-life,4,0.020821898107752198,0.01913009496865176,0.0016918031391004382,8.125114868709128,305,True
CS2_37,soh_level,Early,4,0.014779058635204944,0.01443759389705371,0.00034146473815123424,2.3104633832214247,559,True
CS2_37,soh_level,Middle,4,0.013632830203192808,0.013257561407614794,0.0003752687955780147,2.752684438849145,284,True
CS2_37,soh_level,Late,4,0.01887992606436403,0.017786798104147718,0.001093127960216312,5.789895344344581,155,True
CS2_37,degradation_dynamics,Slow,4,0.014968743926801795,0.01463603252012827,0.00033271140667352414,2.2227075852222886,228,True
CS2_37,degradation_dynamics,Medium,4,0.011870532685308799,0.011438864573470788,0.0004316681118380107,3.6364679099216124,289,True
CS2_37,degradation_dynamics,Fast,4,0.01614369681498316,0.015755711203984182,0.0003879856109989775,2.4033256784089465,315,True
CS2_37,cycle_position,Early-life,4,0.018755047044713036,0.018313718732318747,0.00044132831239428877,2.3531175973173433,301,True
CS2_37,cycle_position,Mid-life,4,0.010149044831290904,0.009905332743348302,0.0002437120879426012,2.4013302925926907,331,True
CS2_37,cycle_position,Late-life,4,0.016720170719189364,0.016011823216485345,0.0007083475027040188,4.236484869685357,371,True
CS2_38,soh_level,Early,4,0.015291084467628216,0.014975560481803254,0.00031552398582496144,2.06345067606511,597,True
CS2_38,soh_level,Middle,4,0.0181435006422896,0.017637383078257556,0.0005061175640320437,2.789525428474175,277,True
CS2_38,soh_level,Late,4,0.014483395006032004,0.013576024784665689,0.0009073702213663153,6.264900052704606,115,True
CS2_38,degradation_dynamics,Slow,4,0.01867906450426403,0.018387484137145842,0.00029158036711818616,1.5610009112160015,288,True
CS2_38,degradation_dynamics,Medium,4,0.01358200825495234,0.013174531903855964,0.0004074763510963763,3.000118564556167,265,True
CS2_38,degradation_dynamics,Fast,4,0.015593045458665534,0.01538591001201795,0.00020713544664758415,1.3283835232614718,301,True
CS2_38,cycle_position,Early-life,4,0.019053295086021976,0.019126234812921385,-7.293972689940975e-05,-0.38281948907053015,301,True
CS2_38,cycle_position,Mid-life,4,0.01215605694080662,0.011482635123632793,0.0006734218171738273,5.539804728235685,331,True
CS2_38,cycle_position,Late-life,4,0.017019055611358323,0.016322258237288348,0.0006967973740699754,4.094218797927547,361,True
CS2_35,soh_level,Early,8,0.01300322468960802,0.012228950846909835,0.0007742738426981862,5.954475610322831,541,True
CS2_35,soh_level,Middle,8,0.018871946646113486,0.017357000503231912,0.0015149461428815743,8.027503316376555,230,True
CS2_35,soh_level,Late,8,0.03340330235111219,0.030629576404789347,0.002773725946322844,8.303747686882494,68,True
CS2_35,degradation_dynamics,Slow,8,0.01507850555076572,0.013695686921482127,0.0013828186292835932,9.170793648136904,265,True
CS2_35,degradation_dynamics,Medium,8,0.012227300902697111,0.011369607399233055,0.0008576935034640566,7.014577544868185,213,True
CS2_35,degradation_dynamics,Fast,8,0.014796937263627257,0.014247205204211995,0.0005497320594152616,3.715174631216235,226,True
CS2_35,cycle_position,Early-life,8,0.015286783843820123,0.014957419044512766,0.0003293647993073568,2.154572228353361,301,True
CS2_35,cycle_position,Mid-life,8,0.013103924570071071,0.012223992841098248,0.0008799317289728235,6.715024375083464,331,True
CS2_35,cycle_position,Late-life,8,0.023156788499519684,0.02152167857157483,0.001635109927944852,7.061039262757733,211,True
CS2_36,soh_level,Early,8,0.016631149404480575,0.015901971876694312,0.0007291775277862636,4.384408497886604,495,True
CS2_36,soh_level,Middle,8,0.02405325220191219,0.02231534828791474,0.0017379039139974496,7.225234656040771,261,True
CS2_36,soh_level,Late,8,0.023476377136784847,0.022858585424127803,0.000617791712657044,2.6315462094406112,175,True
CS2_36,degradation_dynamics,Slow,8,0.021158391459250275,0.02019363092761569,0.0009647605316345856,4.559706410067388,246,True
CS2_36,degradation_dynamics,Medium,8,0.01732218703697248,0.01675421588313758,0.0005679711538349001,3.278865149202132,229,True
CS2_36,degradation_dynamics,Fast,8,0.02019344277430486,0.01913944323502628,0.00105399953927858,5.219513834558917,352,True
CS2_36,cycle_position,Early-life,8,0.022076808333201546,0.021176031732835606,0.00090077660036594,4.080193960878178,301,True
CS2_36,cycle_position,Mid-life,8,0.014039075921711015,0.013617612203152238,0.0004214637185587771,3.002075926571463,332,True
CS2_36,cycle_position,Late-life,8,0.024662865192118518,0.02332953432538055,0.0013333308667379667,5.406228580303223,301,True
CS2_37,soh_level,Early,8,0.015267871745428046,0.01454897363467657,0.0007188981107514765,4.7085679179008695,560,True
CS2_37,soh_level,Middle,8,0.015579453314493697,0.014513519769637266,0.0010659335448564306,6.841918797399544,283,True
CS2_37,soh_level,Late,8,0.021823850219293683,0.021032366000727772,0.0007914842185659104,3.626693780486945,151,True
CS2_37,degradation_dynamics,Slow,8,0.01947895572930559,0.018996327159426746,0.00048262856987884434,2.477692216080875,231,True
CS2_37,degradation_dynamics,Medium,8,0.012415835405487963,0.012000126111662285,0.00041570929382567755,3.348218466571557,284,True
CS2_37,degradation_dynamics,Fast,8,0.015183256850977893,0.014723000536122981,0.00046025631485491214,3.0313411633108798,313,True
CS2_37,cycle_position,Early-life,8,0.019324622222538116,0.018540963980143127,0.0007836582423949891,4.055231886918939,301,True
CS2_37,cycle_position,Mid-life,8,0.010923609027916403,0.010182431541249889,0.0007411774866665135,6.7850971668096,331,True
CS2_37,cycle_position,Late-life,8,0.019068681722676672,0.01817392971883473,0.0008947520038419428,4.692259364620337,367,True
CS2_38,soh_level,Early,8,0.0159531653973928,0.01480459900040482,0.0011485663969879809,7.199614423703581,597,True
CS2_38,soh_level,Middle,8,0.01874258869132001,0.017835084608586495,0.0009075040827335144,4.841935645494872,277,True
CS2_38,soh_level,Late,8,0.015448147695224915,0.014412613441436892,0.001035534253788023,6.703290738915649,111,True
CS2_38,degradation_dynamics,Slow,8,0.018225297959648917,0.017181262807108393,0.001044035152540524,5.728494287731446,290,True
CS2_38,degradation_dynamics,Medium,8,0.013345573092947607,0.012479308639945935,0.0008662644530016729,6.491024753814772,265,True
CS2_38,degradation_dynamics,Fast,8,0.018105425390082433,0.017609749093869687,0.0004956762962127458,2.7377224535373865,295,True
CS2_38,cycle_position,Early-life,8,0.019708361264208434,0.018894004334851316,0.0008143569293571178,4.132037760217227,301,True
CS2_38,cycle_position,Mid-life,8,0.012746396795719272,0.011407853423726185,0.0013385433719930867,10.501347113582883,331,True
CS2_38,cycle_position,Late-life,8,0.017808658738696286,0.016725492342395877,0.0010831663963004091,6.082245789497925,357,True
CS2_35,soh_level,Early,12,0.014042102928092019,0.013652373276655314,0.00038972965143670504,2.775436509990458,541,True
CS2_35,soh_level,Middle,12,0.020068743729846725,0.01859948473624821,0.0014692589935985136,7.321130875837513,230,True
CS2_35,soh_level,Late,12,0.03866051866234295,0.03349289509814281,0.005167623564200141,13.36666900238365,64,True
CS2_35,degradation_dynamics,Slow,12,0.01685300461657815,0.015987551902165834,0.0008654527144123167,5.135302185587599,265,True
CS2_35,degradation_dynamics,Medium,12,0.013131606134055522,0.01208720876928306,0.001044397364772463,7.953310159554068,214,True
CS2_35,degradation_dynamics,Fast,12,0.016751357447323586,0.015794186145329275,0.0009571713019943112,5.713992463024191,221,True
CS2_35,cycle_position,Early-life,12,0.016389484058111702,0.016712071147749894,-0.0003225870896381919,-1.9682565265288676,301,True
CS2_35,cycle_position,Mid-life,12,0.014684504775410629,0.0137482330652833,0.0009362717101273291,6.375916140496115,331,True
CS2_35,cycle_position,Late-life,12,0.024517305103287396,0.02199474644832519,0.002522558654962207,10.28889041570874,207,True
CS2_36,soh_level,Early,12,0.018090705373437696,0.01744390811463568,0.0006467972588020156,3.575301490187873,495,True
CS2_36,soh_level,Middle,12,0.02442047952063898,0.02297967899090092,0.0014408005297380615,5.899968215285733,261,True
CS2_36,soh_level,Late,12,0.02624437475940386,0.02458104293736713,0.0016633318220367309,6.337860350209819,171,True
CS2_36,degradation_dynamics,Slow,12,0.014678600731461247,0.0140931704477054,0.0005854302837558483,3.9883248714645636,244,True
CS2_36,degradation_dynamics,Medium,12,0.02273529119146234,0.021497688119043474,0.0012376030724188664,5.443532972577966,224,True
CS2_36,degradation_dynamics,Fast,12,0.024550212332500685,0.023367350648070155,0.00118286168443053,4.818132195396958,355,True
CS2_36,cycle_position,Early-life,12,0.022311818028771326,0.021513400838901946,0.0007984171898693798,3.5784497204119017,301,True
CS2_36,cycle_position,Mid-life,12,0.014661818589534636,0.014192633068536874,0.00046918552099776273,3.2000499674212284,332,True
CS2_36,cycle_position,Late-life,12,0.02855661888457023,0.02659360307618615,0.001963015808384077,6.874118453304491,297,True
CS2_37,soh_level,Early,12,0.015927970330676507,0.01579204594174598,0.00013592438893052575,0.8533691745315591,559,True
CS2_37,soh_level,Middle,12,0.016979729451277254,0.0163829253280885,0.0005968041231887537,3.5148034890736186,284,True
CS2_37,soh_level,Late,12,0.025506455869237773,0.024302887735409402,0.0012035681338283706,4.718680399968628,147,True
CS2_37,degradation_dynamics,Slow,12,0.01445495623474302,0.015635695880214736,-0.001180739645471716,-8.168406920760956,231,True
CS2_37,degradation_dynamics,Medium,12,0.013921671609767488,0.013546812240538976,0.0003748593692285123,2.692631888871088,278,True
CS2_37,degradation_dynamics,Fast,12,0.021119357389380523,0.02041774693456925,0.0007016104548112738,3.3221202798720837,315,True
CS2_37,cycle_position,Early-life,12,0.02019908576052585,0.020371889111368665,-0.00017280335084281576,-0.8555008523233139,301,True
CS2_37,cycle_position,Mid-life,12,0.011337903829408882,0.010955848291988476,0.000382055537420406,3.3697193340925087,331,True
CS2_37,cycle_position,Late-life,12,0.021836251634565353,0.02066937933582848,0.0011668722987368714,5.343739018329452,363,True
CS2_38,soh_level,Early,12,0.016701429287290747,0.015794839985384067,0.0009065893019066795,5.428213875063764,597,True
CS2_38,soh_level,Middle,12,0.021059235108904676,0.020326285310600246,0.0007329497983044296,3.480419846751744,277,True
CS2_38,soh_level,Late,12,0.015461343360352148,0.014969707137815466,0.000491636222536682,3.1797768866410094,107,True
CS2_38,degradation_dynamics,Slow,12,0.019000211041771513,0.018490472938857822,0.0005097381029136906,2.6828023214744485,289,True
CS2_38,degradation_dynamics,Medium,12,0.017165480238414674,0.016448664937880532,0.0007168153005341418,4.175911716876869,264,True
CS2_38,degradation_dynamics,Fast,12,0.017245650078184547,0.01714229173797301,0.00010335834021153734,0.5993299164888186,293,True
CS2_38,cycle_position,Early-life,12,0.020467653344123534,0.01995060591991505,0.000517047424208484,2.526168562244745,301,True
CS2_38,cycle_position,Mid-life,12,0.013992498083579327,0.0129643916748591,0.001028106408720227,7.347554400788125,331,True
CS2_38,cycle_position,Late-life,12,0.01914553356228407,0.018334965953542552,0.0008105676087415171,4.2337164754619465,353,True
CS2_35,soh_level,Early,16,0.014720074609195749,0.014311046952193873,0.0004090276570018758,2.778706411897892,541,True
CS2_35,soh_level,Middle,16,0.020774540270494513,0.020038273409265082,0.0007362668612294308,3.544082572431842,230,True
CS2_35,soh_level,Late,16,0.045352630699695064,0.04043332445304348,0.004919306246651586,10.846793605480226,60,True
CS2_35,degradation_dynamics,Slow,16,0.017661446659211738,0.016724388484124112,0.000937058175087626,5.305670555582045,264,True
CS2_35,degradation_dynamics,Medium,16,0.015323560846888577,0.014490114686234196,0.0008334461606543803,5.4389849003249795,213,True
CS2_35,degradation_dynamics,Fast,16,0.016533131788992326,0.01608183686148326,0.00045129492750906747,2.729639691189889,219,True
CS2_35,cycle_position,Early-life,16,0.016861188649446173,0.01728505035474781,-0.0004238617053016376,-2.5138305140519255,301,True
CS2_35,cycle_position,Mid-life,16,0.01645614934965163,0.01547444440854299,0.0009817049411086406,5.965581134747193,331,True
CS2_35,cycle_position,Late-life,16,0.025212380464937078,0.02352178501414671,0.0016905954507903664,6.705417813052131,203,True
CS2_36,soh_level,Early,16,0.018193948690018346,0.017602322543637937,0.0005916261463804091,3.2517742929823146,495,True
CS2_36,soh_level,Middle,16,0.026253323875573685,0.025064969474852115,0.0011883544007215696,4.526491222039982,261,True
CS2_36,soh_level,Late,16,0.03027285044221671,0.02820072024530456,0.0020721301969121517,6.84484667496815,167,True
CS2_36,degradation_dynamics,Slow,16,0.020914805706481517,0.02026615359095978,0.0006486521155217376,3.101401584240965,243,True
CS2_36,degradation_dynamics,Medium,16,0.01919468889107254,0.01806489181540611,0.0011297970756664298,5.885987952594006,225,True
CS2_36,degradation_dynamics,Fast,16,0.025633322883257145,0.024440152276495722,0.0011931706067614227,4.654763692540085,351,True
CS2_36,cycle_position,Early-life,16,0.02251364041614619,0.021625076092662458,0.0008885643234837308,3.94678207104381,301,True
CS2_36,cycle_position,Mid-life,16,0.015149039418223282,0.014895610708019834,0.0002534287102034481,1.6729028369850985,332,True
CS2_36,cycle_position,Late-life,16,0.03148430850910508,0.02953608167716124,0.001948226831943841,6.187929556656533,293,True
CS2_37,soh_level,Early,16,0.016864272151129706,0.016835713175075966,2.8558976053739277e-05,0.1693460340168085,559,True
CS2_37,soh_level,Middle,16,0.018682431064404034,0.01845284435514512,0.0002295867092589124,1.2288909749885175,284,True
CS2_37,soh_level,Late,16,0.0285733089195689,0.027658705287412346,0.0009146036321565527,3.2009020541900606,143,True
CS2_37,degradation_dynamics,Slow,16,0.014224574085641305,0.01508215672904282,-0.0008575826434015152,-6.028880993120095,231,True
CS2_37,degradation_dynamics,Medium,16,0.015314779655694402,0.015290672418686138,2.410723700826435e-05,0.15741158247288725,278,True
CS2_37,degradation_dynamics,Fast,16,0.023465524613964846,0.023201127191832437,0.00026439742213240844,1.1267483957083992,311,True
CS2_37,cycle_position,Early-life,16,0.021188640885408554,0.021296298012519102,-0.00010765712711054837,-0.508088875038162,301,True
CS2_37,cycle_position,Mid-life,16,0.012207754455074759,0.012123140885046919,8.461357002783991e-05,0.6931133021983915,331,True
CS2_37,cycle_position,Late-life,16,0.023818007541680723,0.02318806430234489,0.0006299432393358333,2.644819211823044,359,True
CS2_38,soh_level,Early,16,0.017126311501283315,0.016046168639330463,0.001080142861952852,6.306920564138486,597,True
CS2_38,soh_level,Middle,16,0.022810184132142048,0.02265140724757811,0.00015877688456393882,0.696078925291115,277,True
CS2_38,soh_level,Late,16,0.015956760524865287,0.016321471874582206,-0.0003647113497169188,-2.2856227562517604,103,True
CS2_38,degradation_dynamics,Slow,16,0.01898787767170147,0.018193659719068066,0.0007942179526334026,4.182763162715458,290,True
CS2_38,degradation_dynamics,Medium,16,0.018229216522769463,0.017624927608126395,0.0006042889146430676,3.3149472654969667,263,True
CS2_38,degradation_dynamics,Fast,16,0.01831663937178767,0.018480850184166724,-0.00016421081237905436,-0.8965116856096496,289,True
CS2_38,cycle_position,Early-life,16,0.02019623916697986,0.019567835936674566,0.0006284032303052918,3.1114863767938985,301,True
CS2_38,cycle_position,Mid-life,16,0.014794506817583599,0.013595663975112814,0.0011988428424707844,8.103297103800266,331,True
CS2_38,cycle_position,Late-life,16,0.020924657415945805,0.020719692512711444,0.00020496490323436076,0.9795376772962868,349,True
CS2_35,soh_level,Early,24,0.016184152181118124,0.015707994018544915,0.0004761581625732092,2.942126082630005,541,True
CS2_35,soh_level,Middle,24,0.021854048772826765,0.021151313935430224,0.000702734837396541,3.215581902930127,230,True
CS2_35,soh_level,Late,24,0.0627997694271465,0.05684173455622539,0.005958034870921114,9.48735150665319,52,True
CS2_35,degradation_dynamics,Slow,24,0.019741387229230002,0.018434313512040227,0.0013070737171897752,6.620982112414379,262,True
CS2_35,degradation_dynamics,Medium,24,0.016501648224482156,0.015747522574180297,0.0007541256503018588,4.57000197824496,213,True
CS2_35,degradation_dynamics,Fast,24,0.019632929135423992,0.019285962926153397,0.00034696620927059454,1.7672666512331985,218,True
CS2_35,cycle_position,Early-life,24,0.017070317963331014,0.01744372174915566,-0.00037340378582464626,-2.187444818700859,301,True
CS2_35,cycle_position,Mid-life,24,0.01975054276386865,0.018781405407247685,0.0009691373566209638,4.906889740741147,331,True
CS2_35,cycle_position,Late-life,24,0.02853170293524464,0.026649247197722502,0.0018824557375221387,6.597768600754562,195,True
CS2_36,soh_level,Early,24,0.01844234449977694,0.01815193512515508,0.00029040937462185973,1.5746879396237945,495,True
CS2_36,soh_level,Middle,24,0.029611770455129114,0.028194522547151237,0.0014172479079778769,4.786096495396791,261,True
CS2_36,soh_level,Late,24,0.034867228824491496,0.03358477073992128,0.001282458084570219,3.6781187602422616,159,True
CS2_36,degradation_dynamics,Slow,24,0.02742542110835314,0.02706503191017115,0.0003603891981819908,1.3140698797592016,244,True
CS2_36,degradation_dynamics,Medium,24,0.0155157847934553,0.014927723925466587,0.0005880608679887118,3.7900813643455615,218,True
CS2_36,degradation_dynamics,Fast,24,0.027647898992606865,0.02668684427399304,0.0009610547186138241,3.476049731195897,349,True
CS2_36,cycle_position,Early-life,24,0.023288178475605145,0.022456528313356403,0.000831650162248742,3.5711258530585077,301,True
CS2_36,cycle_position,Mid-life,24,0.015650929031945204,0.01559900390642493,5.192512552027427e-05,0.331770244528549,332,True
CS2_36,cycle_position,Late-life,24,0.036298963273472595,0.03464930197473438,0.0016496612987382184,4.544651279183492,285,True
CS2_37,soh_level,Early,24,0.01813127254035267,0.01800285934781497,0.00012841319253769842,0.708241477546069,559,True
CS2_37,soh_level,Middle,24,0.02124760149159027,0.02100579380332908,0.00024180768826119123,1.1380469854769157,284,True
CS2_37,soh_level,Late,24,0.030942773900869684,0.03084059135053489,0.00010218255033479437,0.330230737108939,135,True
CS2_37,degradation_dynamics,Slow,24,0.02127112741469613,0.02245099203684321,-0.0011798646221470796,-5.546789312784222,229,True
CS2_37,degradation_dynamics,Medium,24,0.01623069191059272,0.0160382723886924,0.0001924195219003208,1.1855287683376026,277,True
CS2_37,degradation_dynamics,Fast,24,0.022389161947764257,0.022266286566119533,0.00012287538164472422,0.5488163511050682,311,True
CS2_37,cycle_position,Early-life,24,0.022624871302514105,0.022869557100880792,-0.0002446857983666867,-1.0814903435030674,301,True
CS2_37,cycle_position,Mid-life,24,0.01303213340398431,0.01267596251105455,0.0003561708929297608,2.7330206182578576,331,True
CS2_37,cycle_position,Late-life,24,0.026695708938710625,0.02620717988345093,0.0004885290552596941,1.8299909411706732,351,True
CS2_38,soh_level,Early,24,0.017912429305332617,0.01623141773594432,0.0016810115693882965,9.384609651399161,597,True
CS2_38,soh_level,Middle,24,0.028087387614091068,0.02778379034712054,0.0003035972669705282,1.0809024717493396,277,True
CS2_38,soh_level,Late,24,0.014698755665532647,0.016512711438491458,-0.0018139557729588106,-12.34087982843599,95,True
CS2_38,degradation_dynamics,Slow,24,0.016888977095528057,0.015818965339901063,0.0010700117556269942,6.335562832341794,290,True
CS2_38,degradation_dynamics,Medium,24,0.02204152413439153,0.020597283930098742,0.001444240204292787,6.5523608779817994,262,True
CS2_38,degradation_dynamics,Fast,24,0.02290999240505014,0.02338004460109979,-0.0004700521960496508,-2.0517344036571368,287,True
CS2_38,cycle_position,Early-life,24,0.020498607775898424,0.019702218941619002,0.0007963888342794219,3.88508743123418,301,True
CS2_38,cycle_position,Mid-life,24,0.016765625534261634,0.014681917282659692,0.0020837082516019425,12.428455158704045,331,True
CS2_38,cycle_position,Late-life,24,0.024177127139854114,0.024229225960689073,-5.209882083495945e-05,-0.21548805419928738,341,True
CS2_35,soh_level,Early,32,0.01779302088048556,0.01721412499336277,0.0005788958871227878,3.2534997345936354,541,True
CS2_35,soh_level,Middle,32,0.023245406947304623,0.022653776704857444,0.0005916302424471796,2.5451489999222447,229,True
CS2_35,soh_level,Late,32,0.08130378288891439,0.0742159599510587,0.0070878229378556895,8.717703759909677,45,True
CS2_35,degradation_dynamics,Slow,32,0.020298978845653598,0.019273031083309078,0.0010259477623445201,5.054184105247222,261,True
CS2_35,degradation_dynamics,Medium,32,0.019340616202052754,0.018890941335256928,0.0004496748667958267,2.3250286448892954,215,True
CS2_35,degradation_dynamics,Fast,32,0.02421284208986378,0.023540323273716045,0.0006725188161477366,2.777529435213527,217,True
CS2_35,cycle_position,Early-life,32,0.018455283901446747,0.018479167594224195,-2.388369277744884e-05,-0.1294138464896579,301,True
CS2_35,cycle_position,Mid-life,32,0.022275088361887744,0.021577529168624855,0.0006975591932628887,3.131566447369966,331,True
CS2_35,cycle_position,Late-life,32,0.031401028820759,0.029264029978848843,0.0021369988419101572,6.805505813546473,187,True
CS2_36,soh_level,Early,32,0.01916230858033617,0.019039217024677594,0.00012309155565857696,0.6423628715847427,495,True
CS2_36,soh_level,Middle,32,0.032690342840536214,0.031496573817629415,0.0011937690229067988,3.6517482509437564,261,True
CS2_36,soh_level,Late,32,0.036099310197928884,0.0343815071220715,0.0017178030758573867,4.758548200613379,151,True
CS2_36,degradation_dynamics,Slow,32,0.023949764293662603,0.024185757880510157,-0.0002359935868475535,-0.9853691416495496,242,True
CS2_36,degradation_dynamics,Medium,32,0.016238534123089718,0.01603356233581885,0.00020497178727086826,1.2622554826510912,218,True
CS2_36,degradation_dynamics,Fast,32,0.033314438784679545,0.032043543603440486,0.0012708951812390595,3.8148479386166683,343,True
CS2_36,cycle_position,Early-life,32,0.02421398811526351,0.02357821556063068,0.000635772554632829,2.6256416398918767,301,True
CS2_36,cycle_position,Mid-life,32,0.016942519302287875,0.017204118792398,-0.00026159949011012387,-1.5440412694397707,332,True
CS2_36,cycle_position,Late-life,32,0.03865251627208804,0.036673447176573844,0.0019790690955141937,5.1201559080471295,277,True
CS2_37,soh_level,Early,32,0.020253912141450635,0.01988602245594473,0.00036788968550590523,1.8163882756902099,559,True
CS2_37,soh_level,Middle,32,0.023494117992610305,0.024176871387080502,-0.0006827533944701973,-2.9060609752830318,284,True
CS2_37,soh_level,Late,32,0.029908954185484,0.03136587853277716,-0.0014569243472931613,-4.871197896983856,127,True
CS2_37,degradation_dynamics,Slow,32,0.020355148640813926,0.022341027018863202,-0.001985878378049276,-9.756147759429322,231,True
CS2_37,degradation_dynamics,Medium,32,0.017992199124669706,0.018198321465663487,-0.00020612234099378138,-1.145620607939805,276,True
CS2_37,degradation_dynamics,Fast,32,0.027256989132963913,0.02704177912560252,0.00021521000736139315,0.7895589872805269,310,True
CS2_37,cycle_position,Early-life,32,0.025546352503872417,0.025514055264480393,3.229723939202414e-05,0.1264260304367459,301,True
CS2_37,cycle_position,Mid-life,32,0.01402829322398103,0.01384380287554479,0.00018449034843624063,1.315130397480278,331,True
CS2_37,cycle_position,Late-life,32,0.028094046389471425,0.028603486290314423,-0.0005094399008429978,-1.8133375797155245,343,True
CS2_38,soh_level,Early,32,0.020623908213621946,0.01851869508716848,0.0021052131264534674,10.20763428855346,597,True
CS2_38,soh_level,Middle,32,0.0299614074873089,0.030330017112340606,-0.00036860962503170586,-1.23028140513039,277,True
CS2_38,soh_level,Late,32,0.015247065893788074,0.01582984215642361,-0.0005827762626355367,-3.8222190859224274,87,True
CS2_38,degradation_dynamics,Slow,32,0.02294240308760858,0.02194580607170347,0.000996597015905109,4.343908578798273,290,True
CS2_38,degradation_dynamics,Medium,32,0.017780565856489305,0.016113164292112413,0.0016674015643768914,9.37766310608358,263,True
CS2_38,degradation_dynamics,Fast,32,0.025751901181053926,0.026129772932072002,-0.00037787175101807596,-1.4673547726102727,286,True
CS2_38,cycle_position,Early-life,32,0.022546186183858372,0.021591909704358397,0.0009542764794999749,4.232540580114502,301,True
CS2_38,cycle_position,Mid-life,32,0.019183786497086294,0.016527010066874268,0.0026567764302120253,13.849072135032085,331,True
CS2_38,cycle_position,Late-life,32,0.026659135670051338,0.026873091925784524,-0.00021395625573318588,-0.8025626126114158,333,True
CS2_35,soh_level,Early,48,0.019219454836774064,0.01935146219544822,-0.0001320073586741563,-0.6868423677740143,541,True
CS2_35,soh_level,Middle,48,0.029837774071735733,0.027905610695002053,0.0019321633767336796,6.475561387683908,229,True
CS2_35,soh_level,Late,48,0.08827271785549663,0.08520479315011328,0.0030679247053833486,3.475507246084315,29,False
CS2_35,degradation_dynamics,Slow,48,0.02522714537560815,0.025010482542518597,0.00021666283308955508,0.8588479983115489,262,True
CS2_35,degradation_dynamics,Medium,48,0.02116740809428199,0.020557620542023182,0.0006097875522588087,2.880785165301047,214,True
CS2_35,degradation_dynamics,Fast,48,0.02780771775001011,0.027056384023313677,0.0007513337266964321,2.7018892145370645,217,True
CS2_35,cycle_position,Early-life,48,0.019480126248608114,0.01979727953479976,-0.00031715328619164734,-1.628086400180843,301,True
CS2_35,cycle_position,Mid-life,48,0.025076650809479135,0.024485097285013163,0.0005915535244659723,2.358981384556989,331,True
CS2_35,cycle_position,Late-life,48,0.03439030460004551,0.03236439930542901,0.0020259052946164993,5.890919892037881,171,True
CS2_36,soh_level,Early,48,0.020978603037156724,0.020993840817689978,-1.5237780533253892e-05,-0.072634867566087,495,True
CS2_36,soh_level,Middle,48,0.03513974137455988,0.0348647725888603,0.0002749687856995753,0.7825008806087698,261,True
CS2_36,soh_level,Late,48,0.0417956520253222,0.040373992824255946,0.0014216592010662527,3.40145238123078,135,True
CS2_36,degradation_dynamics,Slow,48,0.026647436233468637,0.02732886392421925,-0.0006814276907506148,-2.5571979412216606,243,True
CS2_36,degradation_dynamics,Medium,48,0.02272471827541955,0.02341954169087186,-0.0006948234154523086,-3.057566685893186,217,True
CS2_36,degradation_dynamics,Fast,48,0.03326498758830697,0.03253523660992292,0.0007297509783840486,2.1937509414269694,327,True
CS2_36,cycle_position,Early-life,48,0.0257522309361914,0.025216687565311164,0.0005355433708802357,2.0795999080902905,301,True
CS2_36,cycle_position,Mid-life,48,0.0198864153223759,0.021413682058066697,-0.0015272667356907958,-7.679949910189887,332,True
CS2_36,cycle_position,Late-life,48,0.0420669465837934,0.03999965513466413,0.0020672914491292743,4.914289286510073,261,True
CS2_37,soh_level,Early,48,0.022285471976605985,0.022084167304027336,0.0002013046725786484,0.9033000189090298,559,True
CS2_37,soh_level,Middle,48,0.026307102303887202,0.027107793460952972,-0.0008006911570657693,-3.043631137388542,284,True
CS2_37,soh_level,Late,48,0.024499119619079468,0.0265810361920347,-0.0020819165729552315,-8.497924028804173,111,True
CS2_37,degradation_dynamics,Slow,48,0.028976628013863394,0.03181200456361364,-0.002835376549750246,-9.785046584418678,228,True
CS2_37,degradation_dynamics,Medium,48,0.018910000474795335,0.018932002383751683,-2.200190895634835e-05,-0.11635065258551495,279,True
CS2_37,degradation_dynamics,Fast,48,0.02443790983484978,0.024380764669323162,5.714516552661822e-05,0.23383818793343006,310,True
CS2_37,cycle_position,Early-life,48,0.027837042046559405,0.028495637104753144,-0.0006585950581937394,-2.365894541137643,301,True
CS2_37,cycle_position,Mid-life,48,0.01655526487257736,0.016303886970143226,0.0002513779024341349,1.5184166751117636,331,True
CS2_37,cycle_position,Late-life,48,0.027176933395180347,0.027777342107967447,-0.0006004087127871004,-2.2092585063095416,327,True
CS2_38,soh_level,Early,48,0.022607746541584223,0.020677957584105566,0.0019297889574786571,8.535963343047229,597,True
CS2_38,soh_level,Middle,48,0.030963356975418268,0.03185526792722671,-0.0008919109518084438,-2.880536992537759,277,True
CS2_38,soh_level,Late,48,0.01660262009143949,0.016814922285133267,-0.0002123021936937773,-1.2787270474450168,71,True
CS2_38,degradation_dynamics,Slow,48,0.027608843982397265,0.027321971941465406,0.0002868720409318591,1.0390585028288828,288,True
CS2_38,degradation_dynamics,Medium,48,0.020502126327807926,0.018906168608027355,0.0015959577197805705,7.7843521899282395,264,True
CS2_38,degradation_dynamics,Fast,48,0.023269132762767965,0.023889338724324045,-0.00062020596155608,-2.6653591600476294,287,True
CS2_38,cycle_position,Early-life,48,0.022525338404671857,0.022398981811600206,0.0001263565930716519,0.560953139977888,301,True
CS2_38,cycle_position,Mid-life,48,0.02310692695401632,0.019959922204584188,0.003147004749432133,13.619313185586272,331,True
CS2_38,cycle_position,Late-life,48,0.028171158452050732,0.02878245072171427,-0.0006112922696635374,-2.1699223718612757,317,True
CS2_35,soh_level,Early,64,0.02215957767975736,0.021719201661606825,0.0004403760181505359,1.9872942729987886,540,True
CS2_35,soh_level,Middle,64,0.039150093685849895,0.03669206745463242,0.0024580262312174778,6.278468324855855,230,True
CS2_35,soh_level,Late,64,0.07971325493458437,0.06889858377701323,0.010814671157571135,13.566967208209038,14,False
CS2_35,degradation_dynamics,Slow,64,0.02782309620229319,0.027421341547825637,0.00040175465446755376,1.4439609867518661,263,True
CS2_35,degradation_dynamics,Medium,64,0.026199393938758947,0.02454232068442689,0.0016570732543320574,6.324853384797619,213,True
CS2_35,degradation_dynamics,Fast,64,0.030800048851470144,0.029400159100819417,0.001399889750650727,4.54508938411605,205,True
CS2_35,cycle_position,Early-life,64,0.02291756522491641,0.02271395043193156,0.0002036147929848492,0.8884660782528301,301,True
CS2_35,cycle_position,Mid-life,64,0.02804076320832917,0.027687978812802553,0.00035278439552661675,1.258112672988253,331,True
CS2_35,cycle_position,Late-life,64,0.03858617699608182,0.034912203423114255,0.0036739735729675663,9.521475976592951,155,True
CS2_36,soh_level,Early,64,0.02241831667249161,0.022523035185281568,-0.0001047185127899565,-0.4671113996638799,495,True
CS2_36,soh_level,Middle,64,0.03762403613009994,0.03851702645245217,-0.0008929903223522315,-2.373457008345318,261,True
CS2_36,soh_level,Late,64,0.05195107885003481,0.048673667015109744,0.0032774118349250675,6.3086501906646575,119,True
CS2_36,degradation_dynamics,Slow,64,0.026168609472746063,0.027007104074924678,-0.0008384946021786147,-3.2042000666939727,242,True
CS2_36,degradation_dynamics,Medium,64,0.02905774205620637,0.03012803033094444,-0.0010702882747380682,-3.6833153541930765,217,True
CS2_36,degradation_dynamics,Fast,64,0.03369996776336745,0.03306964289732887,0.0006303248660385827,1.8704019851430203,312,True
CS2_36,cycle_position,Early-life,64,0.02671891347337505,0.025684009189471693,0.0010349042839033588,3.8733022768108576,301,True
CS2_36,cycle_position,Mid-life,64,0.023258294204311917,0.025551371323567863,-0.0022930771192559464,-9.859180123496875,331,True
CS2_36,cycle_position,Late-life,64,0.046882579164816994,0.04490668298181576,0.001975896183001237,4.214563742440277,246,True
CS2_37,soh_level,Early,64,0.024381157880344468,0.022869733171374883,0.0015114247089695852,6.199150657188687,559,True
CS2_37,soh_level,Middle,64,0.026690102036207673,0.02833045542032718,-0.0016403533841195077,-6.145923990452385,284,True
CS2_37,soh_level,Late,64,0.022276807591134148,0.02026463815783709,0.002012169433297059,9.032575359217422,96,True
CS2_37,degradation_dynamics,Slow,64,0.025411625685495678,0.026870192423267766,-0.001458566737772088,-5.739761618653943,229,True
CS2_37,degradation_dynamics,Medium,64,0.021706800753640478,0.021222808117021468,0.00048399263661901004,2.229682034271397,277,True
CS2_37,degradation_dynamics,Fast,64,0.023231278559525864,0.02258494779930874,0.0006463307602171259,2.7821575061442383,298,True
CS2_37,cycle_position,Early-life,64,0.028605469918029168,0.02772700062416456,0.0008784692938646095,3.0709836139099282,301,True
CS2_37,cycle_position,Mid-life,64,0.019593395160774373,0.018778421690055135,0.000814973470719238,4.159429563033569,331,True
CS2_37,cycle_position,Late-life,64,0.02717582249287457,0.027003987748268024,0.00017183474460654574,0.6323074293394445,311,True
CS2_38,soh_level,Early,64,0.02541499086403035,0.023253821390261515,0.002161169473768834,8.503522528617241,598,True
CS2_38,soh_level,Middle,64,0.030970542323087956,0.03249796360533138,-0.001527421282243424,-4.931851907238835,276,True
CS2_38,soh_level,Late,64,0.013463103904225551,0.014242724668479381,-0.0007796207642538303,-5.790795122728996,56,True
CS2_38,degradation_dynamics,Slow,64,0.024907748418894014,0.024037720682030972,0.0008700277368630417,3.4930003396175056,287,True
CS2_38,degradation_dynamics,Medium,64,0.025836064990145555,0.024803003463068636,0.0010330615270769186,3.9985250364982092,265,True
CS2_38,degradation_dynamics,Fast,64,0.02245906794415794,0.023763237803950107,-0.0013041698597921689,-5.806874368227779,274,True
CS2_38,cycle_position,Early-life,64,0.025108077222150683,0.02503205203907784,7.6025183072842e-05,0.3027917366996608,301,True
CS2_38,cycle_position,Mid-life,64,0.02672363943760823,0.02313721792795416,0.0035864215096540718,13.420408242025948,331,True
CS2_38,cycle_position,Late-life,64,0.027179975868665354,0.02843640991422627,-0.0012564340455609169,-4.622645920040741,301,True
