battery,feature,horizon,metric,value,n_effective,support_rule,rank
CS2_35,HF1,1,pearson_partial_controlling_SOH,-0.0201185879417915,551,double_common,7.0
CS2_35,HF2,1,pearson_partial_controlling_SOH,0.08095897865243629,551,double_common,2.0
CS2_35,HF3,1,pearson_partial_controlling_SOH,-0.0028101189795356144,551,double_common,8.0
CS2_35,HF4,1,pearson_partial_controlling_SOH,-0.05063779613441327,551,double_common,4.0
CS2_35,HF5,1,pearson_partial_controlling_SOH,-0.027057270386101364,551,double_common,5.0
CS2_35,HF6,1,pearson_partial_controlling_SOH,-0.0905509585509707,551,double_common,1.0
CS2_35,HF7,1,pearson_partial_controlling_SOH,-0.02296141974879603,551,double_common,6.0
CS2_35,HF8,1,pearson_partial_controlling_SOH,0.06050551375103091,551,double_common,3.0
CS2_35,HF1,4,pearson_partial_controlling_SOH,-0.03137746580242156,551,double_common,7.0
CS2_35,HF2,4,pearson_partial_controlling_SOH,0.0881385685790651,551,double_common,4.0
CS2_35,HF3,4,pearson_partial_controlling_SOH,0.021606096504357658,551,double_common,8.0
CS2_35,HF4,4,pearson_partial_controlling_SOH,-0.09651919527106555,551,double_common,3.0
CS2_35,HF5,4,pearson_partial_controlling_SOH,-0.19013521561861302,551,double_common,1.0
CS2_35,HF6,4,pearson_partial_controlling_SOH,-0.13571795284203314,551,double_common,2.0
CS2_35,HF7,4,pearson_partial_controlling_SOH,-0.0342626179971707,551,double_common,6.0
CS2_35,HF8,4,pearson_partial_controlling_SOH,0.07278065375718223,551,double_common,5.0
CS2_35,HF1,8,pearson_partial_controlling_SOH,-0.043538429058738684,551,double_common,7.0
CS2_35,HF2,8,pearson_partial_controlling_SOH,0.09998159671537575,551,double_common,1.0
CS2_35,HF3,8,pearson_partial_controlling_SOH,0.014375726819618505,551,double_common,8.0
CS2_35,HF4,8,pearson_partial_controlling_SOH,0.07700346623449789,551,double_common,4.0
CS2_35,HF5,8,pearson_partial_controlling_SOH,-0.05641868579034187,551,double_common,5.0
CS2_35,HF6,8,pearson_partial_controlling_SOH,-0.08770887269144957,551,double_common,2.0
CS2_35,HF7,8,pearson_partial_controlling_SOH,-0.04730613269598827,551,double_common,6.0
CS2_35,HF8,8,pearson_partial_controlling_SOH,0.07809734189071638,551,double_common,3.0
CS2_35,HF1,12,pearson_partial_controlling_SOH,-0.048815163694332184,551,double_common,6.0
CS2_35,HF2,12,pearson_partial_controlling_SOH,0.1410603525684031,551,double_common,3.0
CS2_35,HF3,12,pearson_partial_controlling_SOH,0.022731774531200337,551,double_common,7.0
CS2_35,HF4,12,pearson_partial_controlling_SOH,-0.017177631650054932,551,double_common,8.0
CS2_35,HF5,12,pearson_partial_controlling_SOH,-0.23318792578491745,551,double_common,1.0
CS2_35,HF6,12,pearson_partial_controlling_SOH,-0.19037958748431058,551,double_common,2.0
CS2_35,HF7,12,pearson_partial_controlling_SOH,-0.05372819759038673,551,double_common,5.0
CS2_35,HF8,12,pearson_partial_controlling_SOH,0.10862366790400557,551,double_common,4.0
CS2_35,HF1,16,pearson_partial_controlling_SOH,-0.045132697498255464,551,double_common,7.0
CS2_35,HF2,16,pearson_partial_controlling_SOH,0.13475971382547147,551,double_common,2.0
CS2_35,HF3,16,pearson_partial_controlling_SOH,0.007884352442178577,551,double_common,8.0
CS2_35,HF4,16,pearson_partial_controlling_SOH,0.10520703919259844,551,double_common,4.0
CS2_35,HF5,16,pearson_partial_controlling_SOH,-0.1261286804777357,551,double_common,3.0
CS2_35,HF6,16,pearson_partial_controlling_SOH,-0.1464433364430656,551,double_common,1.0
CS2_35,HF7,16,pearson_partial_controlling_SOH,-0.049967562911576544,551,double_common,6.0
CS2_35,HF8,16,pearson_partial_controlling_SOH,0.09909413709947511,551,double_common,5.0
CS2_35,HF1,24,pearson_partial_controlling_SOH,-0.04769225778112572,551,double_common,7.0
CS2_35,HF2,24,pearson_partial_controlling_SOH,0.17398453508706035,551,double_common,3.0
CS2_35,HF3,24,pearson_partial_controlling_SOH,0.007203741180065556,551,double_common,8.0
CS2_35,HF4,24,pearson_partial_controlling_SOH,0.10550711351565113,551,double_common,5.0
CS2_35,HF5,24,pearson_partial_controlling_SOH,-0.18308311902191493,551,double_common,2.0
CS2_35,HF6,24,pearson_partial_controlling_SOH,-0.2096995710196529,551,double_common,1.0
CS2_35,HF7,24,pearson_partial_controlling_SOH,-0.05398830913071551,551,double_common,6.0
CS2_35,HF8,24,pearson_partial_controlling_SOH,0.13158883838483482,551,double_common,4.0
CS2_35,HF1,32,pearson_partial_controlling_SOH,-0.048391640105239844,551,double_common,7.0
CS2_35,HF2,32,pearson_partial_controlling_SOH,0.15908086299622845,551,double_common,2.0
CS2_35,HF3,32,pearson_partial_controlling_SOH,0.01110924221005313,551,double_common,8.0
CS2_35,HF4,32,pearson_partial_controlling_SOH,0.1568699481801242,551,double_common,3.0
CS2_35,HF5,32,pearson_partial_controlling_SOH,-0.14536760753098002,551,double_common,4.0
CS2_35,HF6,32,pearson_partial_controlling_SOH,-0.22867660355216107,551,double_common,1.0
CS2_35,HF7,32,pearson_partial_controlling_SOH,-0.05405578648944442,551,double_common,6.0
CS2_35,HF8,32,pearson_partial_controlling_SOH,0.10439836514116538,551,double_common,5.0
CS2_35,HF1,48,pearson_partial_controlling_SOH,-0.0453804023762826,551,double_common,7.0
CS2_35,HF2,48,pearson_partial_controlling_SOH,0.18882038540617715,551,double_common,3.0
CS2_35,HF3,48,pearson_partial_controlling_SOH,0.01708964577969235,551,double_common,8.0
CS2_35,HF4,48,pearson_partial_controlling_SOH,0.1789091778325736,551,double_common,4.0
CS2_35,HF5,48,pearson_partial_controlling_SOH,-0.21941351018078603,551,double_common,2.0
CS2_35,HF6,48,pearson_partial_controlling_SOH,-0.2798922347148487,551,double_common,1.0
CS2_35,HF7,48,pearson_partial_controlling_SOH,-0.05077387896557942,551,double_common,6.0
CS2_35,HF8,48,pearson_partial_controlling_SOH,0.11842097192292612,551,double_common,5.0
CS2_35,HF1,64,pearson_partial_controlling_SOH,-0.049565383339935286,551,double_common,7.0
CS2_35,HF2,64,pearson_partial_controlling_SOH,0.24539145145408017,551,double_common,3.0
CS2_35,HF3,64,pearson_partial_controlling_SOH,0.0028959025098643666,551,double_common,8.0
CS2_35,HF4,64,pearson_partial_controlling_SOH,0.18176988480316567,551,double_common,4.0
CS2_35,HF5,64,pearson_partial_controlling_SOH,-0.26974724129790906,551,double_common,2.0
CS2_35,HF6,64,pearson_partial_controlling_SOH,-0.3409136050958836,551,double_common,1.0
CS2_35,HF7,64,pearson_partial_controlling_SOH,-0.0577585150722634,551,double_common,6.0
CS2_35,HF8,64,pearson_partial_controlling_SOH,0.16162269526758918,551,double_common,5.0
CS2_36,HF1,1,pearson_partial_controlling_SOH,0.0020795240984993924,587,double_common,7.0
CS2_36,HF2,1,pearson_partial_controlling_SOH,-0.021453882994358752,587,double_common,5.0
CS2_36,HF3,1,pearson_partial_controlling_SOH,0.0007125726241142188,587,double_common,8.0
CS2_36,HF4,1,pearson_partial_controlling_SOH,-0.02269203345610084,587,double_common,4.0
CS2_36,HF5,1,pearson_partial_controlling_SOH,0.02989108039797472,587,double_common,2.0
CS2_36,HF6,1,pearson_partial_controlling_SOH,0.039992742723893755,587,double_common,1.0
CS2_36,HF7,1,pearson_partial_controlling_SOH,0.002318564188645097,587,double_common,6.0
CS2_36,HF8,1,pearson_partial_controlling_SOH,-0.026761911545343492,587,double_common,3.0
CS2_36,HF1,4,pearson_partial_controlling_SOH,-0.021019357827811957,587,double_common,7.0
CS2_36,HF2,4,pearson_partial_controlling_SOH,0.04959615005231906,587,double_common,3.0
CS2_36,HF3,4,pearson_partial_controlling_SOH,0.013112774847389853,587,double_common,8.0
CS2_36,HF4,4,pearson_partial_controlling_SOH,0.027824393304478844,587,double_common,5.0
CS2_36,HF5,4,pearson_partial_controlling_SOH,0.054215696393512945,587,double_common,1.0
CS2_36,HF6,4,pearson_partial_controlling_SOH,-0.0524378476845556,587,double_common,2.0
CS2_36,HF7,4,pearson_partial_controlling_SOH,-0.02250881128778945,587,double_common,6.0
CS2_36,HF8,4,pearson_partial_controlling_SOH,0.03756358182293084,587,double_common,4.0
CS2_36,HF1,8,pearson_partial_controlling_SOH,-0.0035839233331023176,587,double_common,8.0
CS2_36,HF2,8,pearson_partial_controlling_SOH,0.057392723504864976,587,double_common,2.0
CS2_36,HF3,8,pearson_partial_controlling_SOH,-0.004066505282257096,587,double_common,7.0
CS2_36,HF4,8,pearson_partial_controlling_SOH,-0.024850547614445773,587,double_common,4.0
CS2_36,HF5,8,pearson_partial_controlling_SOH,-0.020296261631769303,587,double_common,5.0
CS2_36,HF6,8,pearson_partial_controlling_SOH,-0.0683890112319646,587,double_common,1.0
CS2_36,HF7,8,pearson_partial_controlling_SOH,-0.004671757536643722,587,double_common,6.0
CS2_36,HF8,8,pearson_partial_controlling_SOH,0.048535883988483595,587,double_common,3.0
CS2_36,HF1,12,pearson_partial_controlling_SOH,-0.011735391112890212,587,double_common,7.0
CS2_36,HF2,12,pearson_partial_controlling_SOH,0.06603038506502777,587,double_common,2.0
CS2_36,HF3,12,pearson_partial_controlling_SOH,0.005920079414975974,587,double_common,8.0
CS2_36,HF4,12,pearson_partial_controlling_SOH,-0.02693796652806292,587,double_common,5.0
CS2_36,HF5,12,pearson_partial_controlling_SOH,-0.06000288238230479,587,double_common,3.0
CS2_36,HF6,12,pearson_partial_controlling_SOH,-0.11068646080707997,587,double_common,1.0
CS2_36,HF7,12,pearson_partial_controlling_SOH,-0.01234917550707074,587,double_common,6.0
CS2_36,HF8,12,pearson_partial_controlling_SOH,0.05817891602949943,587,double_common,4.0
CS2_36,HF1,16,pearson_partial_controlling_SOH,-0.0012884790628386103,587,double_common,8.0
CS2_36,HF2,16,pearson_partial_controlling_SOH,0.031148375967458404,587,double_common,3.0
CS2_36,HF3,16,pearson_partial_controlling_SOH,-0.0031484182451343313,587,double_common,5.0
CS2_36,HF4,16,pearson_partial_controlling_SOH,0.03234749649392272,587,double_common,2.0
CS2_36,HF5,16,pearson_partial_controlling_SOH,0.0018232424478128615,587,double_common,7.0
CS2_36,HF6,16,pearson_partial_controlling_SOH,-0.07094411824761386,587,double_common,1.0
CS2_36,HF7,16,pearson_partial_controlling_SOH,-0.0018977719133440904,587,double_common,6.0
CS2_36,HF8,16,pearson_partial_controlling_SOH,0.014742054268978642,587,double_common,4.0
CS2_36,HF1,24,pearson_partial_controlling_SOH,-0.014292482086950699,587,double_common,7.0
CS2_36,HF2,24,pearson_partial_controlling_SOH,0.11421987701271082,587,double_common,2.0
CS2_36,HF3,24,pearson_partial_controlling_SOH,0.0003875903184427169,587,double_common,8.0
CS2_36,HF4,24,pearson_partial_controlling_SOH,0.03911909346824994,587,double_common,5.0
CS2_36,HF5,24,pearson_partial_controlling_SOH,-0.07833102809823031,587,double_common,4.0
CS2_36,HF6,24,pearson_partial_controlling_SOH,-0.13748619447368635,587,double_common,1.0
CS2_36,HF7,24,pearson_partial_controlling_SOH,-0.016773682451405043,587,double_common,6.0
CS2_36,HF8,24,pearson_partial_controlling_SOH,0.09680411166880683,587,double_common,3.0
CS2_36,HF1,32,pearson_partial_controlling_SOH,-0.014042318007229736,587,double_common,7.0
CS2_36,HF2,32,pearson_partial_controlling_SOH,0.09895353092167232,587,double_common,2.0
CS2_36,HF3,32,pearson_partial_controlling_SOH,0.004215890675305484,587,double_common,8.0
CS2_36,HF4,32,pearson_partial_controlling_SOH,0.05007218869219591,587,double_common,5.0
CS2_36,HF5,32,pearson_partial_controlling_SOH,-0.06925932511039594,587,double_common,4.0
CS2_36,HF6,32,pearson_partial_controlling_SOH,-0.14398215194507422,587,double_common,1.0
CS2_36,HF7,32,pearson_partial_controlling_SOH,-0.016980995640126593,587,double_common,6.0
CS2_36,HF8,32,pearson_partial_controlling_SOH,0.07803206370001411,587,double_common,3.0
CS2_36,HF1,48,pearson_partial_controlling_SOH,-0.03291239844958686,587,double_common,7.0
CS2_36,HF2,48,pearson_partial_controlling_SOH,0.1529838976736665,587,double_common,2.0
CS2_36,HF3,48,pearson_partial_controlling_SOH,0.014260503845092596,587,double_common,8.0
CS2_36,HF4,48,pearson_partial_controlling_SOH,0.05489070235453641,587,double_common,5.0
CS2_36,HF5,48,pearson_partial_controlling_SOH,-0.10470596637070194,587,double_common,4.0
CS2_36,HF6,48,pearson_partial_controlling_SOH,-0.20204077291581715,587,double_common,1.0
CS2_36,HF7,48,pearson_partial_controlling_SOH,-0.03643345099737785,587,double_common,6.0
CS2_36,HF8,48,pearson_partial_controlling_SOH,0.14003392282026667,587,double_common,3.0
CS2_36,HF1,64,pearson_partial_controlling_SOH,-0.02226981124035547,587,double_common,7.0
CS2_36,HF2,64,pearson_partial_controlling_SOH,0.1634794604942302,587,double_common,2.0
CS2_36,HF3,64,pearson_partial_controlling_SOH,0.0049597548898995866,587,double_common,8.0
CS2_36,HF4,64,pearson_partial_controlling_SOH,0.08075522634290447,587,double_common,5.0
CS2_36,HF5,64,pearson_partial_controlling_SOH,-0.15131914123953336,587,double_common,4.0
CS2_36,HF6,64,pearson_partial_controlling_SOH,-0.19333143994515117,587,double_common,1.0
CS2_36,HF7,64,pearson_partial_controlling_SOH,-0.025607248938247496,587,double_common,6.0
CS2_36,HF8,64,pearson_partial_controlling_SOH,0.15442136509339704,587,double_common,3.0
CS2_37,HF1,1,pearson_partial_controlling_SOH,-0.00915067536682689,616,double_common,3.0
CS2_37,HF2,1,pearson_partial_controlling_SOH,2.649284639906664e-06,616,double_common,8.0
CS2_37,HF3,1,pearson_partial_controlling_SOH,0.005432253101521508,616,double_common,7.0
CS2_37,HF4,1,pearson_partial_controlling_SOH,-0.00884210582826725,616,double_common,4.0
CS2_37,HF5,1,pearson_partial_controlling_SOH,0.01892548960621238,616,double_common,2.0
CS2_37,HF6,1,pearson_partial_controlling_SOH,-0.028673695882266724,616,double_common,1.0
CS2_37,HF7,1,pearson_partial_controlling_SOH,-0.008618091221904493,616,double_common,5.0
CS2_37,HF8,1,pearson_partial_controlling_SOH,-0.008073217855618087,616,double_common,6.0
CS2_37,HF1,4,pearson_partial_controlling_SOH,0.0011494198291822607,616,double_common,7.0
CS2_37,HF2,4,pearson_partial_controlling_SOH,0.06734450702581521,616,double_common,2.0
CS2_37,HF3,4,pearson_partial_controlling_SOH,0.008686759090188822,616,double_common,6.0
CS2_37,HF4,4,pearson_partial_controlling_SOH,0.016775344539083626,616,double_common,5.0
CS2_37,HF5,4,pearson_partial_controlling_SOH,-0.06854081940365914,616,double_common,1.0
CS2_37,HF6,4,pearson_partial_controlling_SOH,-0.06292514648539739,616,double_common,3.0
CS2_37,HF7,4,pearson_partial_controlling_SOH,-0.0010919376832136346,616,double_common,8.0
CS2_37,HF8,4,pearson_partial_controlling_SOH,0.061699195004283655,616,double_common,4.0
CS2_37,HF1,8,pearson_partial_controlling_SOH,-0.0026308977358944314,616,double_common,8.0
CS2_37,HF2,8,pearson_partial_controlling_SOH,0.06587778654151992,616,double_common,2.0
CS2_37,HF3,8,pearson_partial_controlling_SOH,0.0038966733276507275,616,double_common,6.0
CS2_37,HF4,8,pearson_partial_controlling_SOH,0.02629043270319791,616,double_common,4.0
CS2_37,HF5,8,pearson_partial_controlling_SOH,-0.01045076850450011,616,double_common,5.0
CS2_37,HF6,8,pearson_partial_controlling_SOH,-0.0859321365399457,616,double_common,1.0
CS2_37,HF7,8,pearson_partial_controlling_SOH,-0.003803560009405144,616,double_common,7.0
CS2_37,HF8,8,pearson_partial_controlling_SOH,0.05481447756307801,616,double_common,3.0
CS2_37,HF1,12,pearson_partial_controlling_SOH,0.008202142769594814,616,double_common,5.0
CS2_37,HF2,12,pearson_partial_controlling_SOH,0.07721170304389008,616,double_common,2.0
CS2_37,HF3,12,pearson_partial_controlling_SOH,0.0011797449736124191,616,double_common,8.0
CS2_37,HF4,12,pearson_partial_controlling_SOH,-0.002343011828423531,616,double_common,7.0
CS2_37,HF5,12,pearson_partial_controlling_SOH,-0.0764456189252258,616,double_common,3.0
CS2_37,HF6,12,pearson_partial_controlling_SOH,-0.1161267964173896,616,double_common,1.0
CS2_37,HF7,12,pearson_partial_controlling_SOH,0.006660103502001979,616,double_common,6.0
CS2_37,HF8,12,pearson_partial_controlling_SOH,0.06357591497358792,616,double_common,4.0
CS2_37,HF1,16,pearson_partial_controlling_SOH,0.012798120692471427,616,double_common,6.0
CS2_37,HF2,16,pearson_partial_controlling_SOH,0.1271717139931722,616,double_common,2.0
CS2_37,HF3,16,pearson_partial_controlling_SOH,9.155887174607294e-05,616,double_common,8.0
CS2_37,HF4,16,pearson_partial_controlling_SOH,0.11480402168473265,616,double_common,4.0
CS2_37,HF5,16,pearson_partial_controlling_SOH,-0.12450605772058242,616,double_common,3.0
CS2_37,HF6,16,pearson_partial_controlling_SOH,-0.1893996874699821,616,double_common,1.0
CS2_37,HF7,16,pearson_partial_controlling_SOH,0.010103446992379568,616,double_common,7.0
CS2_37,HF8,16,pearson_partial_controlling_SOH,0.09168955757002711,616,double_common,5.0
CS2_37,HF1,24,pearson_partial_controlling_SOH,0.05209919002722377,616,double_common,6.0
CS2_37,HF2,24,pearson_partial_controlling_SOH,0.08351517409083674,616,double_common,2.0
CS2_37,HF3,24,pearson_partial_controlling_SOH,-0.01710572053911047,616,double_common,8.0
CS2_37,HF4,24,pearson_partial_controlling_SOH,0.06377667124853631,616,double_common,3.0
CS2_37,HF5,24,pearson_partial_controlling_SOH,-0.057831317290831116,616,double_common,5.0
CS2_37,HF6,24,pearson_partial_controlling_SOH,-0.1395934675653807,616,double_common,1.0
CS2_37,HF7,24,pearson_partial_controlling_SOH,0.05016718986053773,616,double_common,7.0
CS2_37,HF8,24,pearson_partial_controlling_SOH,0.058784694048948025,616,double_common,4.0
CS2_37,HF1,32,pearson_partial_controlling_SOH,0.017886198319534224,616,double_common,6.0
CS2_37,HF2,32,pearson_partial_controlling_SOH,0.055753975439662956,616,double_common,3.0
CS2_37,HF3,32,pearson_partial_controlling_SOH,-0.0019857861717381253,616,double_common,8.0
CS2_37,HF4,32,pearson_partial_controlling_SOH,0.09459149061472671,616,double_common,2.0
CS2_37,HF5,32,pearson_partial_controlling_SOH,-0.040293592587536106,616,double_common,4.0
CS2_37,HF6,32,pearson_partial_controlling_SOH,-0.12370715339957766,616,double_common,1.0
CS2_37,HF7,32,pearson_partial_controlling_SOH,0.01613208163959465,616,double_common,7.0
CS2_37,HF8,32,pearson_partial_controlling_SOH,0.027966200627657447,616,double_common,5.0
CS2_37,HF1,48,pearson_partial_controlling_SOH,-0.020216543629606242,616,double_common,7.0
CS2_37,HF2,48,pearson_partial_controlling_SOH,0.13813257731270967,616,double_common,3.0
CS2_37,HF3,48,pearson_partial_controlling_SOH,0.015689870062923994,616,double_common,8.0
CS2_37,HF4,48,pearson_partial_controlling_SOH,0.14024438611636378,616,double_common,2.0
CS2_37,HF5,48,pearson_partial_controlling_SOH,-0.12618654287065528,616,double_common,4.0
CS2_37,HF6,48,pearson_partial_controlling_SOH,-0.22219924131619842,616,double_common,1.0
CS2_37,HF7,48,pearson_partial_controlling_SOH,-0.024331355656068265,616,double_common,6.0
CS2_37,HF8,48,pearson_partial_controlling_SOH,0.10684939197310984,616,double_common,5.0
CS2_37,HF1,64,pearson_partial_controlling_SOH,-0.016624213211487302,616,double_common,7.0
CS2_37,HF2,64,pearson_partial_controlling_SOH,0.2017472478352187,616,double_common,4.0
CS2_37,HF3,64,pearson_partial_controlling_SOH,0.006061461823085442,616,double_common,8.0
CS2_37,HF4,64,pearson_partial_controlling_SOH,0.21292318033850474,616,double_common,2.0
CS2_37,HF5,64,pearson_partial_controlling_SOH,-0.2087088157557947,616,double_common,3.0
CS2_37,HF6,64,pearson_partial_controlling_SOH,-0.27747501507916356,616,double_common,1.0
CS2_37,HF7,64,pearson_partial_controlling_SOH,-0.022138142342849897,616,double_common,6.0
CS2_37,HF8,64,pearson_partial_controlling_SOH,0.16849335621647146,616,double_common,5.0
CS2_38,HF1,1,pearson_partial_controlling_SOH,0.1760651628954105,528,double_common,2.0
CS2_38,HF2,1,pearson_partial_controlling_SOH,0.07598153195670646,528,double_common,4.0
CS2_38,HF3,1,pearson_partial_controlling_SOH,-0.1986109645234497,528,double_common,1.0
CS2_38,HF4,1,pearson_partial_controlling_SOH,0.0649130392791393,528,double_common,5.0
CS2_38,HF5,1,pearson_partial_controlling_SOH,0.01600133605132029,528,double_common,8.0
CS2_38,HF6,1,pearson_partial_controlling_SOH,-0.021360505284928773,528,double_common,7.0
CS2_38,HF7,1,pearson_partial_controlling_SOH,0.17261936775850772,528,double_common,3.0
CS2_38,HF8,1,pearson_partial_controlling_SOH,0.04943771391103717,528,double_common,6.0
CS2_38,HF1,4,pearson_partial_controlling_SOH,-0.03641248555350882,528,double_common,7.0
CS2_38,HF2,4,pearson_partial_controlling_SOH,0.06449393970374398,528,double_common,3.0
CS2_38,HF3,4,pearson_partial_controlling_SOH,0.018824100750716194,528,double_common,8.0
CS2_38,HF4,4,pearson_partial_controlling_SOH,-0.05613257872206868,528,double_common,4.0
CS2_38,HF5,4,pearson_partial_controlling_SOH,-0.09559074802416816,528,double_common,2.0
CS2_38,HF6,4,pearson_partial_controlling_SOH,-0.13008889222701403,528,double_common,1.0
CS2_38,HF7,4,pearson_partial_controlling_SOH,-0.039084819531831475,528,double_common,6.0
CS2_38,HF8,4,pearson_partial_controlling_SOH,0.04524307960134606,528,double_common,5.0
CS2_38,HF1,8,pearson_partial_controlling_SOH,-0.028488913952967456,528,double_common,5.0
CS2_38,HF2,8,pearson_partial_controlling_SOH,0.04663720705415819,528,double_common,3.0
CS2_38,HF3,8,pearson_partial_controlling_SOH,0.023191596998516542,528,double_common,6.0
CS2_38,HF4,8,pearson_partial_controlling_SOH,0.020297868463116233,528,double_common,8.0
CS2_38,HF5,8,pearson_partial_controlling_SOH,-0.09572470585837088,528,double_common,2.0
CS2_38,HF6,8,pearson_partial_controlling_SOH,-0.13000768257048603,528,double_common,1.0
CS2_38,HF7,8,pearson_partial_controlling_SOH,-0.02982452287041325,528,double_common,4.0
CS2_38,HF8,8,pearson_partial_controlling_SOH,0.02202776714271881,528,double_common,7.0
CS2_38,HF1,12,pearson_partial_controlling_SOH,-0.033370042622193424,528,double_common,7.0
CS2_38,HF2,12,pearson_partial_controlling_SOH,0.1247750083305145,528,double_common,2.0
CS2_38,HF3,12,pearson_partial_controlling_SOH,0.0170388502471272,528,double_common,8.0
CS2_38,HF4,12,pearson_partial_controlling_SOH,-0.05233707066642433,528,double_common,5.0
CS2_38,HF5,12,pearson_partial_controlling_SOH,-0.10949406763126496,528,double_common,3.0
CS2_38,HF6,12,pearson_partial_controlling_SOH,-0.16724147313603815,528,double_common,1.0
CS2_38,HF7,12,pearson_partial_controlling_SOH,-0.036095826809666116,528,double_common,6.0
CS2_38,HF8,12,pearson_partial_controlling_SOH,0.10465016320846071,528,double_common,4.0
CS2_38,HF1,16,pearson_partial_controlling_SOH,-0.02998788694403927,528,double_common,7.0
CS2_38,HF2,16,pearson_partial_controlling_SOH,0.08679997793686581,528,double_common,2.0
CS2_38,HF3,16,pearson_partial_controlling_SOH,0.017560986983364897,528,double_common,8.0
CS2_38,HF4,16,pearson_partial_controlling_SOH,0.04760265785208655,528,double_common,5.0
CS2_38,HF5,16,pearson_partial_controlling_SOH,-0.08357409915469023,528,double_common,3.0
CS2_38,HF6,16,pearson_partial_controlling_SOH,-0.12791581749667105,528,double_common,1.0
CS2_38,HF7,16,pearson_partial_controlling_SOH,-0.03240008223705678,528,double_common,6.0
CS2_38,HF8,16,pearson_partial_controlling_SOH,0.06896176273910337,528,double_common,4.0
CS2_38,HF1,24,pearson_partial_controlling_SOH,0.0907392243367355,528,double_common,4.0
CS2_38,HF2,24,pearson_partial_controlling_SOH,0.07906904187400313,528,double_common,7.0
CS2_38,HF3,24,pearson_partial_controlling_SOH,-0.11189427775372314,528,double_common,2.0
CS2_38,HF4,24,pearson_partial_controlling_SOH,0.08208171723728597,528,double_common,6.0
CS2_38,HF5,24,pearson_partial_controlling_SOH,-0.09845822571208665,528,double_common,3.0
CS2_38,HF6,24,pearson_partial_controlling_SOH,-0.12952409214085625,528,double_common,1.0
CS2_38,HF7,24,pearson_partial_controlling_SOH,0.08659676208171219,528,double_common,5.0
CS2_38,HF8,24,pearson_partial_controlling_SOH,0.04206461348535859,528,double_common,8.0
CS2_38,HF1,32,pearson_partial_controlling_SOH,-0.031077424598636605,528,double_common,6.0
CS2_38,HF2,32,pearson_partial_controlling_SOH,0.05165728042244415,528,double_common,4.0
CS2_38,HF3,32,pearson_partial_controlling_SOH,0.021154750291761313,528,double_common,7.0
CS2_38,HF4,32,pearson_partial_controlling_SOH,0.0582304425249255,528,double_common,3.0
CS2_38,HF5,32,pearson_partial_controlling_SOH,-0.12225980682332518,528,double_common,2.0
CS2_38,HF6,32,pearson_partial_controlling_SOH,-0.18021131859102194,528,double_common,1.0
CS2_38,HF7,32,pearson_partial_controlling_SOH,-0.03355641903444983,528,double_common,5.0
CS2_38,HF8,32,pearson_partial_controlling_SOH,-0.0005231656563618008,528,double_common,8.0
CS2_38,HF1,48,pearson_partial_controlling_SOH,0.06892982852267439,528,double_common,4.0
CS2_38,HF2,48,pearson_partial_controlling_SOH,0.07802021332789666,528,double_common,3.0
CS2_38,HF3,48,pearson_partial_controlling_SOH,-0.06375786335314099,528,double_common,6.0
CS2_38,HF4,48,pearson_partial_controlling_SOH,0.0027144392132240555,528,double_common,8.0
CS2_38,HF5,48,pearson_partial_controlling_SOH,-0.20623371853182546,528,double_common,1.0
CS2_38,HF6,48,pearson_partial_controlling_SOH,-0.20325146483644663,528,double_common,2.0
CS2_38,HF7,48,pearson_partial_controlling_SOH,0.06618186108234039,528,double_common,5.0
CS2_38,HF8,48,pearson_partial_controlling_SOH,0.02597327327773963,528,double_common,7.0
CS2_38,HF1,64,pearson_partial_controlling_SOH,-0.04249186314120608,528,double_common,6.0
CS2_38,HF2,64,pearson_partial_controlling_SOH,0.06367956528842608,528,double_common,3.0
CS2_38,HF3,64,pearson_partial_controlling_SOH,0.026925891446792583,528,double_common,7.0
CS2_38,HF4,64,pearson_partial_controlling_SOH,0.05785387037465745,528,double_common,4.0
CS2_38,HF5,64,pearson_partial_controlling_SOH,-0.18008527538362593,528,double_common,2.0
CS2_38,HF6,64,pearson_partial_controlling_SOH,-0.19650269269033943,528,double_common,1.0
CS2_38,HF7,64,pearson_partial_controlling_SOH,-0.045521163104315795,528,double_common,5.0
CS2_38,HF8,64,pearson_partial_controlling_SOH,0.010579775224845048,528,double_common,8.0
