battery,feature,horizon,metric,value,n_effective,support_rule
CS2_35,SOH,1,pearson,0.9865268644591083,877,pairwise
CS2_35,SOH,1,spearman,0.968914777002805,877,pairwise
CS2_35,HF1,1,pearson,0.9838544740130245,875,pairwise
CS2_35,HF1,1,spearman,0.9736046071103905,875,pairwise
CS2_35,HF2,1,pearson,-0.8184730713701402,851,pairwise
CS2_35,HF2,1,spearman,-0.9026316911630843,851,pairwise
CS2_35,HF3,1,pearson,0.39737432895685554,849,pairwise
CS2_35,HF3,1,spearman,0.9011707447163144,849,pairwise
CS2_35,HF4,1,pearson,0.9404202463263434,575,pairwise
CS2_35,HF4,1,spearman,0.9515269151138718,575,pairwise
CS2_35,HF5,1,pearson,0.8857833181576844,574,pairwise
CS2_35,HF5,1,spearman,0.8809785285586587,574,pairwise
CS2_35,HF6,1,pearson,0.7943986542255761,574,pairwise
CS2_35,HF6,1,spearman,0.8595243007868469,574,pairwise
CS2_35,HF7,1,pearson,0.9834673467389023,875,pairwise
CS2_35,HF7,1,spearman,0.9731304117066574,875,pairwise
CS2_35,HF8,1,pearson,-0.8434593833366287,851,pairwise
CS2_35,HF8,1,spearman,-0.9156920909099613,851,pairwise
CS2_35,SOH,4,pearson,0.9847769620232131,874,pairwise
CS2_35,SOH,4,spearman,0.9615094212447298,874,pairwise
CS2_35,HF1,4,pearson,0.981816336680256,872,pairwise
CS2_35,HF1,4,spearman,0.9676865763941969,872,pairwise
CS2_35,HF2,4,pearson,-0.8224035726937398,848,pairwise
CS2_35,HF2,4,spearman,-0.8933916137502437,848,pairwise
CS2_35,HF3,4,pearson,0.3957367507085607,846,pairwise
CS2_35,HF3,4,spearman,0.8795342038311835,846,pairwise
CS2_35,HF4,4,pearson,0.925972882369642,574,pairwise
CS2_35,HF4,4,spearman,0.9257564497208497,574,pairwise
CS2_35,HF5,4,pearson,0.853516709917789,573,pairwise
CS2_35,HF5,4,spearman,0.8302378250022229,573,pairwise
CS2_35,HF6,4,pearson,0.77265664987213,573,pairwise
CS2_35,HF6,4,spearman,0.8302663131632538,573,pairwise
CS2_35,HF7,4,pearson,0.9814250161940807,872,pairwise
CS2_35,HF7,4,spearman,0.9671253792783175,872,pairwise
CS2_35,HF8,4,pearson,-0.8461644246743965,848,pairwise
CS2_35,HF8,4,spearman,-0.9064352951687982,848,pairwise
CS2_35,SOH,8,pearson,0.9835026500079979,870,pairwise
CS2_35,SOH,8,spearman,0.96124854448079,870,pairwise
CS2_35,HF1,8,pearson,0.9811627144908579,868,pairwise
CS2_35,HF1,8,spearman,0.965189217425495,868,pairwise
CS2_35,HF2,8,pearson,-0.8245258362324164,844,pairwise
CS2_35,HF2,8,spearman,-0.8967768340266177,844,pairwise
CS2_35,HF3,8,pearson,0.3867431422154496,842,pairwise
CS2_35,HF3,8,spearman,0.8934048610418489,842,pairwise
CS2_35,HF4,8,pearson,0.9270287345977336,574,pairwise
CS2_35,HF4,8,spearman,0.9299481674599516,574,pairwise
CS2_35,HF5,8,pearson,0.871204406915123,573,pairwise
CS2_35,HF5,8,spearman,0.8537660781307825,573,pairwise
CS2_35,HF6,8,pearson,0.7720573120382886,573,pairwise
CS2_35,HF6,8,spearman,0.8428734526179438,573,pairwise
CS2_35,HF7,8,pearson,0.9807598466115747,868,pairwise
CS2_35,HF7,8,spearman,0.964693611966651,868,pairwise
CS2_35,HF8,8,pearson,-0.847464483099539,844,pairwise
CS2_35,HF8,8,spearman,-0.909432517687494,844,pairwise
CS2_35,SOH,12,pearson,0.9820493815849384,866,pairwise
CS2_35,SOH,12,spearman,0.9529696308337392,866,pairwise
CS2_35,HF1,12,pearson,0.9781611870692138,864,pairwise
CS2_35,HF1,12,spearman,0.9559112176832321,864,pairwise
CS2_35,HF2,12,pearson,-0.8318297338602768,840,pairwise
CS2_35,HF2,12,spearman,-0.8820150376792322,840,pairwise
CS2_35,HF3,12,pearson,0.37909580498342355,838,pairwise
CS2_35,HF3,12,spearman,0.8633019949166159,838,pairwise
CS2_35,HF4,12,pearson,0.9119433458958541,574,pairwise
CS2_35,HF4,12,spearman,0.8974603086475077,574,pairwise
CS2_35,HF5,12,pearson,0.8308512333580186,573,pairwise
CS2_35,HF5,12,spearman,0.7930071460910434,573,pairwise
CS2_35,HF6,12,pearson,0.7434961248706264,573,pairwise
CS2_35,HF6,12,spearman,0.8014262390079562,573,pairwise
CS2_35,HF7,12,pearson,0.9777081764165299,864,pairwise
CS2_35,HF7,12,spearman,0.9555054167628697,864,pairwise
CS2_35,HF8,12,pearson,-0.8519919452602853,840,pairwise
CS2_35,HF8,12,spearman,-0.895223448226201,840,pairwise
CS2_35,SOH,16,pearson,0.9795637345184683,862,pairwise
CS2_35,SOH,16,spearman,0.9492701444773413,862,pairwise
CS2_35,HF1,16,pearson,0.9764987973236198,860,pairwise
CS2_35,HF1,16,spearman,0.9531897376067113,860,pairwise
CS2_35,HF2,16,pearson,-0.8388351500747119,836,pairwise
CS2_35,HF2,16,spearman,-0.8838588707238506,836,pairwise
CS2_35,HF3,16,pearson,0.36852347521535816,834,pairwise
CS2_35,HF3,16,spearman,0.8752508852591138,834,pairwise
CS2_35,HF4,16,pearson,0.9077116996695819,574,pairwise
CS2_35,HF4,16,spearman,0.8938832526564671,574,pairwise
CS2_35,HF5,16,pearson,0.8371565944378578,573,pairwise
CS2_35,HF5,16,spearman,0.8072481088060196,573,pairwise
CS2_35,HF6,16,pearson,0.7417237005035502,573,pairwise
CS2_35,HF6,16,spearman,0.812293791332859,573,pairwise
CS2_35,HF7,16,pearson,0.9760428669437227,860,pairwise
CS2_35,HF7,16,spearman,0.9526533365191558,860,pairwise
CS2_35,HF8,16,pearson,-0.8574755393161192,836,pairwise
CS2_35,HF8,16,spearman,-0.8973262673072243,836,pairwise
CS2_35,SOH,24,pearson,0.9767807979919021,854,pairwise
CS2_35,SOH,24,spearman,0.9458947177680329,854,pairwise
CS2_35,HF1,24,pearson,0.9734958481746703,852,pairwise
CS2_35,HF1,24,spearman,0.9501764805304275,852,pairwise
CS2_35,HF2,24,pearson,-0.840979932214159,829,pairwise
CS2_35,HF2,24,spearman,-0.8775377378818258,829,pairwise
CS2_35,HF3,24,pearson,0.34702388834944675,827,pairwise
CS2_35,HF3,24,spearman,0.8636668685165485,827,pairwise
CS2_35,HF4,24,pearson,0.9038863626114815,574,pairwise
CS2_35,HF4,24,spearman,0.8825860273431518,574,pairwise
CS2_35,HF5,24,pearson,0.826251467961695,573,pairwise
CS2_35,HF5,24,spearman,0.7858847192904145,573,pairwise
CS2_35,HF6,24,pearson,0.7232660194843927,573,pairwise
CS2_35,HF6,24,spearman,0.7959007182164234,573,pairwise
CS2_35,HF7,24,pearson,0.9730282438497494,852,pairwise
CS2_35,HF7,24,spearman,0.9495951080211112,852,pairwise
CS2_35,HF8,24,pearson,-0.8586527452419613,829,pairwise
CS2_35,HF8,24,spearman,-0.8917561446137331,829,pairwise
CS2_35,SOH,32,pearson,0.9740720171856704,846,pairwise
CS2_35,SOH,32,spearman,0.9423114801183542,846,pairwise
CS2_35,HF1,32,pearson,0.9701024505672926,844,pairwise
CS2_35,HF1,32,spearman,0.9452441917454768,844,pairwise
CS2_35,HF2,32,pearson,-0.8499393901449013,824,pairwise
CS2_35,HF2,32,spearman,-0.8775607506603507,824,pairwise
CS2_35,HF3,32,pearson,0.330032916058487,822,pairwise
CS2_35,HF3,32,spearman,0.8593467754838734,822,pairwise
CS2_35,HF4,32,pearson,0.899365447473491,574,pairwise
CS2_35,HF4,32,spearman,0.8744063369741694,574,pairwise
CS2_35,HF5,32,pearson,0.8253809859115345,573,pairwise
CS2_35,HF5,32,spearman,0.7805475714427316,573,pairwise
CS2_35,HF6,32,pearson,0.7117010899191446,573,pairwise
CS2_35,HF6,32,spearman,0.7894081755186675,573,pairwise
CS2_35,HF7,32,pearson,0.9696008006841985,844,pairwise
CS2_35,HF7,32,spearman,0.944643359950887,844,pairwise
CS2_35,HF8,32,pearson,-0.8661254255170175,824,pairwise
CS2_35,HF8,32,spearman,-0.8921592162694904,824,pairwise
CS2_35,SOH,48,pearson,0.968060723137351,830,pairwise
CS2_35,SOH,48,spearman,0.9324773594996185,830,pairwise
CS2_35,HF1,48,pearson,0.9642844145072229,828,pairwise
CS2_35,HF1,48,spearman,0.9445278425574407,828,pairwise
CS2_35,HF2,48,pearson,-0.8591001263029744,808,pairwise
CS2_35,HF2,48,spearman,-0.8735947785688454,808,pairwise
CS2_35,HF3,48,pearson,0.29444117787679913,806,pairwise
CS2_35,HF3,48,spearman,0.8443735297742401,806,pairwise
CS2_35,HF4,48,pearson,0.8881968286870455,575,pairwise
CS2_35,HF4,48,spearman,0.8664363354037269,575,pairwise
CS2_35,HF5,48,pearson,0.8010418097682444,574,pairwise
CS2_35,HF5,48,spearman,0.7664996656860652,574,pairwise
CS2_35,HF6,48,pearson,0.6863360187646168,574,pairwise
CS2_35,HF6,48,spearman,0.7941288866401339,574,pairwise
CS2_35,HF7,48,pearson,0.9637673406300487,828,pairwise
CS2_35,HF7,48,spearman,0.9441394871675347,828,pairwise
CS2_35,HF8,48,pearson,-0.8790186545233478,808,pairwise
CS2_35,HF8,48,spearman,-0.8892042307287438,808,pairwise
CS2_35,SOH,64,pearson,0.9648176876905873,815,pairwise
CS2_35,SOH,64,spearman,0.9254947920592091,815,pairwise
CS2_35,HF1,64,pearson,0.957385265531866,814,pairwise
CS2_35,HF1,64,spearman,0.9300870805545606,814,pairwise
CS2_35,HF2,64,pearson,-0.8734327717328026,793,pairwise
CS2_35,HF2,64,spearman,-0.8574027107082398,793,pairwise
CS2_35,HF3,64,pearson,0.267872274334344,792,pairwise
CS2_35,HF3,64,spearman,0.8303981670440397,792,pairwise
CS2_35,HF4,64,pearson,0.874269973990739,575,pairwise
CS2_35,HF4,64,spearman,0.8479729081452306,575,pairwise
CS2_35,HF5,64,pearson,0.7782398527084338,574,pairwise
CS2_35,HF5,64,spearman,0.7375792181257638,574,pairwise
CS2_35,HF6,64,pearson,0.6555949651351207,574,pairwise
CS2_35,HF6,64,spearman,0.7703135012781588,574,pairwise
CS2_35,HF7,64,pearson,0.9568120765727899,814,pairwise
CS2_35,HF7,64,spearman,0.929355803661089,814,pairwise
CS2_35,HF8,64,pearson,-0.8879097492903745,793,pairwise
CS2_35,HF8,64,spearman,-0.874902134229461,793,pairwise
CS2_36,SOH,1,pearson,0.965805119973654,969,pairwise
CS2_36,SOH,1,spearman,0.9665408880017706,969,pairwise
CS2_36,HF1,1,pearson,0.9711127859016676,968,pairwise
CS2_36,HF1,1,spearman,0.9747523903798617,968,pairwise
CS2_36,HF2,1,pearson,-0.5488354558661451,944,pairwise
CS2_36,HF2,1,spearman,-0.7166126601259698,944,pairwise
CS2_36,HF3,1,pearson,0.22999723044055082,943,pairwise
CS2_36,HF3,1,spearman,0.9109174787341376,943,pairwise
CS2_36,HF4,1,pearson,0.8431729678516331,608,pairwise
CS2_36,HF4,1,spearman,0.9603322912746843,608,pairwise
CS2_36,HF5,1,pearson,0.8315106496159439,608,pairwise
CS2_36,HF5,1,spearman,0.9250619020425003,608,pairwise
CS2_36,HF6,1,pearson,0.734982418308205,608,pairwise
CS2_36,HF6,1,spearman,0.8700930572121729,608,pairwise
CS2_36,HF7,1,pearson,0.9708321635415251,968,pairwise
CS2_36,HF7,1,spearman,0.974707322666642,968,pairwise
CS2_36,HF8,1,pearson,-0.6352287260065874,944,pairwise
CS2_36,HF8,1,spearman,-0.8109960210458385,944,pairwise
CS2_36,SOH,4,pearson,0.9641062889128306,966,pairwise
CS2_36,SOH,4,spearman,0.9623671794520897,966,pairwise
CS2_36,HF1,4,pearson,0.9691356858231626,965,pairwise
CS2_36,HF1,4,spearman,0.9705631351576992,965,pairwise
CS2_36,HF2,4,pearson,-0.5610422213318658,941,pairwise
CS2_36,HF2,4,spearman,-0.7240912582004913,941,pairwise
CS2_36,HF3,4,pearson,0.22990897105091251,940,pairwise
CS2_36,HF3,4,spearman,0.9041324632842861,940,pairwise
CS2_36,HF4,4,pearson,0.823548523907955,607,pairwise
CS2_36,HF4,4,spearman,0.9520772505586638,607,pairwise
CS2_36,HF5,4,pearson,0.8137002052797159,607,pairwise
CS2_36,HF5,4,spearman,0.9196689568375895,607,pairwise
CS2_36,HF6,4,pearson,0.6910925844023363,607,pairwise
CS2_36,HF6,4,spearman,0.8531259657272778,607,pairwise
CS2_36,HF7,4,pearson,0.9688309273955086,965,pairwise
CS2_36,HF7,4,spearman,0.9702276190808886,965,pairwise
CS2_36,HF8,4,pearson,-0.6432625056813346,941,pairwise
CS2_36,HF8,4,spearman,-0.813172611931826,941,pairwise
CS2_36,SOH,8,pearson,0.9632417418622705,962,pairwise
CS2_36,SOH,8,spearman,0.9625164176303471,962,pairwise
CS2_36,HF1,8,pearson,0.9744104520009779,961,pairwise
CS2_36,HF1,8,spearman,0.9747335264504878,961,pairwise
CS2_36,HF2,8,pearson,-0.5904445336421466,937,pairwise
CS2_36,HF2,8,spearman,-0.7447903328771136,937,pairwise
CS2_36,HF3,8,pearson,0.3646907859935046,936,pairwise
CS2_36,HF3,8,spearman,0.9020153241196621,936,pairwise
CS2_36,HF4,8,pearson,0.8447703092806202,608,pairwise
CS2_36,HF4,8,spearman,0.9509900696181742,608,pairwise
CS2_36,HF5,8,pearson,0.8281905172094562,608,pairwise
CS2_36,HF5,8,spearman,0.9073298553433518,608,pairwise
CS2_36,HF6,8,pearson,0.7078736700836921,608,pairwise
CS2_36,HF6,8,spearman,0.8479311967634074,608,pairwise
CS2_36,HF7,8,pearson,0.9741000319716426,961,pairwise
CS2_36,HF7,8,spearman,0.9744780284460925,961,pairwise
CS2_36,HF8,8,pearson,-0.6650206448065986,937,pairwise
CS2_36,HF8,8,spearman,-0.825701855292965,937,pairwise
CS2_36,SOH,12,pearson,0.9617754215204859,958,pairwise
CS2_36,SOH,12,spearman,0.9611071148657582,958,pairwise
CS2_36,HF1,12,pearson,0.9680587859738601,957,pairwise
CS2_36,HF1,12,spearman,0.9704400305820688,957,pairwise
CS2_36,HF2,12,pearson,-0.6130841668876652,933,pairwise
CS2_36,HF2,12,spearman,-0.7619765692428543,933,pairwise
CS2_36,HF3,12,pearson,0.2257032385385142,932,pairwise
CS2_36,HF3,12,spearman,0.8956687596097972,932,pairwise
CS2_36,HF4,12,pearson,0.8277705016795802,607,pairwise
CS2_36,HF4,12,spearman,0.9462650440020156,607,pairwise
CS2_36,HF5,12,pearson,0.8072365397150437,607,pairwise
CS2_36,HF5,12,spearman,0.9030506411648707,607,pairwise
CS2_36,HF6,12,pearson,0.6788339748073714,607,pairwise
CS2_36,HF6,12,spearman,0.8389070726989692,607,pairwise
CS2_36,HF7,12,pearson,0.9678503237123331,957,pairwise
CS2_36,HF7,12,spearman,0.9702470691005602,957,pairwise
CS2_36,HF8,12,pearson,-0.6797579183890304,933,pairwise
CS2_36,HF8,12,spearman,-0.8323387319394225,933,pairwise
CS2_36,SOH,16,pearson,0.9602269004470688,954,pairwise
CS2_36,SOH,16,spearman,0.9602004128512756,954,pairwise
CS2_36,HF1,16,pearson,0.9670823249781433,953,pairwise
CS2_36,HF1,16,spearman,0.9695569272869416,953,pairwise
CS2_36,HF2,16,pearson,-0.6355000689219406,929,pairwise
CS2_36,HF2,16,spearman,-0.7766826045205113,929,pairwise
CS2_36,HF3,16,pearson,0.21932798844453108,928,pairwise
CS2_36,HF3,16,spearman,0.8962624968933072,928,pairwise
CS2_36,HF4,16,pearson,0.8331935210611872,608,pairwise
CS2_36,HF4,16,spearman,0.9467592246536923,608,pairwise
CS2_36,HF5,16,pearson,0.8175709395002209,608,pairwise
CS2_36,HF5,16,spearman,0.9042586191946946,608,pairwise
CS2_36,HF6,16,pearson,0.6936450304418735,608,pairwise
CS2_36,HF6,16,spearman,0.8412503945756143,608,pairwise
CS2_36,HF7,16,pearson,0.9669321833674488,953,pairwise
CS2_36,HF7,16,spearman,0.9692182396430616,953,pairwise
CS2_36,HF8,16,pearson,-0.6966455473644849,929,pairwise
CS2_36,HF8,16,spearman,-0.8423043087408787,929,pairwise
CS2_36,SOH,24,pearson,0.9583073966275034,946,pairwise
CS2_36,SOH,24,spearman,0.9618371494504202,946,pairwise
CS2_36,HF1,24,pearson,0.9647282947645858,945,pairwise
CS2_36,HF1,24,spearman,0.9673735212363515,945,pairwise
CS2_36,HF2,24,pearson,-0.6727752229203978,922,pairwise
CS2_36,HF2,24,spearman,-0.8051459326302917,922,pairwise
CS2_36,HF3,24,pearson,0.21557007211503906,921,pairwise
CS2_36,HF3,24,spearman,0.8953226009109954,921,pairwise
CS2_36,HF4,24,pearson,0.8364429585633435,607,pairwise
CS2_36,HF4,24,spearman,0.9490617431855037,607,pairwise
CS2_36,HF5,24,pearson,0.8128820516445632,607,pairwise
CS2_36,HF5,24,spearman,0.9008194200370352,607,pairwise
CS2_36,HF6,24,pearson,0.6776007790856384,607,pairwise
CS2_36,HF6,24,spearman,0.8414378534674751,607,pairwise
CS2_36,HF7,24,pearson,0.9646073476650936,945,pairwise
CS2_36,HF7,24,spearman,0.9670974159184287,945,pairwise
CS2_36,HF8,24,pearson,-0.7233828263013461,922,pairwise
CS2_36,HF8,24,spearman,-0.8589304247804406,922,pairwise
CS2_36,SOH,32,pearson,0.9548690747338484,938,pairwise
CS2_36,SOH,32,spearman,0.959479570554416,938,pairwise
CS2_36,HF1,32,pearson,0.9624116512590856,937,pairwise
CS2_36,HF1,32,spearman,0.9666129372838625,937,pairwise
CS2_36,HF2,32,pearson,-0.7202722154672583,914,pairwise
CS2_36,HF2,32,spearman,-0.8399582959111453,914,pairwise
CS2_36,HF3,32,pearson,0.21261587842511953,913,pairwise
CS2_36,HF3,32,spearman,0.8905857797191299,913,pairwise
CS2_36,HF4,32,pearson,0.8429152299779421,607,pairwise
CS2_36,HF4,32,spearman,0.9469517840754855,607,pairwise
CS2_36,HF5,32,pearson,0.8193417824130595,607,pairwise
CS2_36,HF5,32,spearman,0.8981753178352604,607,pairwise
CS2_36,HF6,32,pearson,0.6818694619890818,607,pairwise
CS2_36,HF6,32,spearman,0.8390443210170015,607,pairwise
CS2_36,HF7,32,pearson,0.9623502088391492,937,pairwise
CS2_36,HF7,32,spearman,0.9662099335961725,937,pairwise
CS2_36,HF8,32,pearson,-0.7575990719796447,914,pairwise
CS2_36,HF8,32,spearman,-0.8787137349132357,914,pairwise
CS2_36,SOH,48,pearson,0.9500688155691834,922,pairwise
CS2_36,SOH,48,spearman,0.9568335987648603,922,pairwise
CS2_36,HF1,48,pearson,0.9590581529938569,921,pairwise
CS2_36,HF1,48,spearman,0.9679471054993042,921,pairwise
CS2_36,HF2,48,pearson,-0.7926596442762863,899,pairwise
CS2_36,HF2,48,spearman,-0.8896398456422339,899,pairwise
CS2_36,HF3,48,pearson,0.19902551754001718,898,pairwise
CS2_36,HF3,48,spearman,0.8878890949613255,898,pairwise
CS2_36,HF4,48,pearson,0.8529276171128982,608,pairwise
CS2_36,HF4,48,spearman,0.9478865316446827,608,pairwise
CS2_36,HF5,48,pearson,0.8264308039996602,608,pairwise
CS2_36,HF5,48,spearman,0.9041116325438374,608,pairwise
CS2_36,HF6,48,pearson,0.6767236127724057,608,pairwise
CS2_36,HF6,48,spearman,0.8403471749044156,608,pairwise
CS2_36,HF7,48,pearson,0.9590859858182261,921,pairwise
CS2_36,HF7,48,spearman,0.9676178126267198,921,pairwise
CS2_36,HF8,48,pearson,-0.8087722935232076,899,pairwise
CS2_36,HF8,48,spearman,-0.9058370767659758,899,pairwise
CS2_36,SOH,64,pearson,0.9455886973272313,906,pairwise
CS2_36,SOH,64,spearman,0.9557237326213252,906,pairwise
CS2_36,HF1,64,pearson,0.9561209878206337,905,pairwise
CS2_36,HF1,64,spearman,0.9655172106749025,905,pairwise
CS2_36,HF2,64,pearson,-0.8501785283659458,883,pairwise
CS2_36,HF2,64,spearman,-0.8989600718761239,883,pairwise
CS2_36,HF3,64,pearson,0.1890070257627085,882,pairwise
CS2_36,HF3,64,spearman,0.8836599089459223,882,pairwise
CS2_36,HF4,64,pearson,0.8559194740351284,608,pairwise
CS2_36,HF4,64,spearman,0.947488872154823,608,pairwise
CS2_36,HF5,64,pearson,0.8237977995005448,608,pairwise
CS2_36,HF5,64,spearman,0.8981424688802617,608,pairwise
CS2_36,HF6,64,pearson,0.6819146663283897,608,pairwise
CS2_36,HF6,64,spearman,0.8324522061220908,608,pairwise
CS2_36,HF7,64,pearson,0.9563041674960417,905,pairwise
CS2_36,HF7,64,spearman,0.9651020354631984,905,pairwise
CS2_36,HF8,64,pearson,-0.861855930337638,883,pairwise
CS2_36,HF8,64,spearman,-0.9119494219737326,883,pairwise
CS2_37,SOH,1,pearson,0.9764889416411634,1032,pairwise
CS2_37,SOH,1,spearman,0.9649581211140563,1032,pairwise
CS2_37,HF1,1,pearson,0.9808042192723152,1028,pairwise
CS2_37,HF1,1,spearman,0.9775281807373174,1028,pairwise
CS2_37,HF2,1,pearson,-0.5269891389081984,1004,pairwise
CS2_37,HF2,1,spearman,-0.7422099996021922,1004,pairwise
CS2_37,HF3,1,pearson,0.21434967462163967,1000,pairwise
CS2_37,HF3,1,spearman,0.9210779250779251,1000,pairwise
CS2_37,HF4,1,pearson,0.837968867311939,642,pairwise
CS2_37,HF4,1,spearman,0.9439932586329776,642,pairwise
CS2_37,HF5,1,pearson,0.8153816778644459,642,pairwise
CS2_37,HF5,1,spearman,0.9053013709914829,642,pairwise
CS2_37,HF6,1,pearson,0.733697634745224,642,pairwise
CS2_37,HF6,1,spearman,0.8595611957749761,642,pairwise
CS2_37,HF7,1,pearson,0.9804675913638944,1028,pairwise
CS2_37,HF7,1,spearman,0.9772282820632081,1028,pairwise
CS2_37,HF8,1,pearson,-0.6233397538952529,1004,pairwise
CS2_37,HF8,1,spearman,-0.8219835318131229,1004,pairwise
CS2_37,SOH,4,pearson,0.9772757992547892,1029,pairwise
CS2_37,SOH,4,spearman,0.9653481289222055,1029,pairwise
CS2_37,HF1,4,pearson,0.9797031737656967,1025,pairwise
CS2_37,HF1,4,spearman,0.973590518470974,1025,pairwise
CS2_37,HF2,4,pearson,-0.5482136049419114,1002,pairwise
CS2_37,HF2,4,spearman,-0.7509621082614676,1002,pairwise
CS2_37,HF3,4,pearson,0.2156302715422596,998,pairwise
CS2_37,HF3,4,spearman,0.9154606935866545,998,pairwise
CS2_37,HF4,4,pearson,0.9446935363444711,641,pairwise
CS2_37,HF4,4,spearman,0.9378366162683892,641,pairwise
CS2_37,HF5,4,pearson,0.9100070200289848,641,pairwise
CS2_37,HF5,4,spearman,0.8946108136381531,641,pairwise
CS2_37,HF6,4,pearson,0.8249056041053495,641,pairwise
CS2_37,HF6,4,spearman,0.8488089093358192,641,pairwise
CS2_37,HF7,4,pearson,0.9793480324238092,1025,pairwise
CS2_37,HF7,4,spearman,0.9732535553805106,1025,pairwise
CS2_37,HF8,4,pearson,-0.6417726682734314,1002,pairwise
CS2_37,HF8,4,spearman,-0.8262968868883249,1002,pairwise
CS2_37,SOH,8,pearson,0.9743659317055835,1025,pairwise
CS2_37,SOH,8,spearman,0.9597032119169875,1025,pairwise
CS2_37,HF1,8,pearson,0.9792788215157688,1021,pairwise
CS2_37,HF1,8,spearman,0.9730868183480174,1021,pairwise
CS2_37,HF2,8,pearson,-0.563238839188034,997,pairwise
CS2_37,HF2,8,spearman,-0.7607908473228557,997,pairwise
CS2_37,HF3,8,pearson,0.21162171134732383,993,pairwise
CS2_37,HF3,8,spearman,0.913369384026604,993,pairwise
CS2_37,HF4,8,pearson,0.8298041498504224,642,pairwise
CS2_37,HF4,8,spearman,0.9294217619782538,642,pairwise
CS2_37,HF5,8,pearson,0.803549523929278,642,pairwise
CS2_37,HF5,8,spearman,0.8820851681467732,642,pairwise
CS2_37,HF6,8,pearson,0.7121706606826929,642,pairwise
CS2_37,HF6,8,spearman,0.8356292864009678,642,pairwise
CS2_37,HF7,8,pearson,0.9789650693117669,1021,pairwise
CS2_37,HF7,8,spearman,0.9727464424712309,1021,pairwise
CS2_37,HF8,8,pearson,-0.6521496131578516,997,pairwise
CS2_37,HF8,8,spearman,-0.8299631993530827,997,pairwise
CS2_37,SOH,12,pearson,0.9733694960490599,1021,pairwise
CS2_37,SOH,12,spearman,0.9596682739482495,1021,pairwise
CS2_37,HF1,12,pearson,0.9782044805072121,1017,pairwise
CS2_37,HF1,12,spearman,0.9706193106801198,1017,pairwise
CS2_37,HF2,12,pearson,-0.5907816333559545,993,pairwise
CS2_37,HF2,12,spearman,-0.7759112172302896,993,pairwise
CS2_37,HF3,12,pearson,0.20827225496528112,989,pairwise
CS2_37,HF3,12,spearman,0.9042571463624094,989,pairwise
CS2_37,HF4,12,pearson,0.8303269391968345,642,pairwise
CS2_37,HF4,12,spearman,0.9277529276197573,642,pairwise
CS2_37,HF5,12,pearson,0.7943865543643673,642,pairwise
CS2_37,HF5,12,spearman,0.8719002855258176,642,pairwise
CS2_37,HF6,12,pearson,0.7030503816677476,642,pairwise
CS2_37,HF6,12,spearman,0.8249518940136534,642,pairwise
CS2_37,HF7,12,pearson,0.9778989707361744,1017,pairwise
CS2_37,HF7,12,spearman,0.9701326234817121,1017,pairwise
CS2_37,HF8,12,pearson,-0.6731609686947976,993,pairwise
CS2_37,HF8,12,spearman,-0.8383880635347938,993,pairwise
CS2_37,SOH,16,pearson,0.9743259397347801,1017,pairwise
CS2_37,SOH,16,spearman,0.9635033841643621,1017,pairwise
CS2_37,HF1,16,pearson,0.9769703442536759,1013,pairwise
CS2_37,HF1,16,spearman,0.9690364804285175,1013,pairwise
CS2_37,HF2,16,pearson,-0.6223453330746294,989,pairwise
CS2_37,HF2,16,spearman,-0.7955409889101548,989,pairwise
CS2_37,HF3,16,pearson,0.2081745665032074,985,pairwise
CS2_37,HF3,16,spearman,0.9106917797537446,985,pairwise
CS2_37,HF4,16,pearson,0.9373525813135044,641,pairwise
CS2_37,HF4,16,spearman,0.9315993282254657,641,pairwise
CS2_37,HF5,16,pearson,0.8971587946596281,641,pairwise
CS2_37,HF5,16,spearman,0.8757813525157829,641,pairwise
CS2_37,HF6,16,pearson,0.7969608431154982,641,pairwise
CS2_37,HF6,16,spearman,0.8287670513050587,641,pairwise
CS2_37,HF7,16,pearson,0.9767007637226465,1013,pairwise
CS2_37,HF7,16,spearman,0.9685547169721268,1013,pairwise
CS2_37,HF8,16,pearson,-0.7001492234210759,989,pairwise
CS2_37,HF8,16,spearman,-0.8516313294758342,989,pairwise
CS2_37,SOH,24,pearson,0.9698415395581896,1009,pairwise
CS2_37,SOH,24,spearman,0.955333259504628,1009,pairwise
CS2_37,HF1,24,pearson,0.9759315793999477,1005,pairwise
CS2_37,HF1,24,spearman,0.9683759842089168,1005,pairwise
CS2_37,HF2,24,pearson,-0.6619571965376154,981,pairwise
CS2_37,HF2,24,spearman,-0.8205996522565006,981,pairwise
CS2_37,HF3,24,pearson,0.1980093150403118,977,pairwise
CS2_37,HF3,24,spearman,0.8995032432047935,977,pairwise
CS2_37,HF4,24,pearson,0.8243695925854617,640,pairwise
CS2_37,HF4,24,spearman,0.9168181868119797,640,pairwise
CS2_37,HF5,24,pearson,0.7891924212873681,640,pairwise
CS2_37,HF5,24,spearman,0.8593213270784353,640,pairwise
CS2_37,HF6,24,pearson,0.6899909205362114,640,pairwise
CS2_37,HF6,24,spearman,0.8131565862981135,640,pairwise
CS2_37,HF7,24,pearson,0.975696331700331,1005,pairwise
CS2_37,HF7,24,spearman,0.9678184755627781,1005,pairwise
CS2_37,HF8,24,pearson,-0.7284498965632984,981,pairwise
CS2_37,HF8,24,spearman,-0.8634855481217549,981,pairwise
CS2_37,SOH,32,pearson,0.9666258519909258,1001,pairwise
CS2_37,SOH,32,spearman,0.9533492136605908,1001,pairwise
CS2_37,HF1,32,pearson,0.9731332798467551,997,pairwise
CS2_37,HF1,32,spearman,0.9667219782339996,997,pairwise
CS2_37,HF2,32,pearson,-0.7095643995520611,973,pairwise
CS2_37,HF2,32,spearman,-0.84954841120422,973,pairwise
CS2_37,HF3,32,pearson,0.19549428274560882,969,pairwise
CS2_37,HF3,32,spearman,0.8985836381520588,969,pairwise
CS2_37,HF4,32,pearson,0.8243726354115372,640,pairwise
CS2_37,HF4,32,spearman,0.9144856921037408,640,pairwise
CS2_37,HF5,32,pearson,0.7904397285587295,640,pairwise
CS2_37,HF5,32,spearman,0.8532649615843789,640,pairwise
CS2_37,HF6,32,pearson,0.69232268023389,640,pairwise
CS2_37,HF6,32,spearman,0.8078064955701774,640,pairwise
CS2_37,HF7,32,pearson,0.9729376924941018,997,pairwise
CS2_37,HF7,32,spearman,0.966180406765607,997,pairwise
CS2_37,HF8,32,pearson,-0.7662295440115141,973,pairwise
CS2_37,HF8,32,spearman,-0.8807825963180194,973,pairwise
CS2_37,SOH,48,pearson,0.964779005738293,985,pairwise
CS2_37,SOH,48,spearman,0.957228034126904,985,pairwise
CS2_37,HF1,48,pearson,0.9701382708977054,981,pairwise
CS2_37,HF1,48,spearman,0.9684363223792479,981,pairwise
CS2_37,HF2,48,pearson,-0.7918203522795824,957,pairwise
CS2_37,HF2,48,spearman,-0.9018829807325351,957,pairwise
CS2_37,HF3,48,pearson,0.18611533866031266,953,pairwise
CS2_37,HF3,48,spearman,0.9024211676394805,953,pairwise
CS2_37,HF4,48,pearson,0.8409593041330464,641,pairwise
CS2_37,HF4,48,spearman,0.9268053712802719,641,pairwise
CS2_37,HF5,48,pearson,0.7945216398691426,641,pairwise
CS2_37,HF5,48,spearman,0.8711281839124034,641,pairwise
CS2_37,HF6,48,pearson,0.6820021987466851,641,pairwise
CS2_37,HF6,48,spearman,0.8257353649923509,641,pairwise
CS2_37,HF7,48,pearson,0.9699120004756877,981,pairwise
CS2_37,HF7,48,spearman,0.9679672207247958,981,pairwise
CS2_37,HF8,48,pearson,-0.8304121264270333,957,pairwise
CS2_37,HF8,48,spearman,-0.9127719239751634,957,pairwise
CS2_37,SOH,64,pearson,0.9597408088229086,970,pairwise
CS2_37,SOH,64,spearman,0.9498840344652615,970,pairwise
CS2_37,HF1,64,pearson,0.9674901686580842,967,pairwise
CS2_37,HF1,64,spearman,0.962918885194903,967,pairwise
CS2_37,HF2,64,pearson,-0.835458203559052,943,pairwise
CS2_37,HF2,64,spearman,-0.8951196987890911,943,pairwise
CS2_37,HF3,64,pearson,0.1690881975127432,940,pairwise
CS2_37,HF3,64,spearman,0.8819251623070666,940,pairwise
CS2_37,HF4,64,pearson,0.833032213130678,641,pairwise
CS2_37,HF4,64,spearman,0.9134370398180414,641,pairwise
CS2_37,HF5,64,pearson,0.7727205005733131,641,pairwise
CS2_37,HF5,64,spearman,0.8470069947657721,641,pairwise
CS2_37,HF6,64,pearson,0.6565765700873115,641,pairwise
CS2_37,HF6,64,spearman,0.8008432322273445,641,pairwise
CS2_37,HF7,64,pearson,0.9672987849973361,967,pairwise
CS2_37,HF7,64,spearman,0.9622158276584699,967,pairwise
CS2_37,HF8,64,pearson,-0.8557466940271281,943,pairwise
CS2_37,HF8,64,spearman,-0.9048702965939149,943,pairwise
CS2_38,SOH,1,pearson,0.9487616638193457,1023,pairwise
CS2_38,SOH,1,spearman,0.9565826783275276,1023,pairwise
CS2_38,HF1,1,pearson,0.9675669551222835,1019,pairwise
CS2_38,HF1,1,spearman,0.9660006847818184,1019,pairwise
CS2_38,HF2,1,pearson,-0.6847490981982767,992,pairwise
CS2_38,HF2,1,spearman,-0.6339050774778288,992,pairwise
CS2_38,HF3,1,pearson,0.14415210805768963,988,pairwise
CS2_38,HF3,1,spearman,0.7871150913745999,988,pairwise
CS2_38,HF4,1,pearson,0.9355879659027941,550,pairwise
CS2_38,HF4,1,spearman,0.9512407824638939,550,pairwise
CS2_38,HF5,1,pearson,0.878425670510955,550,pairwise
CS2_38,HF5,1,spearman,0.8380015921915894,550,pairwise
CS2_38,HF6,1,pearson,0.7603123482614713,550,pairwise
CS2_38,HF6,1,spearman,0.7776352617643097,550,pairwise
CS2_38,HF7,1,pearson,0.9674501597577664,1019,pairwise
CS2_38,HF7,1,spearman,0.9642103767315879,1019,pairwise
CS2_38,HF8,1,pearson,-0.7630015837574348,992,pairwise
CS2_38,HF8,1,spearman,-0.7011082891953343,992,pairwise
CS2_38,SOH,4,pearson,0.9473909896212254,1020,pairwise
CS2_38,SOH,4,spearman,0.9518707726554908,1020,pairwise
CS2_38,HF1,4,pearson,0.9632987046640034,1016,pairwise
CS2_38,HF1,4,spearman,0.9581372095042894,1016,pairwise
CS2_38,HF2,4,pearson,-0.6863456587361707,989,pairwise
CS2_38,HF2,4,spearman,-0.6282381872291934,989,pairwise
CS2_38,HF3,4,pearson,0.1610502075233739,985,pairwise
CS2_38,HF3,4,spearman,0.7702106826259726,985,pairwise
CS2_38,HF4,4,pearson,0.8495622781249801,549,pairwise
CS2_38,HF4,4,spearman,0.9272350161903831,549,pairwise
CS2_38,HF5,4,pearson,0.7819112927828928,549,pairwise
CS2_38,HF5,4,spearman,0.7865564342721219,549,pairwise
CS2_38,HF6,4,pearson,0.659348227085239,549,pairwise
CS2_38,HF6,4,spearman,0.7388094371979256,549,pairwise
CS2_38,HF7,4,pearson,0.9631681790230908,1016,pairwise
CS2_38,HF7,4,spearman,0.9563532796924274,1016,pairwise
CS2_38,HF8,4,pearson,-0.762294236932622,989,pairwise
CS2_38,HF8,4,spearman,-0.6942230098112675,989,pairwise
CS2_38,SOH,8,pearson,0.9504747818324197,1016,pairwise
CS2_38,SOH,8,spearman,0.9584093565966747,1016,pairwise
CS2_38,HF1,8,pearson,0.963467963929823,1012,pairwise
CS2_38,HF1,8,spearman,0.9619859896433451,1012,pairwise
CS2_38,HF2,8,pearson,-0.6877829810932793,986,pairwise
CS2_38,HF2,8,spearman,-0.6289543119667509,986,pairwise
CS2_38,HF3,8,pearson,0.15760483527914812,982,pairwise
CS2_38,HF3,8,spearman,0.7738836831959313,982,pairwise
CS2_38,HF4,8,pearson,0.9261082678925557,551,pairwise
CS2_38,HF4,8,spearman,0.9369670667058815,551,pairwise
CS2_38,HF5,8,pearson,0.8593659961029579,551,pairwise
CS2_38,HF5,8,spearman,0.8129246142478999,551,pairwise
CS2_38,HF6,8,pearson,0.7293751227345351,551,pairwise
CS2_38,HF6,8,spearman,0.7513771945556222,551,pairwise
CS2_38,HF7,8,pearson,0.9633761567372855,1012,pairwise
CS2_38,HF7,8,spearman,0.9600717629918868,1012,pairwise
CS2_38,HF8,8,pearson,-0.7652792892511298,986,pairwise
CS2_38,HF8,8,spearman,-0.6938273365653377,986,pairwise
CS2_38,SOH,12,pearson,0.944590444234733,1012,pairwise
CS2_38,SOH,12,spearman,0.949745692898409,1012,pairwise
CS2_38,HF1,12,pearson,0.9612141764256864,1008,pairwise
CS2_38,HF1,12,spearman,0.9544437580103182,1008,pairwise
CS2_38,HF2,12,pearson,-0.6931074167469953,982,pairwise
CS2_38,HF2,12,spearman,-0.623018128567189,982,pairwise
CS2_38,HF3,12,pearson,0.15367784449269942,978,pairwise
CS2_38,HF3,12,spearman,0.7560593808622591,978,pairwise
CS2_38,HF4,12,pearson,0.849871227931593,550,pairwise
CS2_38,HF4,12,spearman,0.918227636515102,550,pairwise
CS2_38,HF5,12,pearson,0.7796273833295888,550,pairwise
CS2_38,HF5,12,spearman,0.7771145269000138,550,pairwise
CS2_38,HF6,12,pearson,0.6456995319439499,550,pairwise
CS2_38,HF6,12,spearman,0.7139019938284253,550,pairwise
CS2_38,HF7,12,pearson,0.9610729248743092,1008,pairwise
CS2_38,HF7,12,spearman,0.9522687963505739,1008,pairwise
CS2_38,HF8,12,pearson,-0.7644622034989939,982,pairwise
CS2_38,HF8,12,spearman,-0.6849038065423104,982,pairwise
CS2_38,SOH,16,pearson,0.9429806513231767,1008,pairwise
CS2_38,SOH,16,spearman,0.9486183669807124,1008,pairwise
CS2_38,HF1,16,pearson,0.9606536462801027,1004,pairwise
CS2_38,HF1,16,spearman,0.9549794453234217,1004,pairwise
CS2_38,HF2,16,pearson,-0.6985259144615765,978,pairwise
CS2_38,HF2,16,spearman,-0.62432885112996,978,pairwise
CS2_38,HF3,16,pearson,0.14995875483442792,974,pairwise
CS2_38,HF3,16,spearman,0.7591328789981532,974,pairwise
CS2_38,HF4,16,pearson,0.8556237532328976,549,pairwise
CS2_38,HF4,16,spearman,0.9196980937773088,549,pairwise
CS2_38,HF5,16,pearson,0.7872395616819189,549,pairwise
CS2_38,HF5,16,spearman,0.7770815973544226,549,pairwise
CS2_38,HF6,16,pearson,0.6607917435394834,549,pairwise
CS2_38,HF6,16,spearman,0.7153040390477541,549,pairwise
CS2_38,HF7,16,pearson,0.9605260056321212,1004,pairwise
CS2_38,HF7,16,spearman,0.9525617713693507,1004,pairwise
CS2_38,HF8,16,pearson,-0.7677793480280559,978,pairwise
CS2_38,HF8,16,spearman,-0.6838346200112475,978,pairwise
CS2_38,SOH,24,pearson,0.9407015617046557,1000,pairwise
CS2_38,SOH,24,spearman,0.9483961083961084,1000,pairwise
CS2_38,HF1,24,pearson,0.9609681292996923,996,pairwise
CS2_38,HF1,24,spearman,0.9566032115842591,996,pairwise
CS2_38,HF2,24,pearson,-0.70165229640074,970,pairwise
CS2_38,HF2,24,spearman,-0.6173431807699861,970,pairwise
CS2_38,HF3,24,pearson,0.12484262517665098,966,pairwise
CS2_38,HF3,24,spearman,0.7520630389304752,966,pairwise
CS2_38,HF4,24,pearson,0.8556823765602188,549,pairwise
CS2_38,HF4,24,spearman,0.9126392318542613,549,pairwise
CS2_38,HF5,24,pearson,0.7831503686921094,549,pairwise
CS2_38,HF5,24,spearman,0.7592221364053362,549,pairwise
CS2_38,HF6,24,pearson,0.6584719426647804,549,pairwise
CS2_38,HF6,24,spearman,0.7000620237669646,549,pairwise
CS2_38,HF7,24,pearson,0.9607689507112818,996,pairwise
CS2_38,HF7,24,spearman,0.954212878143234,996,pairwise
CS2_38,HF8,24,pearson,-0.7699724374914425,970,pairwise
CS2_38,HF8,24,spearman,-0.6753934570559228,970,pairwise
CS2_38,SOH,32,pearson,0.9358601186638937,992,pairwise
CS2_38,SOH,32,spearman,0.9448638024847152,992,pairwise
CS2_38,HF1,32,pearson,0.9544421970151624,988,pairwise
CS2_38,HF1,32,spearman,0.9495645011957142,988,pairwise
CS2_38,HF2,32,pearson,-0.7019981387546294,962,pairwise
CS2_38,HF2,32,spearman,-0.6114466755251764,962,pairwise
CS2_38,HF3,32,pearson,0.13741967038618816,958,pairwise
CS2_38,HF3,32,spearman,0.7413092423147245,958,pairwise
CS2_38,HF4,32,pearson,0.8544885189665188,549,pairwise
CS2_38,HF4,32,spearman,0.9083780245919771,549,pairwise
CS2_38,HF5,32,pearson,0.7784993775184488,549,pairwise
CS2_38,HF5,32,spearman,0.7619643122622661,549,pairwise
CS2_38,HF6,32,pearson,0.6415983875518657,549,pairwise
CS2_38,HF6,32,spearman,0.6936168688004145,549,pairwise
CS2_38,HF7,32,pearson,0.9542759076126738,988,pairwise
CS2_38,HF7,32,spearman,0.9469461422945408,988,pairwise
CS2_38,HF8,32,pearson,-0.7681926242598329,962,pairwise
CS2_38,HF8,32,spearman,-0.6702152825865174,962,pairwise
CS2_38,SOH,48,pearson,0.9282432222853962,976,pairwise
CS2_38,SOH,48,spearman,0.9437238193455788,976,pairwise
CS2_38,HF1,48,pearson,0.9530647831387983,972,pairwise
CS2_38,HF1,48,spearman,0.9543718334798754,972,pairwise
CS2_38,HF2,48,pearson,-0.6835695463876069,946,pairwise
CS2_38,HF2,48,spearman,-0.5876066512936923,946,pairwise
CS2_38,HF3,48,pearson,0.10538420964435907,942,pairwise
CS2_38,HF3,48,spearman,0.7216137090823982,942,pairwise
CS2_38,HF4,48,pearson,0.7868803387633789,549,pairwise
CS2_38,HF4,48,spearman,0.900585899681269,549,pairwise
CS2_38,HF5,48,pearson,0.6946688590311568,549,pairwise
CS2_38,HF5,48,spearman,0.751716615720445,549,pairwise
CS2_38,HF6,48,pearson,0.5705986537990358,549,pairwise
CS2_38,HF6,48,spearman,0.6919047450627295,549,pairwise
CS2_38,HF7,48,pearson,0.9528142410428674,972,pairwise
CS2_38,HF7,48,spearman,0.9520838985662714,972,pairwise
CS2_38,HF8,48,pearson,-0.752384629212597,946,pairwise
CS2_38,HF8,48,spearman,-0.6484520568737644,946,pairwise
CS2_38,SOH,64,pearson,0.9224048829066515,961,pairwise
CS2_38,SOH,64,spearman,0.9415966454728159,961,pairwise
CS2_38,HF1,64,pearson,0.9462998685170956,957,pairwise
CS2_38,HF1,64,spearman,0.9453374270070248,957,pairwise
CS2_38,HF2,64,pearson,-0.6776740088118839,933,pairwise
CS2_38,HF2,64,spearman,-0.5672000191724516,933,pairwise
CS2_38,HF3,64,pearson,0.12443499368507202,929,pairwise
CS2_38,HF3,64,spearman,0.7155089945651848,929,pairwise
CS2_38,HF4,64,pearson,0.7831386758259792,550,pairwise
CS2_38,HF4,64,spearman,0.8948849177262493,550,pairwise
CS2_38,HF5,64,pearson,0.6938139673923217,550,pairwise
CS2_38,HF5,64,spearman,0.7346303113248458,550,pairwise
CS2_38,HF6,64,pearson,0.5660926469417725,550,pairwise
CS2_38,HF6,64,spearman,0.6749562292663656,550,pairwise
CS2_38,HF7,64,pearson,0.9460565184151765,957,pairwise
CS2_38,HF7,64,spearman,0.9424066959380742,957,pairwise
CS2_38,HF8,64,pearson,-0.7495792688812568,933,pairwise
CS2_38,HF8,64,spearman,-0.6305725191232293,933,pairwise
