battery,feature,horizon,metric,value,mae_without,mae_full,model_context,alpha,n_test,rank
CS2_35,Group_CC,1,MAE_minus_full,0.002434171979712685,0.014095787641566326,0.011661615661853642,current_SOH,1.0,881,1.0
CS2_35,Group_CV,1,MAE_minus_full,0.0015423929082866925,0.013204008570140334,0.011661615661853642,current_SOH,1.0,881,2.0
CS2_35,Group_EnergyEfficiency,1,MAE_minus_full,0.0006610816063935664,0.012322697268247208,0.011661615661853642,current_SOH,1.0,881,3.0
CS2_35,Group_DischargeIC,1,MAE_minus_full,2.0446249737344005e-05,0.011682061911590986,0.011661615661853642,current_SOH,1.0,881,4.0
CS2_36,Group_CC,1,MAE_minus_full,0.004198446506221304,0.017864036181910344,0.01366558967568904,current_SOH,1.0,972,1.0
CS2_36,Group_CV,1,MAE_minus_full,0.001791348611621323,0.015456938287310363,0.01366558967568904,current_SOH,1.0,972,2.0
CS2_36,Group_EnergyEfficiency,1,MAE_minus_full,0.0011865373848416998,0.01485212706053074,0.01366558967568904,current_SOH,1.0,972,3.0
CS2_36,Group_DischargeIC,1,MAE_minus_full,-3.098354013849995e-05,0.01363460613555054,0.01366558967568904,current_SOH,1.0,972,4.0
CS2_37,Group_CC,1,MAE_minus_full,0.004333106337020123,0.015966926064325516,0.011633819727305393,current_SOH,1.0,1037,1.0
CS2_37,Group_CV,1,MAE_minus_full,0.0012409767548880162,0.01287479648219341,0.011633819727305393,current_SOH,1.0,1037,2.0
CS2_37,Group_EnergyEfficiency,1,MAE_minus_full,0.0011865619185832676,0.01282038164588866,0.011633819727305393,current_SOH,1.0,1037,3.0
CS2_37,Group_DischargeIC,1,MAE_minus_full,-3.78447374492219e-05,0.011595974989856171,0.011633819727305393,current_SOH,1.0,1037,4.0
CS2_38,Group_CC,1,MAE_minus_full,0.0034018381339870965,0.01565853832337884,0.012256700189391744,current_SOH,1.0,1027,1.0
CS2_38,Group_CV,1,MAE_minus_full,0.003201231402094603,0.015457931591486347,0.012256700189391744,current_SOH,1.0,1027,2.0
CS2_38,Group_EnergyEfficiency,1,MAE_minus_full,0.0010564300224261032,0.013313130211817847,0.012256700189391744,current_SOH,1.0,1027,3.0
CS2_38,Group_DischargeIC,1,MAE_minus_full,4.321864986419656e-05,0.01229991883925594,0.012256700189391744,current_SOH,1.0,1027,4.0
CS2_35,Group_CC,4,MAE_minus_full,0.0024281774918659058,0.016533786157768727,0.014105608665902821,current_SOH,1.0,878,1.0
CS2_35,Group_CV,4,MAE_minus_full,0.0010973442216705327,0.015202952887573354,0.014105608665902821,current_SOH,1.0,878,2.0
CS2_35,Group_EnergyEfficiency,4,MAE_minus_full,0.0006761117228364297,0.01478172038873925,0.014105608665902821,current_SOH,1.0,878,3.0
CS2_35,Group_DischargeIC,4,MAE_minus_full,0.00015720367615223128,0.014262812342055052,0.014105608665902821,current_SOH,1.0,878,4.0
CS2_36,Group_CC,4,MAE_minus_full,0.004240432800764669,0.020546275103790188,0.01630584230302552,current_SOH,1.0,969,1.0
CS2_36,Group_CV,4,MAE_minus_full,0.0014403410836044614,0.01774618338662998,0.01630584230302552,current_SOH,1.0,969,2.0
CS2_36,Group_EnergyEfficiency,4,MAE_minus_full,0.0011834089183438631,0.017489251221369382,0.01630584230302552,current_SOH,1.0,969,3.0
CS2_36,Group_DischargeIC,4,MAE_minus_full,0.00019006298032101313,0.016495905283346532,0.01630584230302552,current_SOH,1.0,969,4.0
CS2_37,Group_CC,4,MAE_minus_full,0.004239058794195312,0.018685098966353356,0.014446040172158043,current_SOH,1.0,1034,1.0
CS2_37,Group_CV,4,MAE_minus_full,0.0010946092145943265,0.01554064938675237,0.014446040172158043,current_SOH,1.0,1034,2.0
CS2_37,Group_EnergyEfficiency,4,MAE_minus_full,0.0010929479586516706,0.015538988130809714,0.014446040172158043,current_SOH,1.0,1034,3.0
CS2_37,Group_DischargeIC,4,MAE_minus_full,-0.00021827402046017443,0.014227766151697869,0.014446040172158043,current_SOH,1.0,1034,4.0
CS2_38,Group_CC,4,MAE_minus_full,0.004054953795206165,0.0191187079549031,0.015063754159696935,current_SOH,1.0,1024,1.0
CS2_38,Group_CV,4,MAE_minus_full,0.002134539558178168,0.017198293717875103,0.015063754159696935,current_SOH,1.0,1024,2.0
CS2_38,Group_EnergyEfficiency,4,MAE_minus_full,0.0012877440171706438,0.01635149817686758,0.015063754159696935,current_SOH,1.0,1024,3.0
CS2_38,Group_DischargeIC,4,MAE_minus_full,0.00014882670360394368,0.015212580863300879,0.015063754159696935,current_SOH,1.0,1024,4.0
CS2_35,Group_CC,8,MAE_minus_full,0.002286433712262056,0.01815121130395891,0.015864777591696855,current_SOH,1.0,874,1.0
CS2_35,Group_CV,8,MAE_minus_full,0.0005899199434475089,0.016454697535144364,0.015864777591696855,current_SOH,1.0,874,3.0
CS2_35,Group_EnergyEfficiency,8,MAE_minus_full,0.0006095538204237798,0.016474331412120635,0.015864777591696855,current_SOH,1.0,874,2.0
CS2_35,Group_DischargeIC,8,MAE_minus_full,0.0002939435972208401,0.016158721188917695,0.015864777591696855,current_SOH,1.0,874,4.0
CS2_36,Group_CC,8,MAE_minus_full,0.0033798852938809708,0.020988378193174752,0.01760849289929378,current_SOH,1.0,965,1.0
CS2_36,Group_CV,8,MAE_minus_full,0.0006205222010901845,0.018229015100383966,0.01760849289929378,current_SOH,1.0,965,2.0
CS2_36,Group_EnergyEfficiency,8,MAE_minus_full,0.0001860089262695555,0.017794501825563337,0.01760849289929378,current_SOH,1.0,965,3.0
CS2_36,Group_DischargeIC,8,MAE_minus_full,8.857230615227918e-05,0.01769706520544606,0.01760849289929378,current_SOH,1.0,965,4.0
CS2_37,Group_CC,8,MAE_minus_full,0.003997669099505078,0.019045748856340732,0.015048079756835654,current_SOH,1.0,1030,1.0
CS2_37,Group_CV,8,MAE_minus_full,0.0006477998247089913,0.015695879581544645,0.015048079756835654,current_SOH,1.0,1030,3.0
CS2_37,Group_EnergyEfficiency,8,MAE_minus_full,0.0006766351147662417,0.015724714871601896,0.015048079756835654,current_SOH,1.0,1030,2.0
CS2_37,Group_DischargeIC,8,MAE_minus_full,-1.55599935065618e-05,0.015032519763329092,0.015048079756835654,current_SOH,1.0,1030,4.0
CS2_38,Group_CC,8,MAE_minus_full,0.004022630580994228,0.01917095680270387,0.015148326221709644,current_SOH,1.0,1020,1.0
CS2_38,Group_CV,8,MAE_minus_full,0.002460654031714457,0.0176089802534241,0.015148326221709644,current_SOH,1.0,1020,2.0
CS2_38,Group_EnergyEfficiency,8,MAE_minus_full,0.001094816724400302,0.016243142946109946,0.015148326221709644,current_SOH,1.0,1020,3.0
CS2_38,Group_DischargeIC,8,MAE_minus_full,8.686209883907066e-05,0.015235188320548715,0.015148326221709644,current_SOH,1.0,1020,4.0
CS2_35,Group_CC,12,MAE_minus_full,0.0021421800855453074,0.020034291749541015,0.017892111663995708,current_SOH,1.0,870,1.0
CS2_35,Group_CV,12,MAE_minus_full,0.0006226863784187416,0.01851479804241445,0.017892111663995708,current_SOH,1.0,870,3.0
CS2_35,Group_EnergyEfficiency,12,MAE_minus_full,0.0005991940684507563,0.018491305732446464,0.017892111663995708,current_SOH,1.0,870,4.0
CS2_35,Group_DischargeIC,12,MAE_minus_full,0.000686434273493422,0.01857854593748913,0.017892111663995708,current_SOH,1.0,870,2.0
CS2_36,Group_CC,12,MAE_minus_full,0.003978908884949575,0.022724594555413032,0.018745685670463457,current_SOH,1.0,961,1.0
CS2_36,Group_CV,12,MAE_minus_full,0.0004543439124959775,0.019200029582959435,0.018745685670463457,current_SOH,1.0,961,4.0
CS2_36,Group_EnergyEfficiency,12,MAE_minus_full,0.0008609889393624177,0.019606674609825875,0.018745685670463457,current_SOH,1.0,961,3.0
CS2_36,Group_DischargeIC,12,MAE_minus_full,0.0010421968704679672,0.019787882540931424,0.018745685670463457,current_SOH,1.0,961,2.0
CS2_37,Group_CC,12,MAE_minus_full,0.0035747187484296943,0.020991565521196444,0.01741684677276675,current_SOH,1.0,1026,1.0
CS2_37,Group_CV,12,MAE_minus_full,0.00019917194369108854,0.017616018716457838,0.01741684677276675,current_SOH,1.0,1026,4.0
CS2_37,Group_EnergyEfficiency,12,MAE_minus_full,0.00043383803961757547,0.017850684812384325,0.01741684677276675,current_SOH,1.0,1026,2.0
CS2_37,Group_DischargeIC,12,MAE_minus_full,0.00038152340853287933,0.01779837018129963,0.01741684677276675,current_SOH,1.0,1026,3.0
CS2_38,Group_CC,12,MAE_minus_full,0.004761380748125023,0.021813829392174383,0.01705244864404936,current_SOH,1.0,1016,1.0
CS2_38,Group_CV,12,MAE_minus_full,0.0019258093701978417,0.018978258014247202,0.01705244864404936,current_SOH,1.0,1016,2.0
CS2_38,Group_EnergyEfficiency,12,MAE_minus_full,0.0016284886740015048,0.018680937318050865,0.01705244864404936,current_SOH,1.0,1016,3.0
CS2_38,Group_DischargeIC,12,MAE_minus_full,0.0007436567128732245,0.017796105356922585,0.01705244864404936,current_SOH,1.0,1016,4.0
CS2_35,Group_CC,16,MAE_minus_full,0.0024045540835634094,0.022322226293007404,0.019917672209443994,current_SOH,1.0,866,1.0
CS2_35,Group_CV,16,MAE_minus_full,0.0003721801226041696,0.020289852332048164,0.019917672209443994,current_SOH,1.0,866,4.0
CS2_35,Group_EnergyEfficiency,16,MAE_minus_full,0.0006982737951469857,0.02061594600459098,0.019917672209443994,current_SOH,1.0,866,2.0
CS2_35,Group_DischargeIC,16,MAE_minus_full,0.0006228561466622984,0.020540528356106293,0.019917672209443994,current_SOH,1.0,866,3.0
CS2_36,Group_CC,16,MAE_minus_full,0.0030886388207132763,0.0239390685102096,0.020850429689496325,current_SOH,1.0,957,1.0
CS2_36,Group_CV,16,MAE_minus_full,-0.00015651670680997057,0.020693912982686354,0.020850429689496325,current_SOH,1.0,957,4.0
CS2_36,Group_EnergyEfficiency,16,MAE_minus_full,0.0006543634059708557,0.02150479309546718,0.020850429689496325,current_SOH,1.0,957,3.0
CS2_36,Group_DischargeIC,16,MAE_minus_full,0.0008692548160370156,0.02171968450553334,0.020850429689496325,current_SOH,1.0,957,2.0
CS2_37,Group_CC,16,MAE_minus_full,0.003060586077678989,0.022047280160787434,0.018986694083108446,current_SOH,1.0,1022,1.0
CS2_37,Group_CV,16,MAE_minus_full,-0.00019384278423735524,0.01879285129887109,0.018986694083108446,current_SOH,1.0,1022,4.0
CS2_37,Group_EnergyEfficiency,16,MAE_minus_full,0.00019559520705701716,0.019182289290165463,0.018986694083108446,current_SOH,1.0,1022,2.0
CS2_37,Group_DischargeIC,16,MAE_minus_full,7.335388151816225e-05,0.019060047964626608,0.018986694083108446,current_SOH,1.0,1022,3.0
CS2_38,Group_CC,16,MAE_minus_full,0.004869103886586838,0.02298869144994823,0.018119587563361392,current_SOH,1.0,1012,1.0
CS2_38,Group_CV,16,MAE_minus_full,0.001583439516654843,0.019703027080016235,0.018119587563361392,current_SOH,1.0,1012,2.0
CS2_38,Group_EnergyEfficiency,16,MAE_minus_full,0.0014584901974965918,0.019578077760857984,0.018119587563361392,current_SOH,1.0,1012,3.0
CS2_38,Group_DischargeIC,16,MAE_minus_full,0.0005846128604728822,0.018704200423834274,0.018119587563361392,current_SOH,1.0,1012,4.0
CS2_35,Group_CC,24,MAE_minus_full,0.0022456555919373594,0.02462736663725822,0.02238171104532086,current_SOH,1.0,858,1.0
CS2_35,Group_CV,24,MAE_minus_full,0.00014892241631271966,0.02253063346163358,0.02238171104532086,current_SOH,1.0,858,4.0
CS2_35,Group_EnergyEfficiency,24,MAE_minus_full,0.000493543095375585,0.022875254140696445,0.02238171104532086,current_SOH,1.0,858,3.0
CS2_35,Group_DischargeIC,24,MAE_minus_full,0.0009212701136031808,0.02330298115892404,0.02238171104532086,current_SOH,1.0,858,2.0
CS2_36,Group_CC,24,MAE_minus_full,0.0016414091061141174,0.025184545022678112,0.023543135916563995,current_SOH,1.0,949,1.0
CS2_36,Group_CV,24,MAE_minus_full,-0.00035465981049770043,0.023188476106066294,0.023543135916563995,current_SOH,1.0,949,4.0
CS2_36,Group_EnergyEfficiency,24,MAE_minus_full,0.0004421128890622003,0.023985248805626195,0.023543135916563995,current_SOH,1.0,949,3.0
CS2_36,Group_DischargeIC,24,MAE_minus_full,0.0007716231292995424,0.024314759045863537,0.023543135916563995,current_SOH,1.0,949,2.0
CS2_37,Group_CC,24,MAE_minus_full,0.0029953624008584416,0.024449625754377636,0.021454263353519194,current_SOH,1.0,1014,1.0
CS2_37,Group_CV,24,MAE_minus_full,-0.0003832956903675813,0.021070967663151613,0.021454263353519194,current_SOH,1.0,1014,4.0
CS2_37,Group_EnergyEfficiency,24,MAE_minus_full,0.00024019341786449613,0.02169445677138369,0.021454263353519194,current_SOH,1.0,1014,2.0
CS2_37,Group_DischargeIC,24,MAE_minus_full,0.0001365967430566363,0.02159086009657583,0.021454263353519194,current_SOH,1.0,1014,3.0
CS2_38,Group_CC,24,MAE_minus_full,0.004932510825320802,0.024981800483929912,0.02004928965860911,current_SOH,1.0,1004,1.0
CS2_38,Group_CV,24,MAE_minus_full,0.0012609558582912968,0.021310245516900406,0.02004928965860911,current_SOH,1.0,1004,3.0
CS2_38,Group_EnergyEfficiency,24,MAE_minus_full,0.00145695326945533,0.02150624292806444,0.02004928965860911,current_SOH,1.0,1004,2.0
CS2_38,Group_DischargeIC,24,MAE_minus_full,0.0009798415285388537,0.021029131187147963,0.02004928965860911,current_SOH,1.0,1004,4.0
CS2_35,Group_CC,32,MAE_minus_full,0.002329585624949445,0.027039024468232354,0.02470943884328291,current_SOH,1.0,850,1.0
CS2_35,Group_CV,32,MAE_minus_full,5.3227520273070594e-06,0.024714761595310216,0.02470943884328291,current_SOH,1.0,850,4.0
CS2_35,Group_EnergyEfficiency,32,MAE_minus_full,0.0005793290280149133,0.025288767871297822,0.02470943884328291,current_SOH,1.0,850,3.0
CS2_35,Group_DischargeIC,32,MAE_minus_full,0.0010617286285936785,0.025771167471876587,0.02470943884328291,current_SOH,1.0,850,2.0
CS2_36,Group_CC,32,MAE_minus_full,0.0024385443069245734,0.027560674720184673,0.0251221304132601,current_SOH,1.0,941,1.0
CS2_36,Group_CV,32,MAE_minus_full,-5.794142076409603e-06,0.02511633627118369,0.0251221304132601,current_SOH,1.0,941,4.0
CS2_36,Group_EnergyEfficiency,32,MAE_minus_full,0.0008053915776988357,0.025927521990958935,0.0251221304132601,current_SOH,1.0,941,3.0
CS2_36,Group_DischargeIC,32,MAE_minus_full,0.0008400474090562542,0.025962177822316353,0.0251221304132601,current_SOH,1.0,941,2.0
CS2_37,Group_CC,32,MAE_minus_full,0.002961645657730279,0.027090898958984345,0.024129253301254067,current_SOH,1.0,1006,1.0
CS2_37,Group_CV,32,MAE_minus_full,-0.00025628667826757545,0.02387296662298649,0.024129253301254067,current_SOH,1.0,1006,4.0
CS2_37,Group_EnergyEfficiency,32,MAE_minus_full,0.0003603654415104511,0.024489618742764518,0.024129253301254067,current_SOH,1.0,1006,2.0
CS2_37,Group_DischargeIC,32,MAE_minus_full,-0.00011047507477315172,0.024018778226480915,0.024129253301254067,current_SOH,1.0,1006,3.0
CS2_38,Group_CC,32,MAE_minus_full,0.005836657470557317,0.027979061665642475,0.022142404195085157,current_SOH,1.0,996,1.0
CS2_38,Group_CV,32,MAE_minus_full,0.0009673725771749304,0.023109776772260088,0.022142404195085157,current_SOH,1.0,996,4.0
CS2_38,Group_EnergyEfficiency,32,MAE_minus_full,0.0018837427152600707,0.024026146910345228,0.022142404195085157,current_SOH,1.0,996,2.0
CS2_38,Group_DischargeIC,32,MAE_minus_full,0.0010894778543844644,0.02323188204946962,0.022142404195085157,current_SOH,1.0,996,3.0
CS2_35,Group_CC,48,MAE_minus_full,0.0025131976695056298,0.029651318944416062,0.027138121274910432,current_SOH,1.0,834,1.0
CS2_35,Group_CV,48,MAE_minus_full,-0.00024031805793274866,0.026897803216977684,0.027138121274910432,current_SOH,1.0,834,4.0
CS2_35,Group_EnergyEfficiency,48,MAE_minus_full,0.0006170919504351925,0.027755213225345625,0.027138121274910432,current_SOH,1.0,834,3.0
CS2_35,Group_DischargeIC,48,MAE_minus_full,0.0015852071304387622,0.028723328405349195,0.027138121274910432,current_SOH,1.0,834,2.0
CS2_36,Group_CC,48,MAE_minus_full,0.002887863424398514,0.03053529739981907,0.027647433975420556,current_SOH,1.0,925,1.0
CS2_36,Group_CV,48,MAE_minus_full,-0.00024923175159839717,0.02739820222382216,0.027647433975420556,current_SOH,1.0,925,4.0
CS2_36,Group_EnergyEfficiency,48,MAE_minus_full,0.0005962353259418469,0.028243669301362403,0.027647433975420556,current_SOH,1.0,925,2.0
CS2_36,Group_DischargeIC,48,MAE_minus_full,0.0002736894008857245,0.02792112337630628,0.027647433975420556,current_SOH,1.0,925,3.0
CS2_37,Group_CC,48,MAE_minus_full,0.003696715459276058,0.02944691076661943,0.025750195307343373,current_SOH,1.0,990,1.0
CS2_37,Group_CV,48,MAE_minus_full,0.00024626439084141777,0.02599645969818479,0.025750195307343373,current_SOH,1.0,990,3.0
CS2_37,Group_EnergyEfficiency,48,MAE_minus_full,0.0008631727372208041,0.026613368044564177,0.025750195307343373,current_SOH,1.0,990,2.0
CS2_37,Group_DischargeIC,48,MAE_minus_full,0.00019987646522256694,0.02595007177256594,0.025750195307343373,current_SOH,1.0,990,4.0
CS2_38,Group_CC,48,MAE_minus_full,0.008272688060918052,0.03190374271989591,0.02363105465897786,current_SOH,1.0,980,1.0
CS2_38,Group_CV,48,MAE_minus_full,0.0013643431545222531,0.024995397813500114,0.02363105465897786,current_SOH,1.0,980,4.0
CS2_38,Group_EnergyEfficiency,48,MAE_minus_full,0.0024900803701676764,0.026121135029145537,0.02363105465897786,current_SOH,1.0,980,2.0
CS2_38,Group_DischargeIC,48,MAE_minus_full,0.0018284871130646273,0.025459541772042488,0.02363105465897786,current_SOH,1.0,980,3.0
CS2_35,Group_CC,64,MAE_minus_full,0.0015961081773892966,0.03152453167933193,0.029928423501942636,current_SOH,1.0,818,2.0
CS2_35,Group_CV,64,MAE_minus_full,-0.0002864115415273996,0.029642011960415236,0.029928423501942636,current_SOH,1.0,818,4.0
CS2_35,Group_EnergyEfficiency,64,MAE_minus_full,0.00011088945549697984,0.030039312957439616,0.029928423501942636,current_SOH,1.0,818,3.0
CS2_35,Group_DischargeIC,64,MAE_minus_full,0.002127400685014276,0.03205582418695691,0.029928423501942636,current_SOH,1.0,818,1.0
CS2_36,Group_CC,64,MAE_minus_full,0.0021942743854811222,0.03272211277273068,0.03052783838724956,current_SOH,1.0,909,1.0
CS2_36,Group_CV,64,MAE_minus_full,-9.295699695942641e-05,0.030434881390290134,0.03052783838724956,current_SOH,1.0,909,4.0
CS2_36,Group_EnergyEfficiency,64,MAE_minus_full,0.0003911528547270067,0.030918991241976567,0.03052783838724956,current_SOH,1.0,909,2.0
CS2_36,Group_DischargeIC,64,MAE_minus_full,0.0003773422875305507,0.03090518067478011,0.03052783838724956,current_SOH,1.0,909,3.0
CS2_37,Group_CC,64,MAE_minus_full,0.005183162840552646,0.0319656563619574,0.02678249352140475,current_SOH,1.0,974,1.0
CS2_37,Group_CV,64,MAE_minus_full,0.0001188297876550011,0.02690132330905975,0.02678249352140475,current_SOH,1.0,974,4.0
CS2_37,Group_EnergyEfficiency,64,MAE_minus_full,0.0012107930192287418,0.027993286540633492,0.02678249352140475,current_SOH,1.0,974,2.0
CS2_37,Group_DischargeIC,64,MAE_minus_full,0.0011410295458738375,0.027923523067278588,0.02678249352140475,current_SOH,1.0,974,3.0
CS2_38,Group_CC,64,MAE_minus_full,0.007360794134640667,0.03507299838942887,0.027712204254788205,current_SOH,1.0,964,1.0
CS2_38,Group_CV,64,MAE_minus_full,-0.0007531074947473675,0.026959096760040838,0.027712204254788205,current_SOH,1.0,964,4.0
CS2_38,Group_EnergyEfficiency,64,MAE_minus_full,0.0030624247762741086,0.030774629031062314,0.027712204254788205,current_SOH,1.0,964,2.0
CS2_38,Group_DischargeIC,64,MAE_minus_full,0.0005166263604884334,0.02822883061527664,0.027712204254788205,current_SOH,1.0,964,3.0
CS2_35,Group_CC,1,MAE_minus_full,0.0006857052775808455,0.013266267683511352,0.012580562405930506,history_L32,1.0,850,1.0
CS2_35,Group_CV,1,MAE_minus_full,-0.00019462688340662372,0.012385935522523882,0.012580562405930506,history_L32,1.0,850,4.0
CS2_35,Group_EnergyEfficiency,1,MAE_minus_full,0.0003484098721380051,0.012928972278068511,0.012580562405930506,history_L32,1.0,850,2.0
CS2_35,Group_DischargeIC,1,MAE_minus_full,4.691095307936613e-05,0.012627473359009872,0.012580562405930506,history_L32,1.0,850,3.0
CS2_36,Group_CC,1,MAE_minus_full,0.0008586300481576194,0.016584356755901638,0.01572572670774402,history_L32,1.0,941,1.0
CS2_36,Group_CV,1,MAE_minus_full,-3.0306384721477675e-05,0.01569542032302254,0.01572572670774402,history_L32,1.0,941,4.0
CS2_36,Group_EnergyEfficiency,1,MAE_minus_full,0.0003134139500800444,0.016039140657824063,0.01572572670774402,history_L32,1.0,941,2.0
CS2_36,Group_DischargeIC,1,MAE_minus_full,4.9365081094116664e-05,0.015775091788838135,0.01572572670774402,history_L32,1.0,941,3.0
CS2_37,Group_CC,1,MAE_minus_full,0.0006343362982215977,0.013062096039353401,0.012427759741131804,history_L32,1.0,1006,1.0
CS2_37,Group_CV,1,MAE_minus_full,4.891926684762529e-05,0.012476679007979429,0.012427759741131804,history_L32,1.0,1006,4.0
CS2_37,Group_EnergyEfficiency,1,MAE_minus_full,0.0002988212744689852,0.012726581015600789,0.012427759741131804,history_L32,1.0,1006,2.0
CS2_37,Group_DischargeIC,1,MAE_minus_full,0.00024533549635513165,0.012673095237486935,0.012427759741131804,history_L32,1.0,1006,3.0
CS2_38,Group_CC,1,MAE_minus_full,0.0009244679811386113,0.015008193304754842,0.014083725323616231,history_L32,1.0,996,1.0
CS2_38,Group_CV,1,MAE_minus_full,0.00036837069269904203,0.014452096016315273,0.014083725323616231,history_L32,1.0,996,3.0
CS2_38,Group_EnergyEfficiency,1,MAE_minus_full,0.0003962807507871275,0.014480006074403359,0.014083725323616231,history_L32,1.0,996,2.0
CS2_38,Group_DischargeIC,1,MAE_minus_full,0.0002001783445578758,0.014283903668174107,0.014083725323616231,history_L32,1.0,996,4.0
CS2_35,Group_CC,4,MAE_minus_full,0.0005520252719950422,0.014725997412982613,0.01417397214098757,history_L32,1.0,847,1.0
CS2_35,Group_CV,4,MAE_minus_full,-7.350188759955821e-05,0.014100470253388012,0.01417397214098757,history_L32,1.0,847,4.0
CS2_35,Group_EnergyEfficiency,4,MAE_minus_full,0.00033716499412694487,0.014511137135114515,0.01417397214098757,history_L32,1.0,847,2.0
CS2_35,Group_DischargeIC,4,MAE_minus_full,0.00018156916183413759,0.014355541302821708,0.01417397214098757,history_L32,1.0,847,3.0
CS2_36,Group_CC,4,MAE_minus_full,0.0006442008959025511,0.018263983726697793,0.017619782830795242,history_L32,1.0,938,1.0
CS2_36,Group_CV,4,MAE_minus_full,5.9958051704007975e-06,0.017625778635965643,0.017619782830795242,history_L32,1.0,938,3.0
CS2_36,Group_EnergyEfficiency,4,MAE_minus_full,0.0003261019190916835,0.017945884749886926,0.017619782830795242,history_L32,1.0,938,2.0
CS2_36,Group_DischargeIC,4,MAE_minus_full,-6.464013815460357e-05,0.01755514269264064,0.017619782830795242,history_L32,1.0,938,4.0
CS2_37,Group_CC,4,MAE_minus_full,0.0003534925891725046,0.015040911223063126,0.014687418633890621,history_L32,1.0,1003,1.0
CS2_37,Group_CV,4,MAE_minus_full,5.4543181134385915e-06,0.01469287295200406,0.014687418633890621,history_L32,1.0,1003,3.0
CS2_37,Group_EnergyEfficiency,4,MAE_minus_full,0.00017372787324137703,0.014861146507131998,0.014687418633890621,history_L32,1.0,1003,2.0
CS2_37,Group_DischargeIC,4,MAE_minus_full,-9.766822415830864e-05,0.014589750409732313,0.014687418633890621,history_L32,1.0,1003,4.0
CS2_38,Group_CC,4,MAE_minus_full,0.0006932478882116008,0.01625224499624069,0.015558997108029089,history_L32,1.0,993,1.0
CS2_38,Group_CV,4,MAE_minus_full,-7.292974724284508e-05,0.015486067360786244,0.015558997108029089,history_L32,1.0,993,4.0
CS2_38,Group_EnergyEfficiency,4,MAE_minus_full,0.0003823685409812764,0.015941365649010365,0.015558997108029089,history_L32,1.0,993,2.0
CS2_38,Group_DischargeIC,4,MAE_minus_full,0.0001363427990072521,0.01569533990703634,0.015558997108029089,history_L32,1.0,993,3.0
CS2_35,Group_CC,8,MAE_minus_full,0.0006073778235363668,0.016134541455095266,0.015527163631558899,history_L32,1.0,843,1.0
CS2_35,Group_CV,8,MAE_minus_full,-0.00026090634334557244,0.015266257288213327,0.015527163631558899,history_L32,1.0,843,4.0
CS2_35,Group_EnergyEfficiency,8,MAE_minus_full,0.0003010594836054224,0.01582822311516432,0.015527163631558899,history_L32,1.0,843,3.0
CS2_35,Group_DischargeIC,8,MAE_minus_full,0.0004255731766778341,0.015952736808236733,0.015527163631558899,history_L32,1.0,843,2.0
CS2_36,Group_CC,8,MAE_minus_full,0.0008994814642123809,0.020082803343194826,0.019183321878982446,history_L32,1.0,934,1.0
CS2_36,Group_CV,8,MAE_minus_full,-0.00014590933347273516,0.01903741254550971,0.019183321878982446,history_L32,1.0,934,4.0
CS2_36,Group_EnergyEfficiency,8,MAE_minus_full,0.00032042393050445844,0.019503745809486904,0.019183321878982446,history_L32,1.0,934,2.0
CS2_36,Group_DischargeIC,8,MAE_minus_full,-2.907970308870661e-05,0.01915424217589374,0.019183321878982446,history_L32,1.0,934,3.0
CS2_37,Group_CC,8,MAE_minus_full,0.0006597383399573713,0.01629642222883539,0.015636683888878018,history_L32,1.0,999,1.0
CS2_37,Group_CV,8,MAE_minus_full,-3.716301839274544e-05,0.015599520870485273,0.015636683888878018,history_L32,1.0,999,4.0
CS2_37,Group_EnergyEfficiency,8,MAE_minus_full,0.00023794767897094074,0.01587463156784896,0.015636683888878018,history_L32,1.0,999,2.0
CS2_37,Group_DischargeIC,8,MAE_minus_full,8.069123359450564e-06,0.01564475301223747,0.015636683888878018,history_L32,1.0,999,3.0
CS2_38,Group_CC,8,MAE_minus_full,0.0007929351093038679,0.016398694011507044,0.015605758902203176,history_L32,1.0,989,1.0
CS2_38,Group_CV,8,MAE_minus_full,0.00016978735698401116,0.015775546259187187,0.015605758902203176,history_L32,1.0,989,4.0
CS2_38,Group_EnergyEfficiency,8,MAE_minus_full,0.0003504369581756716,0.015956195860378847,0.015605758902203176,history_L32,1.0,989,2.0
CS2_38,Group_DischargeIC,8,MAE_minus_full,0.0002717654362749244,0.0158775243384781,0.015605758902203176,history_L32,1.0,989,3.0
CS2_35,Group_CC,12,MAE_minus_full,0.000299209558979191,0.017145349099962272,0.01684613954098308,history_L32,1.0,839,2.0
CS2_35,Group_CV,12,MAE_minus_full,0.00016345016025635928,0.01700958970123944,0.01684613954098308,history_L32,1.0,839,3.0
CS2_35,Group_EnergyEfficiency,12,MAE_minus_full,0.00014254552231713138,0.016988685063300212,0.01684613954098308,history_L32,1.0,839,4.0
CS2_35,Group_DischargeIC,12,MAE_minus_full,0.00040667396907946574,0.017252813510062547,0.01684613954098308,history_L32,1.0,839,1.0
CS2_36,Group_CC,12,MAE_minus_full,0.0006223312526753497,0.021144683881590423,0.020522352628915073,history_L32,1.0,930,1.0
CS2_36,Group_CV,12,MAE_minus_full,0.00013067611820121242,0.020653028747116286,0.020522352628915073,history_L32,1.0,930,4.0
CS2_36,Group_EnergyEfficiency,12,MAE_minus_full,0.0003152808821353728,0.020837633511050446,0.020522352628915073,history_L32,1.0,930,2.0
CS2_36,Group_DischargeIC,12,MAE_minus_full,0.00023996776439363932,0.020762320393308713,0.020522352628915073,history_L32,1.0,930,3.0
CS2_37,Group_CC,12,MAE_minus_full,0.000489768266427635,0.017837817619267733,0.017348049352840098,history_L32,1.0,995,1.0
CS2_37,Group_CV,12,MAE_minus_full,-4.2559749853093853e-05,0.017305489602987004,0.017348049352840098,history_L32,1.0,995,3.0
CS2_37,Group_EnergyEfficiency,12,MAE_minus_full,0.00021974557591468782,0.017567794928754786,0.017348049352840098,history_L32,1.0,995,2.0
CS2_37,Group_DischargeIC,12,MAE_minus_full,-0.00010177934991576626,0.017246270002924332,0.017348049352840098,history_L32,1.0,995,4.0
CS2_38,Group_CC,12,MAE_minus_full,0.000869769575245101,0.017893717806588563,0.017023948231343462,history_L32,1.0,985,1.0
CS2_38,Group_CV,12,MAE_minus_full,-0.00028611325572284324,0.01673783497562062,0.017023948231343462,history_L32,1.0,985,4.0
CS2_38,Group_EnergyEfficiency,12,MAE_minus_full,0.0004916599176877576,0.01751560814903122,0.017023948231343462,history_L32,1.0,985,3.0
CS2_38,Group_DischargeIC,12,MAE_minus_full,0.00054759107323284,0.017571539304576302,0.017023948231343462,history_L32,1.0,985,2.0
CS2_35,Group_CC,16,MAE_minus_full,0.00018082909949804563,0.018264378337676013,0.018083549238177968,history_L32,1.0,835,2.0
CS2_35,Group_CV,16,MAE_minus_full,-2.5994313551238463e-05,0.01805755492462673,0.018083549238177968,history_L32,1.0,835,4.0
CS2_35,Group_EnergyEfficiency,16,MAE_minus_full,7.823345023510314e-05,0.01816178268841307,0.018083549238177968,history_L32,1.0,835,3.0
CS2_35,Group_DischargeIC,16,MAE_minus_full,0.0005469729017044296,0.018630522139882397,0.018083549238177968,history_L32,1.0,835,1.0
CS2_36,Group_CC,16,MAE_minus_full,0.0005337826175986354,0.022249292974361297,0.02171551035676266,history_L32,1.0,926,1.0
CS2_36,Group_CV,16,MAE_minus_full,0.000122911311847676,0.021838421668610337,0.02171551035676266,history_L32,1.0,926,4.0
CS2_36,Group_EnergyEfficiency,16,MAE_minus_full,0.00024572329957861516,0.021961233656341277,0.02171551035676266,history_L32,1.0,926,2.0
CS2_36,Group_DischargeIC,16,MAE_minus_full,0.00020194868735920468,0.021917459044121866,0.02171551035676266,history_L32,1.0,926,3.0
CS2_37,Group_CC,16,MAE_minus_full,0.0004600721961207574,0.019377792094466467,0.01891771989834571,history_L32,1.0,991,1.0
CS2_37,Group_CV,16,MAE_minus_full,-5.69730312096825e-06,0.01891202259522474,0.01891771989834571,history_L32,1.0,991,3.0
CS2_37,Group_EnergyEfficiency,16,MAE_minus_full,0.00019954793782842734,0.019117267836174137,0.01891771989834571,history_L32,1.0,991,2.0
CS2_37,Group_DischargeIC,16,MAE_minus_full,-0.00044343430638708534,0.018474285591958624,0.01891771989834571,history_L32,1.0,991,4.0
CS2_38,Group_CC,16,MAE_minus_full,0.0006272908411459957,0.018589835264833744,0.01796254442368775,history_L32,1.0,981,1.0
CS2_38,Group_CV,16,MAE_minus_full,-0.00028568902141601,0.01767685540227174,0.01796254442368775,history_L32,1.0,981,4.0
CS2_38,Group_EnergyEfficiency,16,MAE_minus_full,0.00033810366353495547,0.018300648087222704,0.01796254442368775,history_L32,1.0,981,3.0
CS2_38,Group_DischargeIC,16,MAE_minus_full,0.0004646433384267422,0.01842718776211449,0.01796254442368775,history_L32,1.0,981,2.0
CS2_35,Group_CC,24,MAE_minus_full,0.00011887282732338245,0.02026858097708242,0.020149708149759037,history_L32,1.0,827,2.0
CS2_35,Group_CV,24,MAE_minus_full,2.280129544458831e-06,0.020151988279303496,0.020149708149759037,history_L32,1.0,827,4.0
CS2_35,Group_EnergyEfficiency,24,MAE_minus_full,2.1262599407628757e-05,0.020170970749166666,0.020149708149759037,history_L32,1.0,827,3.0
CS2_35,Group_DischargeIC,24,MAE_minus_full,0.000667573716033841,0.02081728186579288,0.020149708149759037,history_L32,1.0,827,1.0
CS2_36,Group_CC,24,MAE_minus_full,0.0005139918231644135,0.024275795071587784,0.02376180324842337,history_L32,1.0,918,1.0
CS2_36,Group_CV,24,MAE_minus_full,5.188580173197399e-05,0.023813689050155344,0.02376180324842337,history_L32,1.0,918,4.0
CS2_36,Group_EnergyEfficiency,24,MAE_minus_full,0.00013424938975569942,0.02389605263817907,0.02376180324842337,history_L32,1.0,918,3.0
CS2_36,Group_DischargeIC,24,MAE_minus_full,0.0001452878162173342,0.023907091064640704,0.02376180324842337,history_L32,1.0,918,2.0
CS2_37,Group_CC,24,MAE_minus_full,0.00039175068759473783,0.02102064226197465,0.02062889157437991,history_L32,1.0,983,1.0
CS2_37,Group_CV,24,MAE_minus_full,2.9083705683462246e-05,0.020657975280063374,0.02062889157437991,history_L32,1.0,983,3.0
CS2_37,Group_EnergyEfficiency,24,MAE_minus_full,0.00015642539694103036,0.020785316971320942,0.02062889157437991,history_L32,1.0,983,2.0
CS2_37,Group_DischargeIC,24,MAE_minus_full,-0.0002849187565524061,0.020343972817827505,0.02062889157437991,history_L32,1.0,983,4.0
CS2_38,Group_CC,24,MAE_minus_full,0.0006442033464501076,0.020225137133277084,0.019580933786826977,history_L32,1.0,973,2.0
CS2_38,Group_CV,24,MAE_minus_full,-0.00046521505534883115,0.019115718731478146,0.019580933786826977,history_L32,1.0,973,4.0
CS2_38,Group_EnergyEfficiency,24,MAE_minus_full,0.0002370879696252104,0.019818021756452187,0.019580933786826977,history_L32,1.0,973,3.0
CS2_38,Group_DischargeIC,24,MAE_minus_full,0.0008850782802290215,0.020466012067056,0.019580933786826977,history_L32,1.0,973,1.0
CS2_35,Group_CC,32,MAE_minus_full,0.0001053108809700061,0.022299163392228913,0.022193852511258907,history_L32,1.0,819,2.0
CS2_35,Group_CV,32,MAE_minus_full,-3.4954230639337724e-05,0.02215889828061957,0.022193852511258907,history_L32,1.0,819,4.0
CS2_35,Group_EnergyEfficiency,32,MAE_minus_full,-4.037336871619279e-06,0.022189815174387287,0.022193852511258907,history_L32,1.0,819,3.0
CS2_35,Group_DischargeIC,32,MAE_minus_full,0.0007845193031032933,0.0229783718143622,0.022193852511258907,history_L32,1.0,819,1.0
CS2_36,Group_CC,32,MAE_minus_full,0.00037051837054989656,0.02560937022850256,0.025238851857952663,history_L32,1.0,910,1.0
CS2_36,Group_CV,32,MAE_minus_full,0.00013157977991027497,0.02537043163786294,0.025238851857952663,history_L32,1.0,910,3.0
CS2_36,Group_EnergyEfficiency,32,MAE_minus_full,0.00020935300647097546,0.02544820486442364,0.025238851857952663,history_L32,1.0,910,2.0
CS2_36,Group_DischargeIC,32,MAE_minus_full,8.557331205103283e-05,0.025324425170003696,0.025238851857952663,history_L32,1.0,910,4.0
CS2_37,Group_CC,32,MAE_minus_full,0.00031013438723697176,0.02294913457594648,0.02263900018870951,history_L32,1.0,975,1.0
CS2_37,Group_CV,32,MAE_minus_full,-3.14526571125566e-05,0.022607547531596953,0.02263900018870951,history_L32,1.0,975,3.0
CS2_37,Group_EnergyEfficiency,32,MAE_minus_full,0.0001647112915769272,0.022803711480286436,0.02263900018870951,history_L32,1.0,975,2.0
CS2_37,Group_DischargeIC,32,MAE_minus_full,-0.00044419639404587666,0.022194803794663633,0.02263900018870951,history_L32,1.0,975,4.0
CS2_38,Group_CC,32,MAE_minus_full,0.0006706893066999245,0.02234773051336677,0.021677041206666844,history_L32,1.0,965,2.0
CS2_38,Group_CV,32,MAE_minus_full,-0.0005063595545842549,0.02117068165208259,0.021677041206666844,history_L32,1.0,965,4.0
CS2_38,Group_EnergyEfficiency,32,MAE_minus_full,0.0004165806671075807,0.022093621873774425,0.021677041206666844,history_L32,1.0,965,3.0
CS2_38,Group_DischargeIC,32,MAE_minus_full,0.0009941876120442214,0.022671228818711066,0.021677041206666844,history_L32,1.0,965,1.0
CS2_35,Group_CC,48,MAE_minus_full,0.00012709781234068046,0.024532901825469505,0.024405804013128824,history_L32,1.0,803,2.0
CS2_35,Group_CV,48,MAE_minus_full,-4.337915275593601e-05,0.024362424860372888,0.024405804013128824,history_L32,1.0,803,4.0
CS2_35,Group_EnergyEfficiency,48,MAE_minus_full,-2.916939120292325e-05,0.0243766346219259,0.024405804013128824,history_L32,1.0,803,3.0
CS2_35,Group_DischargeIC,48,MAE_minus_full,0.0006093524500340383,0.025015156463162862,0.024405804013128824,history_L32,1.0,803,1.0
CS2_36,Group_CC,48,MAE_minus_full,0.0004270691818659862,0.028547287739566368,0.02812021855770038,history_L32,1.0,894,1.0
CS2_36,Group_CV,48,MAE_minus_full,7.174484335574147e-05,0.028191963401056123,0.02812021855770038,history_L32,1.0,894,3.0
CS2_36,Group_EnergyEfficiency,48,MAE_minus_full,0.00017168864214724827,0.02829190719984763,0.02812021855770038,history_L32,1.0,894,2.0
CS2_36,Group_DischargeIC,48,MAE_minus_full,-0.00023925037159501505,0.027880968186105366,0.02812021855770038,history_L32,1.0,894,4.0
CS2_37,Group_CC,48,MAE_minus_full,0.00034007896980154523,0.024382794532839563,0.024042715563038018,history_L32,1.0,959,1.0
CS2_37,Group_CV,48,MAE_minus_full,-9.707241797742017e-05,0.023945643145060598,0.024042715563038018,history_L32,1.0,959,3.0
CS2_37,Group_EnergyEfficiency,48,MAE_minus_full,0.0001543301120709474,0.024197045675108966,0.024042715563038018,history_L32,1.0,959,2.0
CS2_37,Group_DischargeIC,48,MAE_minus_full,-0.0006036897623687872,0.02343902580066923,0.024042715563038018,history_L32,1.0,959,4.0
CS2_38,Group_CC,48,MAE_minus_full,0.0008055021017568699,0.024486076025668827,0.023680573923911957,history_L32,1.0,949,1.0
CS2_38,Group_CV,48,MAE_minus_full,-0.0010289219128188087,0.02265165201109315,0.023680573923911957,history_L32,1.0,949,4.0
CS2_38,Group_EnergyEfficiency,48,MAE_minus_full,0.0004725466062087541,0.02415312053012071,0.023680573923911957,history_L32,1.0,949,3.0
CS2_38,Group_DischargeIC,48,MAE_minus_full,0.0005920366976176379,0.024272610621529595,0.023680573923911957,history_L32,1.0,949,2.0
CS2_35,Group_CC,64,MAE_minus_full,-8.633169063450644e-05,0.02712206932287471,0.027208401013509218,history_L32,1.0,787,3.0
CS2_35,Group_CV,64,MAE_minus_full,0.00013345699503622757,0.027341858008545446,0.027208401013509218,history_L32,1.0,787,2.0
CS2_35,Group_EnergyEfficiency,64,MAE_minus_full,-0.00010838204770994425,0.027100018965799274,0.027208401013509218,history_L32,1.0,787,4.0
CS2_35,Group_DischargeIC,64,MAE_minus_full,0.001102629554182135,0.028311030567691353,0.027208401013509218,history_L32,1.0,787,1.0
CS2_36,Group_CC,64,MAE_minus_full,0.00036967008497998735,0.03138952736021759,0.031019857275237605,history_L32,1.0,878,1.0
CS2_36,Group_CV,64,MAE_minus_full,0.000123475124851051,0.031143332400088656,0.031019857275237605,history_L32,1.0,878,3.0
CS2_36,Group_EnergyEfficiency,64,MAE_minus_full,0.0002159090447838366,0.03123576632002144,0.031019857275237605,history_L32,1.0,878,2.0
CS2_36,Group_DischargeIC,64,MAE_minus_full,-0.0004546097606983046,0.0305652475145393,0.031019857275237605,history_L32,1.0,878,4.0
CS2_37,Group_CC,64,MAE_minus_full,0.00037302163316670425,0.024720556052035356,0.024347534418868652,history_L32,1.0,943,1.0
CS2_37,Group_CV,64,MAE_minus_full,0.00020192360431967385,0.024549458023188326,0.024347534418868652,history_L32,1.0,943,4.0
CS2_37,Group_EnergyEfficiency,64,MAE_minus_full,0.0002036120457919767,0.02455114646466063,0.024347534418868652,history_L32,1.0,943,3.0
CS2_37,Group_DischargeIC,64,MAE_minus_full,0.00023771227094540257,0.024585246689814055,0.024347534418868652,history_L32,1.0,943,2.0
CS2_38,Group_CC,64,MAE_minus_full,0.00041418848705451067,0.025872308725100986,0.025458120238046476,history_L32,1.0,933,2.0
CS2_38,Group_CV,64,MAE_minus_full,-0.0015558268755326045,0.02390229336251387,0.025458120238046476,history_L32,1.0,933,4.0
CS2_38,Group_EnergyEfficiency,64,MAE_minus_full,0.0004996481462912275,0.025957768384337703,0.025458120238046476,history_L32,1.0,933,1.0
CS2_38,Group_DischargeIC,64,MAE_minus_full,0.00037349898717086577,0.02583161922521734,0.025458120238046476,history_L32,1.0,933,3.0
