battery,feature,horizon,metric,value,rmse,alpha,history_length,n_test
CS2_35,A_drop_HF456,1,MAE,0.01183674101129749,0.03051707248255832,0.01,1,881
CS2_35,A_drop_HF456,1,MAE,0.01174615555473656,0.030573355146575238,0.1,1,881
CS2_35,A_drop_HF456,1,MAE,0.011682061911590986,0.030586887043231616,1.0,1,881
CS2_35,A_drop_HF456,1,MAE,0.011572875181604844,0.030366829791088155,10.0,1,881
CS2_35,A_drop_HF456,1,MAE,0.012037947779348803,0.029674355929303387,100.0,1,881
CS2_36,A_drop_HF456,1,MAE,0.013486926032669953,0.05188341212607039,0.01,1,972
CS2_36,A_drop_HF456,1,MAE,0.013564551775152905,0.05191783953714196,0.1,1,972
CS2_36,A_drop_HF456,1,MAE,0.01363460613555054,0.05194684954576007,1.0,1,972
CS2_36,A_drop_HF456,1,MAE,0.013592821212509291,0.05195903122067095,10.0,1,972
CS2_36,A_drop_HF456,1,MAE,0.01485301318948837,0.05219347958609395,100.0,1,972
CS2_37,A_drop_HF456,1,MAE,0.011722532932900601,0.03846862179537404,0.01,1,1037
CS2_37,A_drop_HF456,1,MAE,0.011623636223605195,0.038497231599116395,0.1,1,1037
CS2_37,A_drop_HF456,1,MAE,0.011595974989856171,0.0385310190195272,1.0,1,1037
CS2_37,A_drop_HF456,1,MAE,0.011638278582843728,0.038601282308007495,10.0,1,1037
CS2_37,A_drop_HF456,1,MAE,0.012743872973574606,0.03928025016274868,100.0,1,1037
CS2_38,A_drop_HF456,1,MAE,0.012796102316800166,0.04496201690237712,0.01,1,1027
CS2_38,A_drop_HF456,1,MAE,0.012409466383716875,0.044795852628760326,0.1,1,1027
CS2_38,A_drop_HF456,1,MAE,0.01229991883925594,0.04473179563300401,1.0,1,1027
CS2_38,A_drop_HF456,1,MAE,0.012404380233414702,0.04474862927759553,10.0,1,1027
CS2_38,A_drop_HF456,1,MAE,0.013970301919760498,0.045054752878224476,100.0,1,1027
CS2_35,B_HF456_median,1,MAE,0.011951665532172806,0.0304929934602844,0.01,1,881
CS2_35,B_HF456_median,1,MAE,0.0117635492224516,0.030573182316231223,0.1,1,881
CS2_35,B_HF456_median,1,MAE,0.011661615661853642,0.030593476303486297,1.0,1,881
CS2_35,B_HF456_median,1,MAE,0.01153763075690658,0.030365174644419086,10.0,1,881
CS2_35,B_HF456_median,1,MAE,0.011957730363783628,0.029636763818307384,100.0,1,881
CS2_36,B_HF456_median,1,MAE,0.01360657494984057,0.05191149502621618,0.01,1,972
CS2_36,B_HF456_median,1,MAE,0.013631340260504289,0.05196306195141109,0.1,1,972
CS2_36,B_HF456_median,1,MAE,0.01366558967568904,0.05199834791583245,1.0,1,972
CS2_36,B_HF456_median,1,MAE,0.013664975878848898,0.05202002898641763,10.0,1,972
CS2_36,B_HF456_median,1,MAE,0.014936876626449007,0.05226282229452578,100.0,1,972
CS2_37,B_HF456_median,1,MAE,0.011727083092708316,0.038436058806469484,0.01,1,1037
CS2_37,B_HF456_median,1,MAE,0.011641093499492558,0.03848569047005489,0.1,1,1037
CS2_37,B_HF456_median,1,MAE,0.011633819727305393,0.038529322716326767,1.0,1,1037
CS2_37,B_HF456_median,1,MAE,0.01172866426882843,0.038606099847084074,10.0,1,1037
CS2_37,B_HF456_median,1,MAE,0.012977531332805763,0.03929918082219576,100.0,1,1037
CS2_38,B_HF456_median,1,MAE,0.012936260821100375,0.045136096085336724,0.01,1,1027
CS2_38,B_HF456_median,1,MAE,0.012385279369834667,0.04486588494652624,0.1,1,1027
CS2_38,B_HF456_median,1,MAE,0.012256700189391744,0.044772587645672615,1.0,1,1027
CS2_38,B_HF456_median,1,MAE,0.012328487378424255,0.044770518386939205,10.0,1,1027
CS2_38,B_HF456_median,1,MAE,0.013753215290987764,0.04504508237812861,100.0,1,1027
CS2_35,B_HF456_median_indicators,1,MAE,0.012017791521917138,0.030372221024416113,0.01,1,881
CS2_35,B_HF456_median_indicators,1,MAE,0.011782338085863528,0.03049136369576841,0.1,1,881
CS2_35,B_HF456_median_indicators,1,MAE,0.011669700998983137,0.030532023821179203,1.0,1,881
CS2_35,B_HF456_median_indicators,1,MAE,0.011571177503480901,0.030312633154888937,10.0,1,881
CS2_35,B_HF456_median_indicators,1,MAE,0.011969651083936857,0.029627865214469855,100.0,1,881
CS2_36,B_HF456_median_indicators,1,MAE,0.013682911252559767,0.051836127229687674,0.01,1,972
CS2_36,B_HF456_median_indicators,1,MAE,0.013698283337817604,0.051913248177172015,0.1,1,972
CS2_36,B_HF456_median_indicators,1,MAE,0.013735314356907061,0.05196183511367442,1.0,1,972
CS2_36,B_HF456_median_indicators,1,MAE,0.013749645891284936,0.051986894465868114,10.0,1,972
CS2_36,B_HF456_median_indicators,1,MAE,0.014933195478048535,0.05226415010692736,100.0,1,972
CS2_37,B_HF456_median_indicators,1,MAE,0.011983615078000054,0.03846780355207633,0.01,1,1037
CS2_37,B_HF456_median_indicators,1,MAE,0.011875269319224443,0.03853609032971038,0.1,1,1037
CS2_37,B_HF456_median_indicators,1,MAE,0.011874605337930657,0.038591941222659944,1.0,1,1037
CS2_37,B_HF456_median_indicators,1,MAE,0.011965875938653637,0.03867499169055695,10.0,1,1037
CS2_37,B_HF456_median_indicators,1,MAE,0.013046773248764193,0.03933583780833119,100.0,1,1037
CS2_38,B_HF456_median_indicators,1,MAE,0.01368202122065964,0.04573087753544919,0.01,1,1027
CS2_38,B_HF456_median_indicators,1,MAE,0.012607616003054342,0.045176595313894015,0.1,1,1027
CS2_38,B_HF456_median_indicators,1,MAE,0.01222092360190598,0.044993096126917376,1.0,1,1027
CS2_38,B_HF456_median_indicators,1,MAE,0.012035305220750806,0.04488648201776924,10.0,1,1027
CS2_38,B_HF456_median_indicators,1,MAE,0.013964339767221097,0.045087820781735156,100.0,1,1027
CS2_35,B_missing_mask_only,1,MAE,0.013580248857624549,0.0315858781296886,0.01,1,881
CS2_35,B_missing_mask_only,1,MAE,0.01358222566183975,0.03158685713099839,0.1,1,881
CS2_35,B_missing_mask_only,1,MAE,0.013602234514509209,0.03159670787793496,1.0,1,881
CS2_35,B_missing_mask_only,1,MAE,0.013811103395322984,0.0317011645684905,10.0,1,881
CS2_35,B_missing_mask_only,1,MAE,0.016366337538831696,0.0332276738991922,100.0,1,881
CS2_36,B_missing_mask_only,1,MAE,0.016830857544954236,0.06390759046625975,0.01,1,972
CS2_36,B_missing_mask_only,1,MAE,0.01683456094165378,0.06390746965269364,0.1,1,972
CS2_36,B_missing_mask_only,1,MAE,0.01687227396610152,0.06390631704436402,1.0,1,972
CS2_36,B_missing_mask_only,1,MAE,0.017281684566719475,0.06390212803870798,10.0,1,972
CS2_36,B_missing_mask_only,1,MAE,0.022322214133025334,0.06453918024028718,100.0,1,972
CS2_37,B_missing_mask_only,1,MAE,0.015181471082626925,0.05041041417329465,0.01,1,1037
CS2_37,B_missing_mask_only,1,MAE,0.015184022854373246,0.05041084431692485,0.1,1,1037
CS2_37,B_missing_mask_only,1,MAE,0.015209947160262994,0.05041525121120455,1.0,1,1037
CS2_37,B_missing_mask_only,1,MAE,0.015489666121165906,0.05046720797638541,10.0,1,1037
CS2_37,B_missing_mask_only,1,MAE,0.01919778508414607,0.051594557578809416,100.0,1,1037
CS2_38,B_missing_mask_only,1,MAE,0.016393392923319237,0.059397398613095356,0.01,1,1027
CS2_38,B_missing_mask_only,1,MAE,0.016393287983500534,0.059396311208490496,0.1,1,1027
CS2_38,B_missing_mask_only,1,MAE,0.016394707332981175,0.0593853890530315,1.0,1,1027
CS2_38,B_missing_mask_only,1,MAE,0.016570987860930867,0.05928905634702325,10.0,1,1027
CS2_38,B_missing_mask_only,1,MAE,0.022056239637819147,0.059790872741128896,100.0,1,1027
CS2_35,C_complete_case_HF456,1,MAE,0.010022872427775519,0.019056647998082595,0.01,1,573
CS2_35,C_complete_case_HF456,1,MAE,0.009965302482731841,0.019049426698483925,0.1,1,573
CS2_35,C_complete_case_HF456,1,MAE,0.0093072320724968,0.018961560400621663,1.0,1,573
CS2_35,C_complete_case_HF456,1,MAE,0.00844534181007416,0.01906965754069516,10.0,1,573
CS2_35,C_complete_case_HF456,1,MAE,0.008670272640248769,0.019825691421324607,100.0,1,573
CS2_36,C_complete_case_HF456,1,MAE,0.010907109606659627,0.05096043609423066,0.01,1,607
CS2_36,C_complete_case_HF456,1,MAE,0.01093329589611007,0.05096929766055651,0.1,1,607
CS2_36,C_complete_case_HF456,1,MAE,0.01117364321374729,0.05101989450456335,1.0,1,607
CS2_36,C_complete_case_HF456,1,MAE,0.011616107760184378,0.051100252039322835,10.0,1,607
CS2_36,C_complete_case_HF456,1,MAE,0.01181102783608825,0.051149349978696586,100.0,1,607
CS2_37,C_complete_case_HF456,1,MAE,0.009754939997815534,0.03972404786276325,0.01,1,640
CS2_37,C_complete_case_HF456,1,MAE,0.009548288630939964,0.039713346344161446,0.1,1,640
CS2_37,C_complete_case_HF456,1,MAE,0.009343476779794111,0.039708423683283985,1.0,1,640
CS2_37,C_complete_case_HF456,1,MAE,0.009468147252280202,0.03969128503450285,10.0,1,640
CS2_37,C_complete_case_HF456,1,MAE,0.009986507024743078,0.03972705213313727,100.0,1,640
CS2_38,C_complete_case_HF456,1,MAE,0.008661127047057893,0.022188685381947782,0.01,1,548
CS2_38,C_complete_case_HF456,1,MAE,0.008790623480576914,0.022162444235514694,0.1,1,548
CS2_38,C_complete_case_HF456,1,MAE,0.008803181658383789,0.022145608555238967,1.0,1,548
CS2_38,C_complete_case_HF456,1,MAE,0.009095810414043427,0.022349563640038338,10.0,1,548
CS2_38,C_complete_case_HF456,1,MAE,0.010032710852539997,0.023162664611218308,100.0,1,548
CS2_35,A_drop_HF456,4,MAE,0.014314014672444078,0.03253008543951017,0.01,1,878
CS2_35,A_drop_HF456,4,MAE,0.014286702350982452,0.03255712093228441,0.1,1,878
CS2_35,A_drop_HF456,4,MAE,0.014262812342055052,0.032549131114244644,1.0,1,878
CS2_35,A_drop_HF456,4,MAE,0.014204706100692474,0.03233142700329979,10.0,1,878
CS2_35,A_drop_HF456,4,MAE,0.014643488905844788,0.031677670480073264,100.0,1,878
CS2_36,A_drop_HF456,4,MAE,0.01643324392617266,0.05315049729372178,0.01,1,969
CS2_36,A_drop_HF456,4,MAE,0.016472695638731574,0.05317112036334849,0.1,1,969
CS2_36,A_drop_HF456,4,MAE,0.016495905283346532,0.05318879788900854,1.0,1,969
CS2_36,A_drop_HF456,4,MAE,0.016458039523088604,0.05322300003988186,10.0,1,969
CS2_36,A_drop_HF456,4,MAE,0.01740267930633266,0.053506975174559594,100.0,1,969
CS2_37,A_drop_HF456,4,MAE,0.014335727369425125,0.03953857840654951,0.01,1,1034
CS2_37,A_drop_HF456,4,MAE,0.014259071997417699,0.039508885929926275,0.1,1,1034
CS2_37,A_drop_HF456,4,MAE,0.014227766151697869,0.039498636848556944,1.0,1,1034
CS2_37,A_drop_HF456,4,MAE,0.014244669615194097,0.03949526434158984,10.0,1,1034
CS2_37,A_drop_HF456,4,MAE,0.01516505844227753,0.039896946799415474,100.0,1,1034
CS2_38,A_drop_HF456,4,MAE,0.015550775820158035,0.04575065455819623,0.01,1,1024
CS2_38,A_drop_HF456,4,MAE,0.015296482416359981,0.04562120480162955,0.1,1,1024
CS2_38,A_drop_HF456,4,MAE,0.015212580863300879,0.04557111634208522,1.0,1,1024
CS2_38,A_drop_HF456,4,MAE,0.015356179775256888,0.04561385103525647,10.0,1,1024
CS2_38,A_drop_HF456,4,MAE,0.016548314353856265,0.04595557678036125,100.0,1,1024
CS2_35,B_HF456_median,4,MAE,0.014150914505209984,0.03241680911874837,0.01,1,878
CS2_35,B_HF456_median,4,MAE,0.014126744948011164,0.0324477058916535,0.1,1,878
CS2_35,B_HF456_median,4,MAE,0.014105608665902821,0.03243847487548369,1.0,1,878
CS2_35,B_HF456_median,4,MAE,0.014046490107700075,0.03222049709422348,10.0,1,878
CS2_35,B_HF456_median,4,MAE,0.014429756473495998,0.031544962269400914,100.0,1,878
CS2_36,B_HF456_median,4,MAE,0.016304541456794414,0.05317898535064427,0.01,1,969
CS2_36,B_HF456_median,4,MAE,0.016303456061050582,0.05320449253939719,0.1,1,969
CS2_36,B_HF456_median,4,MAE,0.01630584230302552,0.05322164182403632,1.0,1,969
CS2_36,B_HF456_median,4,MAE,0.016291226127990818,0.05323514409563726,10.0,1,969
CS2_36,B_HF456_median,4,MAE,0.017221899118542397,0.053428990040115885,100.0,1,969
CS2_37,B_HF456_median,4,MAE,0.014513526519271385,0.03962778239688517,0.01,1,1034
CS2_37,B_HF456_median,4,MAE,0.014450403158266045,0.0396205931435184,0.1,1,1034
CS2_37,B_HF456_median,4,MAE,0.014446040172158043,0.039625499849979255,1.0,1,1034
CS2_37,B_HF456_median,4,MAE,0.014515318124468256,0.03963701388609831,10.0,1,1034
CS2_37,B_HF456_median,4,MAE,0.015546250220222052,0.040062125823912775,100.0,1,1034
CS2_38,B_HF456_median,4,MAE,0.015421233839601376,0.04579213169844883,0.01,1,1024
CS2_38,B_HF456_median,4,MAE,0.015131627516291027,0.04558499146740432,0.1,1,1024
CS2_38,B_HF456_median,4,MAE,0.015063754159696935,0.04551168255008066,1.0,1,1024
CS2_38,B_HF456_median,4,MAE,0.01516221053130026,0.04553742218004053,10.0,1,1024
CS2_38,B_HF456_median,4,MAE,0.016150132255265456,0.04583003235538286,100.0,1,1024
CS2_35,B_HF456_median_indicators,4,MAE,0.01419204744098882,0.03231772689605945,0.01,1,878
CS2_35,B_HF456_median_indicators,4,MAE,0.014135371238459461,0.03238722639816523,0.1,1,878
CS2_35,B_HF456_median_indicators,4,MAE,0.014102742744714068,0.03239714425860572,1.0,1,878
CS2_35,B_HF456_median_indicators,4,MAE,0.014056157365862198,0.03218634616168016,10.0,1,878
CS2_35,B_HF456_median_indicators,4,MAE,0.014416061693492094,0.03152790230554214,100.0,1,878
CS2_36,B_HF456_median_indicators,4,MAE,0.016278780774474932,0.053134371155198146,0.01,1,969
CS2_36,B_HF456_median_indicators,4,MAE,0.016286713368184918,0.053176231059918685,0.1,1,969
CS2_36,B_HF456_median_indicators,4,MAE,0.016294400660868277,0.053200817560843924,1.0,1,969
CS2_36,B_HF456_median_indicators,4,MAE,0.016283906616511898,0.05321335004140075,10.0,1,969
CS2_36,B_HF456_median_indicators,4,MAE,0.017217217454985452,0.05344180505511127,100.0,1,969
CS2_37,B_HF456_median_indicators,4,MAE,0.014882849265690092,0.04002291569156209,0.01,1,1034
CS2_37,B_HF456_median_indicators,4,MAE,0.01480584256038607,0.03999622919228989,0.1,1,1034
CS2_37,B_HF456_median_indicators,4,MAE,0.014798725307576498,0.03999947894538412,1.0,1,1034
CS2_37,B_HF456_median_indicators,4,MAE,0.014882752543123288,0.040020138805589085,10.0,1,1034
CS2_37,B_HF456_median_indicators,4,MAE,0.015767786509697936,0.04033947959688415,100.0,1,1034
CS2_38,B_HF456_median_indicators,4,MAE,0.015328458926463978,0.04598140461707472,0.01,1,1024
CS2_38,B_HF456_median_indicators,4,MAE,0.014858907250320418,0.0456422465541371,0.1,1,1024
CS2_38,B_HF456_median_indicators,4,MAE,0.014784514571896189,0.04553359007406245,1.0,1,1024
CS2_38,B_HF456_median_indicators,4,MAE,0.014873855364961048,0.04551539037064421,10.0,1,1024
CS2_38,B_HF456_median_indicators,4,MAE,0.016584049774587127,0.045980160733960024,100.0,1,1024
CS2_35,B_missing_mask_only,4,MAE,0.016486945983327558,0.0337771879362763,0.01,1,878
CS2_35,B_missing_mask_only,4,MAE,0.016488269109528594,0.03377802900496213,0.1,1,878
CS2_35,B_missing_mask_only,4,MAE,0.016501866099912423,0.03378649802478475,1.0,1,878
CS2_35,B_missing_mask_only,4,MAE,0.01664763519352268,0.033876907479926874,10.0,1,878
CS2_35,B_missing_mask_only,4,MAE,0.018619017641654488,0.035248929730255306,100.0,1,878
CS2_36,B_missing_mask_only,4,MAE,0.01951519945721387,0.0655799829143149,0.01,1,969
CS2_36,B_missing_mask_only,4,MAE,0.01951826373062804,0.06557989074434303,0.1,1,969
CS2_36,B_missing_mask_only,4,MAE,0.019549588296797683,0.06557905923846163,1.0,1,969
CS2_36,B_missing_mask_only,4,MAE,0.019891560985794865,0.06557867947844018,10.0,1,969
CS2_36,B_missing_mask_only,4,MAE,0.02415987077128947,0.06623822944735594,100.0,1,969
CS2_37,B_missing_mask_only,4,MAE,0.017631933112302073,0.05032342737968354,0.01,1,1034
CS2_37,B_missing_mask_only,4,MAE,0.01763445533918834,0.05032359975231412,0.1,1,1034
CS2_37,B_missing_mask_only,4,MAE,0.017660130207041116,0.05032533752907926,1.0,1,1034
CS2_37,B_missing_mask_only,4,MAE,0.017935810772765962,0.050348926835516644,10.0,1,1034
CS2_37,B_missing_mask_only,4,MAE,0.021085817451454207,0.05122739476145245,100.0,1,1034
CS2_38,B_missing_mask_only,4,MAE,0.01918754612815119,0.060180971563310356,0.01,1,1024
CS2_38,B_missing_mask_only,4,MAE,0.019188792573203925,0.06018030780021528,0.1,1,1024
CS2_38,B_missing_mask_only,4,MAE,0.01920264432574803,0.060173710224452746,1.0,1,1024
CS2_38,B_missing_mask_only,4,MAE,0.019430278588422847,0.06012198597852725,10.0,1,1024
CS2_38,B_missing_mask_only,4,MAE,0.02427357274511279,0.06099919887851959,100.0,1,1024
CS2_35,C_complete_case_HF456,4,MAE,0.011256659624166335,0.021052937356690872,0.01,1,572
CS2_35,C_complete_case_HF456,4,MAE,0.011350599207607427,0.021090003741535746,0.1,1,572
CS2_35,C_complete_case_HF456,4,MAE,0.0112749396981139,0.02108406314503162,1.0,1,572
CS2_35,C_complete_case_HF456,4,MAE,0.011134759808484624,0.021160015092766098,10.0,1,572
CS2_35,C_complete_case_HF456,4,MAE,0.011678160779679064,0.02191012667514633,100.0,1,572
CS2_36,C_complete_case_HF456,4,MAE,0.013569262864043717,0.056521359351944134,0.01,1,606
CS2_36,C_complete_case_HF456,4,MAE,0.01351651797771146,0.0565500601809855,0.1,1,606
CS2_36,C_complete_case_HF456,4,MAE,0.013550831681903285,0.05655697707450879,1.0,1,606
CS2_36,C_complete_case_HF456,4,MAE,0.013681957704464346,0.05649905260043815,10.0,1,606
CS2_36,C_complete_case_HF456,4,MAE,0.014267136859731706,0.05647222358530688,100.0,1,606
CS2_37,C_complete_case_HF456,4,MAE,0.011719669466692898,0.02138140839282712,0.01,1,639
CS2_37,C_complete_case_HF456,4,MAE,0.011433007411749317,0.021304345538060397,0.1,1,639
CS2_37,C_complete_case_HF456,4,MAE,0.011275538503077795,0.021265949847487396,1.0,1,639
CS2_37,C_complete_case_HF456,4,MAE,0.011306064423344237,0.021256469663626334,10.0,1,639
CS2_37,C_complete_case_HF456,4,MAE,0.011823714386610822,0.021435843032049526,100.0,1,639
CS2_38,C_complete_case_HF456,4,MAE,0.01202027618668638,0.0374773485745688,0.01,1,547
CS2_38,C_complete_case_HF456,4,MAE,0.012120252211608661,0.037450453412915884,0.1,1,547
CS2_38,C_complete_case_HF456,4,MAE,0.012214276321716991,0.03745801850517157,1.0,1,547
CS2_38,C_complete_case_HF456,4,MAE,0.012432004915503048,0.03755136358257458,10.0,1,547
CS2_38,C_complete_case_HF456,4,MAE,0.01341221032673994,0.0381347131806013,100.0,1,547
CS2_35,A_drop_HF456,8,MAE,0.016417204921359226,0.03416175772064019,0.01,1,874
CS2_35,A_drop_HF456,8,MAE,0.01626025529851162,0.0343222633277259,0.1,1,874
CS2_35,A_drop_HF456,8,MAE,0.016158721188917695,0.03441313326642757,1.0,1,874
CS2_35,A_drop_HF456,8,MAE,0.01603172596708743,0.03419839620733621,10.0,1,874
CS2_35,A_drop_HF456,8,MAE,0.016308228536833155,0.0335966777004072,100.0,1,874
CS2_36,A_drop_HF456,8,MAE,0.017633585892506427,0.053000240550692954,0.01,1,965
CS2_36,A_drop_HF456,8,MAE,0.017615680793823422,0.05308004492242347,0.1,1,965
CS2_36,A_drop_HF456,8,MAE,0.01769706520544606,0.05316645321377,1.0,1,965
CS2_36,A_drop_HF456,8,MAE,0.0176323834153416,0.05319886793973869,10.0,1,965
CS2_36,A_drop_HF456,8,MAE,0.017743551803161825,0.05335772754760455,100.0,1,965
CS2_37,A_drop_HF456,8,MAE,0.015287238252707658,0.039976306715287305,0.01,1,1030
CS2_37,A_drop_HF456,8,MAE,0.01509984728961731,0.04001934590125834,0.1,1,1030
CS2_37,A_drop_HF456,8,MAE,0.015032519763329092,0.04008725434483297,1.0,1,1030
CS2_37,A_drop_HF456,8,MAE,0.014960810214972066,0.04017011857033827,10.0,1,1030
CS2_37,A_drop_HF456,8,MAE,0.015410677952620761,0.04086200522011461,100.0,1,1030
CS2_38,A_drop_HF456,8,MAE,0.01621981549298877,0.04422653968818664,0.01,1,1020
CS2_38,A_drop_HF456,8,MAE,0.015482617473052511,0.04403551156318483,0.1,1,1020
CS2_38,A_drop_HF456,8,MAE,0.015235188320548715,0.04398953169742044,1.0,1,1020
CS2_38,A_drop_HF456,8,MAE,0.015289169398426943,0.04404655938928204,10.0,1,1020
CS2_38,A_drop_HF456,8,MAE,0.01659070800807245,0.04465294204471661,100.0,1,1020
CS2_35,B_HF456_median,8,MAE,0.016191605430917595,0.034002924884533,0.01,1,874
CS2_35,B_HF456_median,8,MAE,0.015966632418175593,0.03423490808887166,0.1,1,874
CS2_35,B_HF456_median,8,MAE,0.015864777591696855,0.03435598936240723,1.0,1,874
CS2_35,B_HF456_median,8,MAE,0.01573538657450307,0.034144141944218276,10.0,1,874
CS2_35,B_HF456_median,8,MAE,0.015916484492454964,0.03348457299280813,100.0,1,874
CS2_36,B_HF456_median,8,MAE,0.017489886150263215,0.0528109009497539,0.01,1,965
CS2_36,B_HF456_median,8,MAE,0.017527542484869846,0.052960551168612875,0.1,1,965
CS2_36,B_HF456_median,8,MAE,0.01760849289929378,0.05307959132341329,1.0,1,965
CS2_36,B_HF456_median,8,MAE,0.01750828412645198,0.0531081523312895,10.0,1,965
CS2_36,B_HF456_median,8,MAE,0.017569317941169973,0.05323917125424943,100.0,1,965
CS2_37,B_HF456_median,8,MAE,0.015166433724969307,0.039852883027846335,0.01,1,1030
CS2_37,B_HF456_median,8,MAE,0.015039255543640422,0.03995151763333921,0.1,1,1030
CS2_37,B_HF456_median,8,MAE,0.015048079756835654,0.04005452555344122,1.0,1,1030
CS2_37,B_HF456_median,8,MAE,0.015022439652731472,0.040149268726150225,10.0,1,1030
CS2_37,B_HF456_median,8,MAE,0.01561194978636451,0.04084879812213488,100.0,1,1030
CS2_38,B_HF456_median,8,MAE,0.01602449992399744,0.04435785426995122,0.01,1,1020
CS2_38,B_HF456_median,8,MAE,0.015306616491328591,0.04408236691346587,0.1,1,1020
CS2_38,B_HF456_median,8,MAE,0.015148326221709644,0.04402960228740984,1.0,1,1020
CS2_38,B_HF456_median,8,MAE,0.015136128324596081,0.04407809756639644,10.0,1,1020
CS2_38,B_HF456_median,8,MAE,0.01602504064347697,0.04461513341083884,100.0,1,1020
CS2_35,B_HF456_median_indicators,8,MAE,0.016164254381008308,0.03395106044335987,0.01,1,874
CS2_35,B_HF456_median_indicators,8,MAE,0.01592135020346027,0.034217196738135225,0.1,1,874
CS2_35,B_HF456_median_indicators,8,MAE,0.01582290326700314,0.03435368598673711,1.0,1,874
CS2_35,B_HF456_median_indicators,8,MAE,0.015701933237047667,0.03414930590296766,10.0,1,874
CS2_35,B_HF456_median_indicators,8,MAE,0.015914120173572435,0.03348604219244509,100.0,1,874
CS2_36,B_HF456_median_indicators,8,MAE,0.017473354276092607,0.05279160039760309,0.01,1,965
CS2_36,B_HF456_median_indicators,8,MAE,0.01755511813423324,0.05298669345283042,0.1,1,965
CS2_36,B_HF456_median_indicators,8,MAE,0.017641368912883298,0.053120644716511345,1.0,1,965
CS2_36,B_HF456_median_indicators,8,MAE,0.017532126900609204,0.053144933591005375,10.0,1,965
CS2_36,B_HF456_median_indicators,8,MAE,0.017538257674019786,0.053299063330657426,100.0,1,965
CS2_37,B_HF456_median_indicators,8,MAE,0.015129009969921774,0.03985322505191755,0.01,1,1030
CS2_37,B_HF456_median_indicators,8,MAE,0.015025923992714596,0.03997255866413642,0.1,1,1030
CS2_37,B_HF456_median_indicators,8,MAE,0.015051420222175284,0.04008447568514058,1.0,1,1030
CS2_37,B_HF456_median_indicators,8,MAE,0.015047681693292203,0.04018340756264647,10.0,1,1030
CS2_37,B_HF456_median_indicators,8,MAE,0.015623278187616446,0.04085817547894815,100.0,1,1030
CS2_38,B_HF456_median_indicators,8,MAE,0.01613197896260507,0.0448323411668914,0.01,1,1020
CS2_38,B_HF456_median_indicators,8,MAE,0.015192400143541581,0.04428214269024685,0.1,1,1020
CS2_38,B_HF456_median_indicators,8,MAE,0.014994145783551904,0.04415372820529545,1.0,1,1020
CS2_38,B_HF456_median_indicators,8,MAE,0.01490398630487488,0.04413897444466116,10.0,1,1020
CS2_38,B_HF456_median_indicators,8,MAE,0.01643202264071526,0.04469817813773401,100.0,1,1020
CS2_35,B_missing_mask_only,8,MAE,0.017883654453901988,0.0355728517723492,0.01,1,874
CS2_35,B_missing_mask_only,8,MAE,0.017884794263835695,0.035573613015617046,0.1,1,874
CS2_35,B_missing_mask_only,8,MAE,0.01789618675367091,0.03558128047363344,1.0,1,874
CS2_35,B_missing_mask_only,8,MAE,0.01802294762805476,0.035663352316267063,10.0,1,874
CS2_35,B_missing_mask_only,8,MAE,0.019660511498243164,0.036927899741736284,100.0,1,874
CS2_36,B_missing_mask_only,8,MAE,0.020483120450375984,0.06636330681713935,0.01,1,965
CS2_36,B_missing_mask_only,8,MAE,0.020485235711579116,0.06636299853503096,0.1,1,965
CS2_36,B_missing_mask_only,8,MAE,0.020506774111730238,0.06635994619723436,1.0,1,965
CS2_36,B_missing_mask_only,8,MAE,0.02074030089739257,0.06633620642829643,10.0,1,965
CS2_36,B_missing_mask_only,8,MAE,0.024471383241352142,0.06677851040169415,100.0,1,965
CS2_37,B_missing_mask_only,8,MAE,0.018078322107213385,0.052960246006403366,0.01,1,1030
CS2_37,B_missing_mask_only,8,MAE,0.018080046588677415,0.052960588208482214,0.1,1,1030
CS2_37,B_missing_mask_only,8,MAE,0.018097764086149583,0.052964124102931186,1.0,1,1030
CS2_37,B_missing_mask_only,8,MAE,0.018300590616757855,0.053007316597231485,10.0,1,1030
CS2_37,B_missing_mask_only,8,MAE,0.021463724259013783,0.054023759759865765,100.0,1,1030
CS2_38,B_missing_mask_only,8,MAE,0.019429790562287358,0.058607169197192756,0.01,1,1020
CS2_38,B_missing_mask_only,8,MAE,0.01943040738854851,0.05860647247661269,0.1,1,1020
CS2_38,B_missing_mask_only,8,MAE,0.01943807698335644,0.05859952240217376,1.0,1,1020
CS2_38,B_missing_mask_only,8,MAE,0.019628442228105926,0.05854403784227158,10.0,1,1020
CS2_38,B_missing_mask_only,8,MAE,0.02454384345212414,0.059412061903563934,100.0,1,1020
CS2_35,C_complete_case_HF456,8,MAE,0.011375153704744881,0.020314312932599995,0.01,1,572
CS2_35,C_complete_case_HF456,8,MAE,0.011322119364038638,0.02028850184738541,0.1,1,572
CS2_35,C_complete_case_HF456,8,MAE,0.011219636143924247,0.020255007157666243,1.0,1,572
CS2_35,C_complete_case_HF456,8,MAE,0.011130753523778023,0.020305082740306027,10.0,1,572
CS2_35,C_complete_case_HF456,8,MAE,0.011525671928863867,0.02085838875159559,100.0,1,572
CS2_36,C_complete_case_HF456,8,MAE,0.014080742040608189,0.05190974719156499,0.01,1,607
CS2_36,C_complete_case_HF456,8,MAE,0.01403845420991218,0.05190183264727704,0.1,1,607
CS2_36,C_complete_case_HF456,8,MAE,0.013817446828279121,0.051847514494871356,1.0,1,607
CS2_36,C_complete_case_HF456,8,MAE,0.013471105232452355,0.051753466575794604,10.0,1,607
CS2_36,C_complete_case_HF456,8,MAE,0.013727230853591565,0.05183263292314982,100.0,1,607
CS2_37,C_complete_case_HF456,8,MAE,0.012107497530827788,0.040688882189634075,0.01,1,640
CS2_37,C_complete_case_HF456,8,MAE,0.0120315495381756,0.040682920568518945,0.1,1,640
CS2_37,C_complete_case_HF456,8,MAE,0.011992577037412213,0.0406772480955359,1.0,1,640
CS2_37,C_complete_case_HF456,8,MAE,0.012076989651804558,0.04066232707519552,10.0,1,640
CS2_37,C_complete_case_HF456,8,MAE,0.012490501192861467,0.04077297632449992,100.0,1,640
CS2_38,C_complete_case_HF456,8,MAE,0.0104184015609367,0.023088594434718637,0.01,1,549
CS2_38,C_complete_case_HF456,8,MAE,0.010448720737285571,0.023067334848153636,0.1,1,549
CS2_38,C_complete_case_HF456,8,MAE,0.010461850567024186,0.023049946819802596,1.0,1,549
CS2_38,C_complete_case_HF456,8,MAE,0.010567602427567175,0.023110908403786264,10.0,1,549
CS2_38,C_complete_case_HF456,8,MAE,0.011563627914465885,0.02376170393652009,100.0,1,549
CS2_35,A_drop_HF456,12,MAE,0.018661377727675378,0.03656667732669044,0.01,1,870
CS2_35,A_drop_HF456,12,MAE,0.018610765444090436,0.0366449535637879,0.1,1,870
CS2_35,A_drop_HF456,12,MAE,0.01857854593748913,0.03667099721107653,1.0,1,870
CS2_35,A_drop_HF456,12,MAE,0.018575169916462606,0.03641216645897373,10.0,1,870
CS2_35,A_drop_HF456,12,MAE,0.019069839321512523,0.03555443414269647,100.0,1,870
CS2_36,A_drop_HF456,12,MAE,0.019659045781038994,0.05361007715810529,0.01,1,961
CS2_36,A_drop_HF456,12,MAE,0.019728722997716896,0.053667392596276856,0.1,1,961
CS2_36,A_drop_HF456,12,MAE,0.019787882540931424,0.0537124670111598,1.0,1,961
CS2_36,A_drop_HF456,12,MAE,0.019790610980201254,0.05375245317331304,10.0,1,961
CS2_36,A_drop_HF456,12,MAE,0.019952124457628447,0.054008555804061734,100.0,1,961
CS2_37,A_drop_HF456,12,MAE,0.01791526640623129,0.04164453825172726,0.01,1,1026
CS2_37,A_drop_HF456,12,MAE,0.017836222025893095,0.041646366958315,0.1,1,1026
CS2_37,A_drop_HF456,12,MAE,0.01779837018129963,0.04166485274791399,1.0,1,1026
CS2_37,A_drop_HF456,12,MAE,0.017764713464102345,0.041672842765511836,10.0,1,1026
CS2_37,A_drop_HF456,12,MAE,0.017965122176356853,0.04213463119868545,100.0,1,1026
CS2_38,A_drop_HF456,12,MAE,0.018596185628841345,0.046733704282023024,0.01,1,1016
CS2_38,A_drop_HF456,12,MAE,0.018000351791011053,0.04644226833849601,0.1,1,1016
CS2_38,A_drop_HF456,12,MAE,0.017796105356922585,0.04633056365119003,1.0,1,1016
CS2_38,A_drop_HF456,12,MAE,0.017980347447097023,0.04640329993727823,10.0,1,1016
CS2_38,A_drop_HF456,12,MAE,0.019138952917844402,0.046954080895435214,100.0,1,1016
CS2_35,B_HF456_median,12,MAE,0.017973784780649992,0.03612222825503454,0.01,1,870
CS2_35,B_HF456_median,12,MAE,0.01791854991980487,0.03626933291808735,0.1,1,870
CS2_35,B_HF456_median,12,MAE,0.017892111663995708,0.03632762546810585,1.0,1,870
CS2_35,B_HF456_median,12,MAE,0.017871592952862468,0.036073019462826206,10.0,1,870
CS2_35,B_HF456_median,12,MAE,0.01828372080180474,0.035197630089756696,100.0,1,870
CS2_36,B_HF456_median,12,MAE,0.018623106759828756,0.053097027200470166,0.01,1,961
CS2_36,B_HF456_median,12,MAE,0.01868814463377423,0.053202337702395346,0.1,1,961
CS2_36,B_HF456_median,12,MAE,0.018745685670463457,0.05327566350313762,1.0,1,961
CS2_36,B_HF456_median,12,MAE,0.01871625010623747,0.05330403019833577,10.0,1,961
CS2_36,B_HF456_median,12,MAE,0.018924161874673946,0.05354555473211362,100.0,1,961
CS2_37,B_HF456_median,12,MAE,0.017412652595909982,0.041482303344356056,0.01,1,1026
CS2_37,B_HF456_median,12,MAE,0.017404200504175394,0.04153521281665817,0.1,1,1026
CS2_37,B_HF456_median,12,MAE,0.01741684677276675,0.041584850157141334,1.0,1,1026
CS2_37,B_HF456_median,12,MAE,0.017390490972107642,0.041595082660119805,10.0,1,1026
CS2_37,B_HF456_median,12,MAE,0.01771201761724109,0.04206395934334373,100.0,1,1026
CS2_38,B_HF456_median,12,MAE,0.017639314681895012,0.04656663889139416,0.01,1,1016
CS2_38,B_HF456_median,12,MAE,0.01713274306376959,0.04619604788594029,0.1,1,1016
CS2_38,B_HF456_median,12,MAE,0.01705244864404936,0.04608361144215605,1.0,1,1016
CS2_38,B_HF456_median,12,MAE,0.017154855339415964,0.046150463530499515,10.0,1,1016
CS2_38,B_HF456_median,12,MAE,0.017950094550111345,0.046645303709021216,100.0,1,1016
CS2_35,B_HF456_median_indicators,12,MAE,0.01799415973879107,0.03607622178817496,0.01,1,870
CS2_35,B_HF456_median_indicators,12,MAE,0.01791512871568726,0.03626010658553965,0.1,1,870
CS2_35,B_HF456_median_indicators,12,MAE,0.017882639149122175,0.036337614242186005,1.0,1,870
CS2_35,B_HF456_median_indicators,12,MAE,0.017869708250475787,0.0360930539709495,10.0,1,870
CS2_35,B_HF456_median_indicators,12,MAE,0.01826396045309984,0.035209912423783435,100.0,1,870
CS2_36,B_HF456_median_indicators,12,MAE,0.01860976164597752,0.053075328279782924,0.01,1,961
CS2_36,B_HF456_median_indicators,12,MAE,0.018695225110516935,0.05321311746699397,0.1,1,961
CS2_36,B_HF456_median_indicators,12,MAE,0.018763103984548855,0.05329791072797724,1.0,1,961
CS2_36,B_HF456_median_indicators,12,MAE,0.01872786899266776,0.05332214513718114,10.0,1,961
CS2_36,B_HF456_median_indicators,12,MAE,0.01893498232671534,0.05358961429389304,100.0,1,961
CS2_37,B_HF456_median_indicators,12,MAE,0.017499697235796318,0.04158476397914437,0.01,1,1026
CS2_37,B_HF456_median_indicators,12,MAE,0.01751100867961348,0.04165040851504617,0.1,1,1026
CS2_37,B_HF456_median_indicators,12,MAE,0.017534842831629913,0.04171174956683556,1.0,1,1026
CS2_37,B_HF456_median_indicators,12,MAE,0.017520242383813393,0.04173219103710643,10.0,1,1026
CS2_37,B_HF456_median_indicators,12,MAE,0.01786555509308174,0.04216638720312219,100.0,1,1026
CS2_38,B_HF456_median_indicators,12,MAE,0.01752540283416409,0.047027552810118875,0.01,1,1016
CS2_38,B_HF456_median_indicators,12,MAE,0.01678269498813784,0.04638005446519547,0.1,1,1016
CS2_38,B_HF456_median_indicators,12,MAE,0.016690144507752965,0.04619513666793207,1.0,1,1016
CS2_38,B_HF456_median_indicators,12,MAE,0.016767721899846627,0.04621039037443053,10.0,1,1016
CS2_38,B_HF456_median_indicators,12,MAE,0.01797264020234296,0.04665069160950389,100.0,1,1016
CS2_35,B_missing_mask_only,12,MAE,0.020656153641976014,0.03721760706031525,0.01,1,870
CS2_35,B_missing_mask_only,12,MAE,0.020657469670459453,0.037218487554856766,0.1,1,870
CS2_35,B_missing_mask_only,12,MAE,0.020670621910146524,0.03722734302087683,1.0,1,870
CS2_35,B_missing_mask_only,12,MAE,0.02080551340956776,0.03732085017015478,10.0,1,870
CS2_35,B_missing_mask_only,12,MAE,0.022429819414010246,0.0386611016575108,100.0,1,870
CS2_36,B_missing_mask_only,12,MAE,0.022957092371092336,0.06834310624963985,0.01,1,961
CS2_36,B_missing_mask_only,12,MAE,0.02295874733964421,0.06834288808441281,0.1,1,961
CS2_36,B_missing_mask_only,12,MAE,0.022975711477861815,0.06834078518699048,1.0,1,961
CS2_36,B_missing_mask_only,12,MAE,0.02318282699104775,0.06832737333378382,10.0,1,961
CS2_36,B_missing_mask_only,12,MAE,0.02680455277300653,0.06884972555885414,100.0,1,961
CS2_37,B_missing_mask_only,12,MAE,0.0204775677194253,0.05400122347281879,0.01,1,1026
CS2_37,B_missing_mask_only,12,MAE,0.02047907911834452,0.05400148919831534,0.1,1,1026
CS2_37,B_missing_mask_only,12,MAE,0.020494685610183968,0.05400423261017449,1.0,1,1026
CS2_37,B_missing_mask_only,12,MAE,0.020667363249815243,0.05403887454721664,10.0,1,1026
CS2_37,B_missing_mask_only,12,MAE,0.023570541552018428,0.05496772860832769,100.0,1,1026
CS2_38,B_missing_mask_only,12,MAE,0.022279281942158634,0.06180157133638069,0.01,1,1016
CS2_38,B_missing_mask_only,12,MAE,0.022279940218386602,0.06180061640473623,0.1,1,1016
CS2_38,B_missing_mask_only,12,MAE,0.022287149092118198,0.0617910027653162,1.0,1,1016
CS2_38,B_missing_mask_only,12,MAE,0.022397228370718832,0.06170687378365878,10.0,1,1016
CS2_38,B_missing_mask_only,12,MAE,0.026503988247433715,0.06227373570448319,100.0,1,1016
CS2_35,C_complete_case_HF456,12,MAE,0.014146613517126627,0.023326006537392033,0.01,1,572
CS2_35,C_complete_case_HF456,12,MAE,0.013974962033613056,0.02320216696395118,0.1,1,572
CS2_35,C_complete_case_HF456,12,MAE,0.013870794833856882,0.023147789161549786,1.0,1,572
CS2_35,C_complete_case_HF456,12,MAE,0.013895063485864207,0.02327475744796668,10.0,1,572
CS2_35,C_complete_case_HF456,12,MAE,0.014568857562370845,0.024133348312608657,100.0,1,572
CS2_36,C_complete_case_HF456,12,MAE,0.015471941347929175,0.05677415318841316,0.01,1,606
CS2_36,C_complete_case_HF456,12,MAE,0.015467524639316714,0.056771121357554015,0.1,1,606
CS2_36,C_complete_case_HF456,12,MAE,0.015327667640278672,0.05674747606884358,1.0,1,606
CS2_36,C_complete_case_HF456,12,MAE,0.015088849505888163,0.05671201756990088,10.0,1,606
CS2_36,C_complete_case_HF456,12,MAE,0.01593564866308966,0.05692127213070723,100.0,1,606
CS2_37,C_complete_case_HF456,12,MAE,0.01371684510380205,0.04099523985904414,0.01,1,640
CS2_37,C_complete_case_HF456,12,MAE,0.01373911389014999,0.04099722055615146,0.1,1,640
CS2_37,C_complete_case_HF456,12,MAE,0.01375040812830732,0.04099207870417243,1.0,1,640
CS2_37,C_complete_case_HF456,12,MAE,0.01384632499901079,0.040966103759211114,10.0,1,640
CS2_37,C_complete_case_HF456,12,MAE,0.014552906357307138,0.041084936971362646,100.0,1,640
CS2_38,C_complete_case_HF456,12,MAE,0.012663829327774559,0.036742140534860725,0.01,1,548
CS2_38,C_complete_case_HF456,12,MAE,0.012668197580436762,0.03673577429084222,0.1,1,548
CS2_38,C_complete_case_HF456,12,MAE,0.012677667232620742,0.03673487848604944,1.0,1,548
CS2_38,C_complete_case_HF456,12,MAE,0.012787590336446716,0.03676860907917532,10.0,1,548
CS2_38,C_complete_case_HF456,12,MAE,0.014019690221983603,0.037253156045875604,100.0,1,548
CS2_35,A_drop_HF456,16,MAE,0.020651825650404142,0.037613820053833055,0.01,1,866
CS2_35,A_drop_HF456,16,MAE,0.020583813285448165,0.03766515902733352,0.1,1,866
CS2_35,A_drop_HF456,16,MAE,0.020540528356106293,0.037677562249250084,1.0,1,866
CS2_35,A_drop_HF456,16,MAE,0.020542454223954752,0.03747635616858862,10.0,1,866
CS2_35,A_drop_HF456,16,MAE,0.02109388450459086,0.0369259410452745,100.0,1,866
CS2_36,A_drop_HF456,16,MAE,0.021671640302244888,0.055627975570291914,0.01,1,957
CS2_36,A_drop_HF456,16,MAE,0.02170128386137554,0.05565578586775817,0.1,1,957
CS2_36,A_drop_HF456,16,MAE,0.02171968450553334,0.055676442654545126,1.0,1,957
CS2_36,A_drop_HF456,16,MAE,0.021714679182911065,0.055694263445538794,10.0,1,957
CS2_36,A_drop_HF456,16,MAE,0.02171816432895406,0.05577932918445559,100.0,1,957
CS2_37,A_drop_HF456,16,MAE,0.01914556270773522,0.04252466928024364,0.01,1,1022
CS2_37,A_drop_HF456,16,MAE,0.01907450590014824,0.04248257425428364,0.1,1,1022
CS2_37,A_drop_HF456,16,MAE,0.019060047964626608,0.042470130919447645,1.0,1,1022
CS2_37,A_drop_HF456,16,MAE,0.019033893218481385,0.042457699992147026,10.0,1,1022
CS2_37,A_drop_HF456,16,MAE,0.019100201457161597,0.042769324693960525,100.0,1,1022
CS2_38,A_drop_HF456,16,MAE,0.019379629265793886,0.04729611194583214,0.01,1,1012
CS2_38,A_drop_HF456,16,MAE,0.018875856073787656,0.04706626960245718,0.1,1,1012
CS2_38,A_drop_HF456,16,MAE,0.018704200423834274,0.04697181214447291,1.0,1,1012
CS2_38,A_drop_HF456,16,MAE,0.018864308913273987,0.047021384900263405,10.0,1,1012
CS2_38,A_drop_HF456,16,MAE,0.02013052774932923,0.047490331866434574,100.0,1,1012
CS2_35,B_HF456_median,16,MAE,0.019995532219229447,0.037275704502453655,0.01,1,866
CS2_35,B_HF456_median,16,MAE,0.01994431328793959,0.0373562217009231,0.1,1,866
CS2_35,B_HF456_median,16,MAE,0.019917672209443994,0.03737958771019662,1.0,1,866
CS2_35,B_HF456_median,16,MAE,0.019902286752122016,0.03718176034253936,10.0,1,866
CS2_35,B_HF456_median,16,MAE,0.020332337105596565,0.03659194681355294,100.0,1,866
CS2_36,B_HF456_median,16,MAE,0.020761361563006876,0.055241503011314474,0.01,1,957
CS2_36,B_HF456_median,16,MAE,0.02081770202014943,0.05530367615337121,0.1,1,957
CS2_36,B_HF456_median,16,MAE,0.020850429689496325,0.05534181336109808,1.0,1,957
CS2_36,B_HF456_median,16,MAE,0.020816109222792038,0.05533995302021275,10.0,1,957
CS2_36,B_HF456_median,16,MAE,0.020749758013609752,0.05537639430226369,100.0,1,957
CS2_37,B_HF456_median,16,MAE,0.018905989361338495,0.0425011898762596,0.01,1,1022
CS2_37,B_HF456_median,16,MAE,0.01895268481879256,0.042510069621078235,0.1,1,1022
CS2_37,B_HF456_median,16,MAE,0.018986694083108446,0.04252743048383419,1.0,1,1022
CS2_37,B_HF456_median,16,MAE,0.018965276786180933,0.04251452824143245,10.0,1,1022
CS2_37,B_HF456_median,16,MAE,0.019078964048941823,0.04281669424003135,100.0,1,1022
CS2_38,B_HF456_median,16,MAE,0.018640642372153477,0.04719621110062887,0.01,1,1012
CS2_38,B_HF456_median,16,MAE,0.018212050508115963,0.04688821183986055,0.1,1,1012
CS2_38,B_HF456_median,16,MAE,0.018119587563361392,0.04678248117474357,1.0,1,1012
CS2_38,B_HF456_median,16,MAE,0.018229039555756662,0.046827480245577875,10.0,1,1012
CS2_38,B_HF456_median,16,MAE,0.01921690219486687,0.04723695484701368,100.0,1,1012
CS2_35,B_HF456_median_indicators,16,MAE,0.019938427199136233,0.0371741111346152,0.01,1,866
CS2_35,B_HF456_median_indicators,16,MAE,0.019873326779586187,0.03729708511835309,0.1,1,866
CS2_35,B_HF456_median_indicators,16,MAE,0.019841456955504547,0.03734278181205487,1.0,1,866
CS2_35,B_HF456_median_indicators,16,MAE,0.019826916491972827,0.037154536738403784,10.0,1,866
CS2_35,B_HF456_median_indicators,16,MAE,0.020283705127472136,0.03657917011479061,100.0,1,866
CS2_36,B_HF456_median_indicators,16,MAE,0.020772170891361377,0.05525137568434712,0.01,1,957
CS2_36,B_HF456_median_indicators,16,MAE,0.020844278829869566,0.055332068405580886,0.1,1,957
CS2_36,B_HF456_median_indicators,16,MAE,0.020879844126983068,0.0553758677619646,1.0,1,957
CS2_36,B_HF456_median_indicators,16,MAE,0.020839622518231973,0.05536872370311804,10.0,1,957
CS2_36,B_HF456_median_indicators,16,MAE,0.02078797732178765,0.05544022331928914,100.0,1,957
CS2_37,B_HF456_median_indicators,16,MAE,0.01894332990804569,0.04289957635326649,0.01,1,1022
CS2_37,B_HF456_median_indicators,16,MAE,0.01903732457351912,0.04289224292183614,0.1,1,1022
CS2_37,B_HF456_median_indicators,16,MAE,0.019113073272448426,0.042910906744757685,1.0,1,1022
CS2_37,B_HF456_median_indicators,16,MAE,0.01909787896698073,0.042908268364837375,10.0,1,1022
CS2_37,B_HF456_median_indicators,16,MAE,0.01927666563332029,0.04312379202087862,100.0,1,1022
CS2_38,B_HF456_median_indicators,16,MAE,0.01842243245391233,0.04750459950790612,0.01,1,1012
CS2_38,B_HF456_median_indicators,16,MAE,0.01786751906353851,0.04699394950123337,0.1,1,1012
CS2_38,B_HF456_median_indicators,16,MAE,0.017762193709847728,0.046834530313410894,1.0,1,1012
CS2_38,B_HF456_median_indicators,16,MAE,0.017855988309850877,0.04682774346688396,10.0,1,1012
CS2_38,B_HF456_median_indicators,16,MAE,0.01939370689603936,0.047293626004234736,100.0,1,1012
CS2_35,B_missing_mask_only,16,MAE,0.02257762707313905,0.039149116798862564,0.01,1,866
CS2_35,B_missing_mask_only,16,MAE,0.022578688148054925,0.03915005024425233,0.1,1,866
CS2_35,B_missing_mask_only,16,MAE,0.022589424437796015,0.03915943074883295,1.0,1,866
CS2_35,B_missing_mask_only,16,MAE,0.022705801589611052,0.0392577490751033,10.0,1,866
CS2_35,B_missing_mask_only,16,MAE,0.024148151634053552,0.040609601352111446,100.0,1,866
CS2_36,B_missing_mask_only,16,MAE,0.024167917190770216,0.06899342968732033,0.01,1,957
CS2_36,B_missing_mask_only,16,MAE,0.024168872593577785,0.06899317344798786,0.1,1,957
CS2_36,B_missing_mask_only,16,MAE,0.024178765921439627,0.06899070073433951,1.0,1,957
CS2_36,B_missing_mask_only,16,MAE,0.02429396331128787,0.06897383540039152,10.0,1,957
CS2_36,B_missing_mask_only,16,MAE,0.02733564261094088,0.06946333571735507,100.0,1,957
CS2_37,B_missing_mask_only,16,MAE,0.021341374396186354,0.053198140685542995,0.01,1,1022
CS2_37,B_missing_mask_only,16,MAE,0.021342277394550236,0.05319821495830413,0.1,1,1022
CS2_37,B_missing_mask_only,16,MAE,0.021351615453398056,0.05319896856270224,1.0,1,1022
CS2_37,B_missing_mask_only,16,MAE,0.021466460713019577,0.05321234979988766,10.0,1,1022
CS2_37,B_missing_mask_only,16,MAE,0.024016885783393043,0.05395930371867295,100.0,1,1022
CS2_38,B_missing_mask_only,16,MAE,0.023100790747074915,0.06246525976120821,0.01,1,1012
CS2_38,B_missing_mask_only,16,MAE,0.02310201934072572,0.06246458744284717,0.1,1,1012
CS2_38,B_missing_mask_only,16,MAE,0.02311488325680772,0.062457894201215454,1.0,1,1012
CS2_38,B_missing_mask_only,16,MAE,0.023303095193528828,0.06240463841094812,10.0,1,1012
CS2_38,B_missing_mask_only,16,MAE,0.027700823221160714,0.06323071940608019,100.0,1,1012
CS2_35,C_complete_case_HF456,16,MAE,0.015165505251057153,0.024492686781631176,0.01,1,572
CS2_35,C_complete_case_HF456,16,MAE,0.015127135049271176,0.024465246868078657,0.1,1,572
CS2_35,C_complete_case_HF456,16,MAE,0.015218544811418957,0.024528394511842588,1.0,1,572
CS2_35,C_complete_case_HF456,16,MAE,0.01547874051397258,0.024810335642238543,10.0,1,572
CS2_35,C_complete_case_HF456,16,MAE,0.016283647441055055,0.025673460053560627,100.0,1,572
CS2_36,C_complete_case_HF456,16,MAE,0.01789705177518736,0.05807707999988662,0.01,1,607
CS2_36,C_complete_case_HF456,16,MAE,0.017819003636265988,0.058045701165464175,0.1,1,607
CS2_36,C_complete_case_HF456,16,MAE,0.017168313696023372,0.057893060875026055,1.0,1,607
CS2_36,C_complete_case_HF456,16,MAE,0.016195731780207546,0.05774478605203481,10.0,1,607
CS2_36,C_complete_case_HF456,16,MAE,0.016767777438526484,0.05787541909866233,100.0,1,607
CS2_37,C_complete_case_HF456,16,MAE,0.01316114767208949,0.022987308734009934,0.01,1,639
CS2_37,C_complete_case_HF456,16,MAE,0.013106588712569206,0.022956015726667882,0.1,1,639
CS2_37,C_complete_case_HF456,16,MAE,0.013170743819851977,0.02297225916077165,1.0,1,639
CS2_37,C_complete_case_HF456,16,MAE,0.013563308433717834,0.02313901328959112,10.0,1,639
CS2_37,C_complete_case_HF456,16,MAE,0.014256829807611894,0.0235696374586129,100.0,1,639
CS2_38,C_complete_case_HF456,16,MAE,0.014010236916437088,0.037792631678060386,0.01,1,547
CS2_38,C_complete_case_HF456,16,MAE,0.014016120658232933,0.037785731360274515,0.1,1,547
CS2_38,C_complete_case_HF456,16,MAE,0.014040367030186842,0.03779793384026627,1.0,1,547
CS2_38,C_complete_case_HF456,16,MAE,0.014245521526675003,0.03784217609900584,10.0,1,547
CS2_38,C_complete_case_HF456,16,MAE,0.01558072106678304,0.03834530922995582,100.0,1,547
CS2_35,A_drop_HF456,24,MAE,0.023424438429996274,0.04156255023310453,0.01,1,858
CS2_35,A_drop_HF456,24,MAE,0.02335496389296791,0.0416158254264484,0.1,1,858
CS2_35,A_drop_HF456,24,MAE,0.02330298115892404,0.0416278024041981,1.0,1,858
CS2_35,A_drop_HF456,24,MAE,0.023262561935965615,0.04140264128416634,10.0,1,858
CS2_35,A_drop_HF456,24,MAE,0.023681717335869372,0.04075000578559612,100.0,1,858
CS2_36,A_drop_HF456,24,MAE,0.024281758429234277,0.057787663128813824,0.01,1,949
CS2_36,A_drop_HF456,24,MAE,0.024303444737277528,0.05780846503217835,0.1,1,949
CS2_36,A_drop_HF456,24,MAE,0.024314759045863537,0.057820032534727214,1.0,1,949
CS2_36,A_drop_HF456,24,MAE,0.02428692676538267,0.057798219278632317,10.0,1,949
CS2_36,A_drop_HF456,24,MAE,0.024099097293356186,0.05766963033460609,100.0,1,949
CS2_37,A_drop_HF456,24,MAE,0.021567611151544822,0.043602125873115356,0.01,1,1014
CS2_37,A_drop_HF456,24,MAE,0.02157336843968394,0.04362113418542974,0.1,1,1014
CS2_37,A_drop_HF456,24,MAE,0.02159086009657583,0.04364935430789599,1.0,1,1014
CS2_37,A_drop_HF456,24,MAE,0.021588626659094775,0.043711706811446725,10.0,1,1014
CS2_37,A_drop_HF456,24,MAE,0.021673294635800193,0.04436048886007877,100.0,1,1014
CS2_38,A_drop_HF456,24,MAE,0.021980912185734117,0.04851851612064294,0.01,1,1004
CS2_38,A_drop_HF456,24,MAE,0.021321646919828505,0.0481054762181094,0.1,1,1004
CS2_38,A_drop_HF456,24,MAE,0.021029131187147963,0.047916973307844106,1.0,1,1004
CS2_38,A_drop_HF456,24,MAE,0.021228772619936553,0.047970511674996504,10.0,1,1004
CS2_38,A_drop_HF456,24,MAE,0.022513917760213817,0.04850054901517061,100.0,1,1004
CS2_35,B_HF456_median,24,MAE,0.022545663907347635,0.040905152223110156,0.01,1,858
CS2_35,B_HF456_median,24,MAE,0.022440853125262606,0.04103431304005826,0.1,1,858
CS2_35,B_HF456_median,24,MAE,0.02238171104532086,0.04108808478129528,1.0,1,858
CS2_35,B_HF456_median,24,MAE,0.022339802636313112,0.0408730356683241,10.0,1,858
CS2_35,B_HF456_median,24,MAE,0.02266531955046088,0.040182080340679355,100.0,1,858
CS2_36,B_HF456_median,24,MAE,0.023369056906076876,0.05687293968751443,0.01,1,949
CS2_36,B_HF456_median,24,MAE,0.023480133260558755,0.05697844078679035,0.1,1,949
CS2_36,B_HF456_median,24,MAE,0.023543135916563995,0.0570428630115,1.0,1,949
CS2_36,B_HF456_median,24,MAE,0.023498406890935998,0.05701239598695462,10.0,1,949
CS2_36,B_HF456_median,24,MAE,0.023193427331154943,0.05689937470134721,100.0,1,949
CS2_37,B_HF456_median,24,MAE,0.021306779410274413,0.04338409922299506,0.01,1,1014
CS2_37,B_HF456_median,24,MAE,0.021398635109247492,0.043466214315979204,0.1,1,1014
CS2_37,B_HF456_median,24,MAE,0.021454263353519194,0.04353023601154083,1.0,1,1014
CS2_37,B_HF456_median,24,MAE,0.02145888262624873,0.043589770982354066,10.0,1,1014
CS2_37,B_HF456_median,24,MAE,0.021520828718951196,0.0442120053649879,100.0,1,1014
CS2_38,B_HF456_median,24,MAE,0.02077287627623162,0.048351122597083344,0.01,1,1004
CS2_38,B_HF456_median,24,MAE,0.020210228947530037,0.04786098220121238,0.1,1,1004
CS2_38,B_HF456_median,24,MAE,0.02004928965860911,0.04768722783601973,1.0,1,1004
CS2_38,B_HF456_median,24,MAE,0.020180501953654856,0.04774071977233769,10.0,1,1004
CS2_38,B_HF456_median,24,MAE,0.021154688503259512,0.04818755089158175,100.0,1,1004
CS2_35,B_HF456_median_indicators,24,MAE,0.02242922705004727,0.0408076295747941,0.01,1,858
CS2_35,B_HF456_median_indicators,24,MAE,0.022309317606818226,0.040985912038982227,0.1,1,858
CS2_35,B_HF456_median_indicators,24,MAE,0.022254444026723334,0.0410665480565398,1.0,1,858
CS2_35,B_HF456_median_indicators,24,MAE,0.022215562704644413,0.04086475582493508,10.0,1,858
CS2_35,B_HF456_median_indicators,24,MAE,0.022577420383208303,0.04018815427566344,100.0,1,858
CS2_36,B_HF456_median_indicators,24,MAE,0.023311765767934322,0.056816012697332136,0.01,1,949
CS2_36,B_HF456_median_indicators,24,MAE,0.023455754396876933,0.05695456428374148,0.1,1,949
CS2_36,B_HF456_median_indicators,24,MAE,0.0235336011690556,0.05703265730933735,1.0,1,949
CS2_36,B_HF456_median_indicators,24,MAE,0.023484453994951724,0.05700013477853488,10.0,1,949
CS2_36,B_HF456_median_indicators,24,MAE,0.02320097023114434,0.05690792003594305,100.0,1,949
CS2_37,B_HF456_median_indicators,24,MAE,0.021324525343789626,0.04342136213597188,0.01,1,1014
CS2_37,B_HF456_median_indicators,24,MAE,0.02146854137731943,0.04353693556980694,0.1,1,1014
CS2_37,B_HF456_median_indicators,24,MAE,0.021556439140565323,0.043622650393142254,1.0,1,1014
CS2_37,B_HF456_median_indicators,24,MAE,0.021556762928728518,0.043689057984973745,10.0,1,1014
CS2_37,B_HF456_median_indicators,24,MAE,0.021565557753883847,0.044279539742354615,100.0,1,1014
CS2_38,B_HF456_median_indicators,24,MAE,0.020480090800139475,0.048874620286102094,0.01,1,1004
CS2_38,B_HF456_median_indicators,24,MAE,0.019709954267716073,0.048056611421868366,0.1,1,1004
CS2_38,B_HF456_median_indicators,24,MAE,0.01953055649663801,0.04779423156383147,1.0,1,1004
CS2_38,B_HF456_median_indicators,24,MAE,0.01963499556099496,0.04778749126801285,10.0,1,1004
CS2_38,B_HF456_median_indicators,24,MAE,0.021068359192219794,0.048161492825016465,100.0,1,1004
CS2_35,B_missing_mask_only,24,MAE,0.025414310585024427,0.041980339675724336,0.01,1,858
CS2_35,B_missing_mask_only,24,MAE,0.025415541442063476,0.04198133881185268,0.1,1,858
CS2_35,B_missing_mask_only,24,MAE,0.02542813321761696,0.041991370629745485,1.0,1,858
CS2_35,B_missing_mask_only,24,MAE,0.025561750110371508,0.042095652177084275,10.0,1,858
CS2_35,B_missing_mask_only,24,MAE,0.027015607727758077,0.0434611374987888,100.0,1,858
CS2_36,B_missing_mask_only,24,MAE,0.026058308230092312,0.07076030020112511,0.01,1,949
CS2_36,B_missing_mask_only,24,MAE,0.026058934597789542,0.07075980992148953,0.1,1,949
CS2_36,B_missing_mask_only,24,MAE,0.02606552978072453,0.07075495051131733,1.0,1,949
CS2_36,B_missing_mask_only,24,MAE,0.02614662990806091,0.07071334919837523,10.0,1,949
CS2_36,B_missing_mask_only,24,MAE,0.02804005504443459,0.07097190598111372,100.0,1,949
CS2_37,B_missing_mask_only,24,MAE,0.02428542752818948,0.05681801224730025,0.01,1,1014
CS2_37,B_missing_mask_only,24,MAE,0.024286311658325663,0.05681829689757979,0.1,1,1014
CS2_37,B_missing_mask_only,24,MAE,0.02429564272441266,0.0568212536655126,1.0,1,1014
CS2_37,B_missing_mask_only,24,MAE,0.024418036777411747,0.0568582093107324,10.0,1,1014
CS2_37,B_missing_mask_only,24,MAE,0.026527701614550467,0.05777329211212761,100.0,1,1014
CS2_38,B_missing_mask_only,24,MAE,0.025527995191432312,0.0636918772919087,0.01,1,1004
CS2_38,B_missing_mask_only,24,MAE,0.02552901404878059,0.06369096307034271,0.1,1,1004
CS2_38,B_missing_mask_only,24,MAE,0.025539759946244925,0.06368179094171765,1.0,1,1004
CS2_38,B_missing_mask_only,24,MAE,0.025689534265038186,0.06360265263220284,10.0,1,1004
CS2_38,B_missing_mask_only,24,MAE,0.029726680923148528,0.06419972465332785,100.0,1,1004
CS2_35,C_complete_case_HF456,24,MAE,0.016366974757022236,0.024621091393511717,0.01,1,572
CS2_35,C_complete_case_HF456,24,MAE,0.016438434496177212,0.024671998415127173,0.1,1,572
CS2_35,C_complete_case_HF456,24,MAE,0.016662425154877984,0.024825736291752432,1.0,1,572
CS2_35,C_complete_case_HF456,24,MAE,0.017124102697538317,0.025275036669656907,10.0,1,572
CS2_35,C_complete_case_HF456,24,MAE,0.018011662891213864,0.02633947537092283,100.0,1,572
CS2_36,C_complete_case_HF456,24,MAE,0.019939433988671415,0.05824212436309616,0.01,1,606
CS2_36,C_complete_case_HF456,24,MAE,0.01955335468788618,0.05817301327793015,0.1,1,606
CS2_36,C_complete_case_HF456,24,MAE,0.018556830452422134,0.058019271343016064,1.0,1,606
CS2_36,C_complete_case_HF456,24,MAE,0.017409702837345317,0.05802088303888998,10.0,1,606
CS2_36,C_complete_case_HF456,24,MAE,0.018036594717914047,0.05863788887489107,100.0,1,606
CS2_37,C_complete_case_HF456,24,MAE,0.015582312802933165,0.042920885517173574,0.01,1,638
CS2_37,C_complete_case_HF456,24,MAE,0.015466077784130264,0.042913912692170375,0.1,1,638
CS2_37,C_complete_case_HF456,24,MAE,0.015549823094844812,0.04288415687238248,1.0,1,638
CS2_37,C_complete_case_HF456,24,MAE,0.016190382009341045,0.042796880494462564,10.0,1,638
CS2_37,C_complete_case_HF456,24,MAE,0.017043765137847722,0.042700529179250685,100.0,1,638
CS2_38,C_complete_case_HF456,24,MAE,0.014504606410405395,0.037657477634849716,0.01,1,547
CS2_38,C_complete_case_HF456,24,MAE,0.014625295629249293,0.03765319930375131,0.1,1,547
CS2_38,C_complete_case_HF456,24,MAE,0.014751398464964392,0.037726022852470814,1.0,1,547
CS2_38,C_complete_case_HF456,24,MAE,0.015149652405658551,0.0379588861650531,10.0,1,547
CS2_38,C_complete_case_HF456,24,MAE,0.01668020485569286,0.03866118694351165,100.0,1,547
CS2_35,A_drop_HF456,32,MAE,0.025871182583776096,0.0431594979845198,0.01,1,850
CS2_35,A_drop_HF456,32,MAE,0.025814990907867638,0.04318856412239913,0.1,1,850
CS2_35,A_drop_HF456,32,MAE,0.025771167471876587,0.04318058384028814,1.0,1,850
CS2_35,A_drop_HF456,32,MAE,0.025731065774626596,0.04292498735258132,10.0,1,850
CS2_35,A_drop_HF456,32,MAE,0.02622307278611293,0.04222828619367105,100.0,1,850
CS2_36,A_drop_HF456,32,MAE,0.026025341808311148,0.059916267953763765,0.01,1,941
CS2_36,A_drop_HF456,32,MAE,0.025988651620383708,0.05986622841045149,0.1,1,941
CS2_36,A_drop_HF456,32,MAE,0.025962177822316353,0.05983204305078206,1.0,1,941
CS2_36,A_drop_HF456,32,MAE,0.025931561138470186,0.059807351226227,10.0,1,941
CS2_36,A_drop_HF456,32,MAE,0.02609360280984353,0.059646685884121524,100.0,1,941
CS2_37,A_drop_HF456,32,MAE,0.02405170164293723,0.046034995702388774,0.01,1,1006
CS2_37,A_drop_HF456,32,MAE,0.024026091633439085,0.04603646317128347,0.1,1,1006
CS2_37,A_drop_HF456,32,MAE,0.024018778226480915,0.04605073841972593,1.0,1,1006
CS2_37,A_drop_HF456,32,MAE,0.02403861211919535,0.04611360317991143,10.0,1,1006
CS2_37,A_drop_HF456,32,MAE,0.024313873840025105,0.04678680082949615,100.0,1,1006
CS2_38,A_drop_HF456,32,MAE,0.023998469422854253,0.05013572812979333,0.01,1,996
CS2_38,A_drop_HF456,32,MAE,0.023464627454095152,0.04979620505734709,0.1,1,996
CS2_38,A_drop_HF456,32,MAE,0.02323188204946962,0.04963339216056103,1.0,1,996
CS2_38,A_drop_HF456,32,MAE,0.02349801333235102,0.049721906976807444,10.0,1,996
CS2_38,A_drop_HF456,32,MAE,0.02510334993852711,0.050482942110761216,100.0,1,996
CS2_35,B_HF456_median,32,MAE,0.02487653716646061,0.042246758874240384,0.01,1,850
CS2_35,B_HF456_median,32,MAE,0.0247715905999761,0.04233160056915174,0.1,1,850
CS2_35,B_HF456_median,32,MAE,0.02470943884328291,0.0423588654695919,1.0,1,850
CS2_35,B_HF456_median,32,MAE,0.02464495986134385,0.042119627588896834,10.0,1,850
CS2_35,B_HF456_median,32,MAE,0.024995970345819418,0.04139553102301785,100.0,1,850
CS2_36,B_HF456_median,32,MAE,0.02507499312998811,0.058742209759844746,0.01,1,941
CS2_36,B_HF456_median,32,MAE,0.025106951473576666,0.05881253768644253,0.1,1,941
CS2_36,B_HF456_median,32,MAE,0.0251221304132601,0.05885134384610437,1.0,1,941
CS2_36,B_HF456_median,32,MAE,0.025090335266775503,0.05881411038890186,10.0,1,941
CS2_36,B_HF456_median,32,MAE,0.025016442089995632,0.058656434481741467,100.0,1,941
CS2_37,B_HF456_median,32,MAE,0.024016847435740066,0.04606926812459185,0.01,1,1006
CS2_37,B_HF456_median,32,MAE,0.024087290828373117,0.04613105821748918,0.1,1,1006
CS2_37,B_HF456_median,32,MAE,0.024129253301254067,0.046178078161612963,1.0,1,1006
CS2_37,B_HF456_median,32,MAE,0.02413514459030637,0.04622192844580878,10.0,1,1006
CS2_37,B_HF456_median,32,MAE,0.02419697856038808,0.0467968688062484,100.0,1,1006
CS2_38,B_HF456_median,32,MAE,0.0227213099426806,0.04983537145892345,0.01,1,996
CS2_38,B_HF456_median,32,MAE,0.02230028356188793,0.04942364835384631,0.1,1,996
CS2_38,B_HF456_median,32,MAE,0.022142404195085157,0.04927175067508931,1.0,1,996
CS2_38,B_HF456_median,32,MAE,0.022324679541811467,0.04936505115198054,10.0,1,996
CS2_38,B_HF456_median,32,MAE,0.023494290600900695,0.05005697129494937,100.0,1,996
CS2_35,B_HF456_median_indicators,32,MAE,0.024722984284754505,0.041949779217866426,0.01,1,850
CS2_35,B_HF456_median_indicators,32,MAE,0.02460308706623978,0.04210636563676862,0.1,1,850
CS2_35,B_HF456_median_indicators,32,MAE,0.02454282126782489,0.04217739206902465,1.0,1,850
CS2_35,B_HF456_median_indicators,32,MAE,0.024474355692319864,0.0419521030794986,10.0,1,850
CS2_35,B_HF456_median_indicators,32,MAE,0.024843861269111832,0.04127297147160753,100.0,1,850
CS2_36,B_HF456_median_indicators,32,MAE,0.024950395964636676,0.058555497215614455,0.01,1,941
CS2_36,B_HF456_median_indicators,32,MAE,0.024998996498218358,0.058680137151513725,0.1,1,941
CS2_36,B_HF456_median_indicators,32,MAE,0.025029936993062024,0.05874826414929045,1.0,1,941
CS2_36,B_HF456_median_indicators,32,MAE,0.024981995112769724,0.058713336122924176,10.0,1,941
CS2_36,B_HF456_median_indicators,32,MAE,0.02493695481451497,0.05857810265774358,100.0,1,941
CS2_37,B_HF456_median_indicators,32,MAE,0.024184665109795122,0.0462892487792755,0.01,1,1006
CS2_37,B_HF456_median_indicators,32,MAE,0.024293958142582926,0.046396421678829215,0.1,1,1006
CS2_37,B_HF456_median_indicators,32,MAE,0.024365984934673984,0.046477086993025336,1.0,1,1006
CS2_37,B_HF456_median_indicators,32,MAE,0.024368301383597253,0.04652919939423629,10.0,1,1006
CS2_37,B_HF456_median_indicators,32,MAE,0.024371686866293596,0.04703015790047449,100.0,1,1006
CS2_38,B_HF456_median_indicators,32,MAE,0.0220713066522692,0.050247976230243255,0.01,1,996
CS2_38,B_HF456_median_indicators,32,MAE,0.021452016724398483,0.04953294444260795,0.1,1,996
CS2_38,B_HF456_median_indicators,32,MAE,0.02131356961034808,0.04929854849279242,1.0,1,996
CS2_38,B_HF456_median_indicators,32,MAE,0.021430896289242052,0.0493219294215968,10.0,1,996
CS2_38,B_HF456_median_indicators,32,MAE,0.023020377875733366,0.04988501169225646,100.0,1,996
CS2_35,B_missing_mask_only,32,MAE,0.028050463902773794,0.04476046565442068,0.01,1,850
CS2_35,B_missing_mask_only,32,MAE,0.02805198030542979,0.044761847136034046,0.1,1,850
CS2_35,B_missing_mask_only,32,MAE,0.028067354042648904,0.04477569325361564,1.0,1,850
CS2_35,B_missing_mask_only,32,MAE,0.028223795239723144,0.04491721244709609,10.0,1,850
CS2_35,B_missing_mask_only,32,MAE,0.029844688323325957,0.04657460863495924,100.0,1,850
CS2_36,B_missing_mask_only,32,MAE,0.028444954466980366,0.07371835856565663,0.01,1,941
CS2_36,B_missing_mask_only,32,MAE,0.028445725371201477,0.07371762520550959,0.1,1,941
CS2_36,B_missing_mask_only,32,MAE,0.028454006796721987,0.07371031377759632,1.0,1,941
CS2_36,B_missing_mask_only,32,MAE,0.02855072321235709,0.07364384174565027,10.0,1,941
CS2_36,B_missing_mask_only,32,MAE,0.03049624741156225,0.07366839175295424,100.0,1,941
CS2_37,B_missing_mask_only,32,MAE,0.027009518565842255,0.059565362280443825,0.01,1,1006
CS2_37,B_missing_mask_only,32,MAE,0.02701036336711396,0.059565474532163154,0.1,1,1006
CS2_37,B_missing_mask_only,32,MAE,0.027019455448059785,0.05956667016926982,1.0,1,1006
CS2_37,B_missing_mask_only,32,MAE,0.027138227435551845,0.05958513919741778,10.0,1,1006
CS2_37,B_missing_mask_only,32,MAE,0.029006963108004064,0.060309953505887214,100.0,1,1006
CS2_38,B_missing_mask_only,32,MAE,0.02785257976516688,0.06591171845317921,0.01,1,996
CS2_38,B_missing_mask_only,32,MAE,0.02785429943359706,0.06591089343571763,0.1,1,996
CS2_38,B_missing_mask_only,32,MAE,0.02787263970748447,0.06590264227323092,1.0,1,996
CS2_38,B_missing_mask_only,32,MAE,0.028091540544655385,0.06583318846613104,10.0,1,996
CS2_38,B_missing_mask_only,32,MAE,0.032252212154308395,0.0665073360033569,100.0,1,996
CS2_35,C_complete_case_HF456,32,MAE,0.018712779704284196,0.026358048611195267,0.01,1,572
CS2_35,C_complete_case_HF456,32,MAE,0.018814202210734786,0.026433649031040476,0.1,1,572
CS2_35,C_complete_case_HF456,32,MAE,0.019031733252697747,0.026637455927697874,1.0,1,572
CS2_35,C_complete_case_HF456,32,MAE,0.019424526452366735,0.027144751815631002,10.0,1,572
CS2_35,C_complete_case_HF456,32,MAE,0.020221789570370064,0.028212773831197215,100.0,1,572
CS2_36,C_complete_case_HF456,32,MAE,0.022100644198770523,0.05873030280707871,0.01,1,606
CS2_36,C_complete_case_HF456,32,MAE,0.021804786479837007,0.058705487715459234,0.1,1,606
CS2_36,C_complete_case_HF456,32,MAE,0.02076385347952956,0.05852855047507884,1.0,1,606
CS2_36,C_complete_case_HF456,32,MAE,0.019180614857892943,0.058429447055866064,10.0,1,606
CS2_36,C_complete_case_HF456,32,MAE,0.019248409233369283,0.05897950008600495,100.0,1,606
CS2_37,C_complete_case_HF456,32,MAE,0.017019330219985165,0.04328862763580069,0.01,1,638
CS2_37,C_complete_case_HF456,32,MAE,0.016791626638238695,0.043245857657312745,0.1,1,638
CS2_37,C_complete_case_HF456,32,MAE,0.01686163128922687,0.04323551994453002,1.0,1,638
CS2_37,C_complete_case_HF456,32,MAE,0.017610188899402465,0.04333471435371164,10.0,1,638
CS2_37,C_complete_case_HF456,32,MAE,0.018429269332973765,0.0434783544807485,100.0,1,638
CS2_38,C_complete_case_HF456,32,MAE,0.015694204908622427,0.038813548234466706,0.01,1,547
CS2_38,C_complete_case_HF456,32,MAE,0.01579086104242584,0.03871402627178642,0.1,1,547
CS2_38,C_complete_case_HF456,32,MAE,0.015898403513264672,0.03873938578074954,1.0,1,547
CS2_38,C_complete_case_HF456,32,MAE,0.016190848116460398,0.03894326254040919,10.0,1,547
CS2_38,C_complete_case_HF456,32,MAE,0.018036993469100537,0.03971006737314422,100.0,1,547
CS2_35,A_drop_HF456,48,MAE,0.02882125415920609,0.046238987108799354,0.01,1,834
CS2_35,A_drop_HF456,48,MAE,0.02876870341244789,0.04626417573533669,0.1,1,834
CS2_35,A_drop_HF456,48,MAE,0.028723328405349195,0.0462569241117818,1.0,1,834
CS2_35,A_drop_HF456,48,MAE,0.028675877221299904,0.04602721137919045,10.0,1,834
CS2_35,A_drop_HF456,48,MAE,0.02915339950760837,0.04547610865680121,100.0,1,834
CS2_36,A_drop_HF456,48,MAE,0.02829578549027809,0.06370994974548605,0.01,1,925
CS2_36,A_drop_HF456,48,MAE,0.02807374507438777,0.06346831176045661,0.1,1,925
CS2_36,A_drop_HF456,48,MAE,0.02792112337630628,0.06331013456362752,1.0,1,925
CS2_36,A_drop_HF456,48,MAE,0.02775723136320231,0.06324174517021408,10.0,1,925
CS2_36,A_drop_HF456,48,MAE,0.027286753397877096,0.06279261772581252,100.0,1,925
CS2_37,A_drop_HF456,48,MAE,0.026139542761093287,0.04654475071302274,0.01,1,990
CS2_37,A_drop_HF456,48,MAE,0.026025624200997896,0.046493071832545224,0.1,1,990
CS2_37,A_drop_HF456,48,MAE,0.02595007177256594,0.04647768381499104,1.0,1,990
CS2_37,A_drop_HF456,48,MAE,0.025975962832976575,0.046559533120261724,10.0,1,990
CS2_37,A_drop_HF456,48,MAE,0.026626647643688797,0.047488965007039294,100.0,1,990
CS2_38,A_drop_HF456,48,MAE,0.026586637710416913,0.05197756317318721,0.01,1,980
CS2_38,A_drop_HF456,48,MAE,0.02589188818771154,0.051592193217281625,0.1,1,980
CS2_38,A_drop_HF456,48,MAE,0.025459541772042488,0.05137408180109365,1.0,1,980
CS2_38,A_drop_HF456,48,MAE,0.025475354896733367,0.05140760198752293,10.0,1,980
CS2_38,A_drop_HF456,48,MAE,0.02763128262062518,0.05241494828104458,100.0,1,980
CS2_35,B_HF456_median,48,MAE,0.027338550730870242,0.04463929199809144,0.01,1,834
CS2_35,B_HF456_median,48,MAE,0.027216095343215098,0.04476830274731028,0.1,1,834
CS2_35,B_HF456_median,48,MAE,0.027138121274910432,0.04483709331180796,1.0,1,834
CS2_35,B_HF456_median,48,MAE,0.02705276578161911,0.044630001118532145,10.0,1,834
CS2_35,B_HF456_median,48,MAE,0.027392807244407062,0.044092060678600456,100.0,1,834
CS2_36,B_HF456_median,48,MAE,0.02756039851085886,0.061659799187417694,0.01,1,925
CS2_36,B_HF456_median,48,MAE,0.02762431546926268,0.0617747729951378,0.1,1,925
CS2_36,B_HF456_median,48,MAE,0.027647433975420556,0.061835515760409805,1.0,1,925
CS2_36,B_HF456_median,48,MAE,0.02745566825426506,0.0617443448155576,10.0,1,925
CS2_36,B_HF456_median,48,MAE,0.02659487123871941,0.06123266149502966,100.0,1,925
CS2_37,B_HF456_median,48,MAE,0.025828083545882174,0.046115842048368334,0.01,1,990
CS2_37,B_HF456_median,48,MAE,0.02575917810361127,0.04613830247067127,0.1,1,990
CS2_37,B_HF456_median,48,MAE,0.025750195307343373,0.046190944582268925,1.0,1,990
CS2_37,B_HF456_median,48,MAE,0.02581276304411026,0.04626276084511385,10.0,1,990
CS2_37,B_HF456_median,48,MAE,0.02642329173150382,0.047061878753073716,100.0,1,990
CS2_38,B_HF456_median,48,MAE,0.024372733922269487,0.050925852826447265,0.01,1,980
CS2_38,B_HF456_median,48,MAE,0.023831006162844,0.05058523874115304,0.1,1,980
CS2_38,B_HF456_median,48,MAE,0.02363105465897786,0.05047164956779722,1.0,1,980
CS2_38,B_HF456_median,48,MAE,0.023832653212284755,0.05062623545047334,10.0,1,980
CS2_38,B_HF456_median,48,MAE,0.025369684605763693,0.05174078107081461,100.0,1,980
CS2_35,B_HF456_median_indicators,48,MAE,0.027206670331521274,0.04420602249020218,0.01,1,834
CS2_35,B_HF456_median_indicators,48,MAE,0.027030872360952137,0.0444437730070108,0.1,1,834
CS2_35,B_HF456_median_indicators,48,MAE,0.026944043904523228,0.04457959730300762,1.0,1,834
CS2_35,B_HF456_median_indicators,48,MAE,0.026878819428184784,0.04437559773462259,10.0,1,834
CS2_35,B_HF456_median_indicators,48,MAE,0.02720089561181067,0.043854007107865765,100.0,1,834
CS2_36,B_HF456_median_indicators,48,MAE,0.02718211486157678,0.06138614794234248,0.01,1,925
CS2_36,B_HF456_median_indicators,48,MAE,0.027300627239731142,0.06159749205133494,0.1,1,925
CS2_36,B_HF456_median_indicators,48,MAE,0.027370554590700376,0.06171022345866607,1.0,1,925
CS2_36,B_HF456_median_indicators,48,MAE,0.027166266187166388,0.06162176848304508,10.0,1,925
CS2_36,B_HF456_median_indicators,48,MAE,0.026363685596121386,0.06110773085352603,100.0,1,925
CS2_37,B_HF456_median_indicators,48,MAE,0.02636897276601105,0.04678174519234538,0.01,1,990
CS2_37,B_HF456_median_indicators,48,MAE,0.026268419262066505,0.0468112160202548,0.1,1,990
CS2_37,B_HF456_median_indicators,48,MAE,0.026252713167294394,0.04689417973178603,1.0,1,990
CS2_37,B_HF456_median_indicators,48,MAE,0.026315907580049747,0.04698403987074443,10.0,1,990
CS2_37,B_HF456_median_indicators,48,MAE,0.026891227145038926,0.04765142791029072,100.0,1,990
CS2_38,B_HF456_median_indicators,48,MAE,0.023967124557056078,0.05098937945738091,0.01,1,980
CS2_38,B_HF456_median_indicators,48,MAE,0.02308897641320282,0.05045986108379637,0.1,1,980
CS2_38,B_HF456_median_indicators,48,MAE,0.022756403685887872,0.05031130784549154,1.0,1,980
CS2_38,B_HF456_median_indicators,48,MAE,0.022732701114146853,0.050393280406002876,10.0,1,980
CS2_38,B_HF456_median_indicators,48,MAE,0.024682999363371243,0.05140616973395455,100.0,1,980
CS2_35,B_missing_mask_only,48,MAE,0.03172386486843554,0.049823779229651144,0.01,1,834
CS2_35,B_missing_mask_only,48,MAE,0.031725167669502084,0.049825234506934504,0.1,1,834
CS2_35,B_missing_mask_only,48,MAE,0.03173818777123521,0.04983981258333932,1.0,1,834
CS2_35,B_missing_mask_only,48,MAE,0.03186844794794728,0.049988062646875525,10.0,1,834
CS2_35,B_missing_mask_only,48,MAE,0.033245133955817345,0.05166396579622177,100.0,1,834
CS2_36,B_missing_mask_only,48,MAE,0.029657324762618793,0.07773540852193035,0.01,1,925
CS2_36,B_missing_mask_only,48,MAE,0.029657821211909154,0.07773437951679177,0.1,1,925
CS2_36,B_missing_mask_only,48,MAE,0.029663391912348888,0.07772407977064913,1.0,1,925
CS2_36,B_missing_mask_only,48,MAE,0.029739687816969913,0.07762719035838722,10.0,1,925
CS2_36,B_missing_mask_only,48,MAE,0.03138121641678209,0.07736921921154599,100.0,1,925
CS2_37,B_missing_mask_only,48,MAE,0.029153694826328094,0.06101808721716157,0.01,1,990
CS2_37,B_missing_mask_only,48,MAE,0.02915466546517235,0.061018384639242695,0.1,1,990
CS2_37,B_missing_mask_only,48,MAE,0.02916523609112145,0.06102145608187381,1.0,1,990
CS2_37,B_missing_mask_only,48,MAE,0.029295440728059733,0.0610589222161035,10.0,1,990
CS2_37,B_missing_mask_only,48,MAE,0.031171571564025884,0.06194010125206428,100.0,1,990
CS2_38,B_missing_mask_only,48,MAE,0.031093731681997507,0.06965343384075072,0.01,1,980
CS2_38,B_missing_mask_only,48,MAE,0.031094176936800957,0.06965249951942845,0.1,1,980
CS2_38,B_missing_mask_only,48,MAE,0.031098975320917606,0.06964315492701223,1.0,1,980
CS2_38,B_missing_mask_only,48,MAE,0.031185013386140686,0.06956306544169373,10.0,1,980
CS2_38,B_missing_mask_only,48,MAE,0.03499951759181439,0.07016617003678441,100.0,1,980
CS2_35,C_complete_case_HF456,48,MAE,0.02015385055748706,0.02901086823723459,0.01,1,573
CS2_35,C_complete_case_HF456,48,MAE,0.020168338904655355,0.029027005858263254,0.1,1,573
CS2_35,C_complete_case_HF456,48,MAE,0.020447693390858335,0.029268886430125478,1.0,1,573
CS2_35,C_complete_case_HF456,48,MAE,0.021424709192707402,0.03021263840032525,10.0,1,573
CS2_35,C_complete_case_HF456,48,MAE,0.022650991073838885,0.03175220123743745,100.0,1,573
CS2_36,C_complete_case_HF456,48,MAE,0.025244079604517532,0.06050721754583271,0.01,1,607
CS2_36,C_complete_case_HF456,48,MAE,0.025059606223511426,0.06043824239771654,0.1,1,607
CS2_36,C_complete_case_HF456,48,MAE,0.02356334878357582,0.06008924328790348,1.0,1,607
CS2_36,C_complete_case_HF456,48,MAE,0.02093615841722352,0.05998165104289633,10.0,1,607
CS2_36,C_complete_case_HF456,48,MAE,0.020564095116595522,0.06091522709063548,100.0,1,607
CS2_37,C_complete_case_HF456,48,MAE,0.018323580869631585,0.042556201166521306,0.01,1,639
CS2_37,C_complete_case_HF456,48,MAE,0.018328864939179967,0.04256871833257445,0.1,1,639
CS2_37,C_complete_case_HF456,48,MAE,0.018611980198894117,0.04271581868732045,1.0,1,639
CS2_37,C_complete_case_HF456,48,MAE,0.019714925479900204,0.0431904109605359,10.0,1,639
CS2_37,C_complete_case_HF456,48,MAE,0.02087189426054365,0.04378437463647613,100.0,1,639
CS2_38,C_complete_case_HF456,48,MAE,0.01797303248074978,0.048515615232582625,0.01,1,547
CS2_38,C_complete_case_HF456,48,MAE,0.01801286014824461,0.04847406933406742,0.1,1,547
CS2_38,C_complete_case_HF456,48,MAE,0.018133501992441372,0.04851775103569953,1.0,1,547
CS2_38,C_complete_case_HF456,48,MAE,0.018866201050607784,0.04886585892094322,10.0,1,547
CS2_38,C_complete_case_HF456,48,MAE,0.021154220368000475,0.0498604132886374,100.0,1,547
CS2_35,A_drop_HF456,64,MAE,0.03211295037070304,0.04928329116339351,0.01,1,818
CS2_35,A_drop_HF456,64,MAE,0.03208248186412492,0.04928784566499821,0.1,1,818
CS2_35,A_drop_HF456,64,MAE,0.03205582418695691,0.049263716294927366,1.0,1,818
CS2_35,A_drop_HF456,64,MAE,0.03203031866699895,0.049003877143193514,10.0,1,818
CS2_35,A_drop_HF456,64,MAE,0.032443953457049354,0.04804200764415704,100.0,1,818
CS2_36,A_drop_HF456,64,MAE,0.03160505080035369,0.06661295637150536,0.01,1,909
CS2_36,A_drop_HF456,64,MAE,0.03116898429556714,0.06600780537106565,0.1,1,909
CS2_36,A_drop_HF456,64,MAE,0.03090518067478011,0.06563465280526046,1.0,1,909
CS2_36,A_drop_HF456,64,MAE,0.03079879886016394,0.0655053572755866,10.0,1,909
CS2_36,A_drop_HF456,64,MAE,0.030385026013119744,0.06500865863964485,100.0,1,909
CS2_37,A_drop_HF456,64,MAE,0.028065275810527982,0.04744109517748598,0.01,1,974
CS2_37,A_drop_HF456,64,MAE,0.02798598448690547,0.047373845345420246,0.1,1,974
CS2_37,A_drop_HF456,64,MAE,0.027923523067278588,0.047324253918766,1.0,1,974
CS2_37,A_drop_HF456,64,MAE,0.02788013729683938,0.047300066269829945,10.0,1,974
CS2_37,A_drop_HF456,64,MAE,0.028780973035724976,0.048238702201339766,100.0,1,974
CS2_38,A_drop_HF456,64,MAE,0.029118640171865526,0.053255290011818716,0.01,1,964
CS2_38,A_drop_HF456,64,MAE,0.028531304539577102,0.05291008852089964,0.1,1,964
CS2_38,A_drop_HF456,64,MAE,0.02822883061527664,0.0527218742221226,1.0,1,964
CS2_38,A_drop_HF456,64,MAE,0.02856509938282499,0.0528401767251452,10.0,1,964
CS2_38,A_drop_HF456,64,MAE,0.03146330687792607,0.05446789211393268,100.0,1,964
CS2_35,B_HF456_median,64,MAE,0.03032164554580656,0.046471741083260854,0.01,1,818
CS2_35,B_HF456_median,64,MAE,0.030070717620645573,0.046581557797629625,0.1,1,818
CS2_35,B_HF456_median,64,MAE,0.029928423501942636,0.046651496186389675,1.0,1,818
CS2_35,B_HF456_median,64,MAE,0.029827617262631938,0.0463752045971147,10.0,1,818
CS2_35,B_HF456_median,64,MAE,0.030103463324618808,0.04545099029550232,100.0,1,818
CS2_36,B_HF456_median,64,MAE,0.03046365073147884,0.0634767290908866,0.01,1,909
CS2_36,B_HF456_median,64,MAE,0.03051672234796411,0.06361523915726822,0.1,1,909
CS2_36,B_HF456_median,64,MAE,0.03052783838724956,0.06368694282278602,1.0,1,909
CS2_36,B_HF456_median,64,MAE,0.03034043904196864,0.06356987761049875,10.0,1,909
CS2_36,B_HF456_median,64,MAE,0.029136195875629115,0.0630611911641106,100.0,1,909
CS2_37,B_HF456_median,64,MAE,0.026816698818054232,0.045044974469907094,0.01,1,974
CS2_37,B_HF456_median,64,MAE,0.02676858265769293,0.04503880779793482,0.1,1,974
CS2_37,B_HF456_median,64,MAE,0.02678249352140475,0.045097926807003245,1.0,1,974
CS2_37,B_HF456_median,64,MAE,0.026859892573130612,0.04520032234240366,10.0,1,974
CS2_37,B_HF456_median,64,MAE,0.027820355198162398,0.04639964087861575,100.0,1,974
CS2_38,B_HF456_median,64,MAE,0.02812739623446337,0.05285873384148907,0.01,1,964
CS2_38,B_HF456_median,64,MAE,0.027793199934823574,0.05269494151678519,0.1,1,964
CS2_38,B_HF456_median,64,MAE,0.027712204254788205,0.0527039669269811,1.0,1,964
CS2_38,B_HF456_median,64,MAE,0.027814676179298087,0.05289222392481313,10.0,1,964
CS2_38,B_HF456_median,64,MAE,0.029164707357634143,0.054327251823138537,100.0,1,964
CS2_35,B_HF456_median_indicators,64,MAE,0.030315140095483653,0.04591681250099125,0.01,1,818
CS2_35,B_HF456_median_indicators,64,MAE,0.02997358248281825,0.046136108214000805,0.1,1,818
CS2_35,B_HF456_median_indicators,64,MAE,0.02981075890456737,0.046284078777311,1.0,1,818
CS2_35,B_HF456_median_indicators,64,MAE,0.02970262640051401,0.04599510565636194,10.0,1,818
CS2_35,B_HF456_median_indicators,64,MAE,0.029998156808338505,0.04504398065700677,100.0,1,818
CS2_36,B_HF456_median_indicators,64,MAE,0.030206430680583405,0.06310994827506083,0.01,1,909
CS2_36,B_HF456_median_indicators,64,MAE,0.030321429289642116,0.06339601632290809,0.1,1,909
CS2_36,B_HF456_median_indicators,64,MAE,0.030374164257707056,0.06355305519853602,1.0,1,909
CS2_36,B_HF456_median_indicators,64,MAE,0.03018736560041546,0.06345572890524513,10.0,1,909
CS2_36,B_HF456_median_indicators,64,MAE,0.028993936359660005,0.06294766895337642,100.0,1,909
CS2_37,B_HF456_median_indicators,64,MAE,0.027568154337228118,0.04537207286459636,0.01,1,974
CS2_37,B_HF456_median_indicators,64,MAE,0.027424456206500667,0.04542039705829037,0.1,1,974
CS2_37,B_HF456_median_indicators,64,MAE,0.027405682157473868,0.045541354065740496,1.0,1,974
CS2_37,B_HF456_median_indicators,64,MAE,0.027497297270189194,0.045660779724237134,10.0,1,974
CS2_37,B_HF456_median_indicators,64,MAE,0.028362193107780785,0.04669209475399637,100.0,1,974
CS2_38,B_HF456_median_indicators,64,MAE,0.026437468367994654,0.05236607415266875,0.01,1,964
CS2_38,B_HF456_median_indicators,64,MAE,0.02616589472480582,0.05218648113251768,0.1,1,964
CS2_38,B_HF456_median_indicators,64,MAE,0.026234314392020803,0.05224078212014306,1.0,1,964
CS2_38,B_HF456_median_indicators,64,MAE,0.0264353496598598,0.0524047314357318,10.0,1,964
CS2_38,B_HF456_median_indicators,64,MAE,0.02822600531231161,0.05371111013510893,100.0,1,964
CS2_35,B_missing_mask_only,64,MAE,0.03445420924596914,0.049134701587300066,0.01,1,818
CS2_35,B_missing_mask_only,64,MAE,0.03445545537559686,0.04913647098729356,0.1,1,818
CS2_35,B_missing_mask_only,64,MAE,0.0344679089791036,0.049154185955250826,1.0,1,818
CS2_35,B_missing_mask_only,64,MAE,0.034594080083228375,0.0493333741851924,10.0,1,818
CS2_35,B_missing_mask_only,64,MAE,0.03590280329291942,0.051278599960509964,100.0,1,818
CS2_36,B_missing_mask_only,64,MAE,0.03212309432654237,0.0814988335673279,0.01,1,909
CS2_36,B_missing_mask_only,64,MAE,0.03212282433676133,0.08149744166394036,0.1,1,909
CS2_36,B_missing_mask_only,64,MAE,0.032120274621186225,0.08148334838016602,1.0,1,909
CS2_36,B_missing_mask_only,64,MAE,0.03210481376427782,0.08134493299728213,10.0,1,909
CS2_36,B_missing_mask_only,64,MAE,0.033492097122894506,0.08068078578289309,100.0,1,909
CS2_37,B_missing_mask_only,64,MAE,0.03176577083592332,0.061549029811338744,0.01,1,974
CS2_37,B_missing_mask_only,64,MAE,0.031767362561548905,0.06154948820518202,0.1,1,974
CS2_37,B_missing_mask_only,64,MAE,0.03178399773382665,0.061554272579855046,1.0,1,974
CS2_37,B_missing_mask_only,64,MAE,0.03197177186920511,0.06161086624295809,10.0,1,974
CS2_37,B_missing_mask_only,64,MAE,0.0341993291697839,0.06265094420860022,100.0,1,974
CS2_38,B_missing_mask_only,64,MAE,0.033606034303412025,0.06994478612179471,0.01,1,964
CS2_38,B_missing_mask_only,64,MAE,0.03360636902139093,0.0699438715021473,0.1,1,964
CS2_38,B_missing_mask_only,64,MAE,0.033609950890528276,0.06993474143928655,1.0,1,964
CS2_38,B_missing_mask_only,64,MAE,0.03368017120339279,0.06985730932507614,10.0,1,964
CS2_38,B_missing_mask_only,64,MAE,0.037127830362444214,0.07050252323289516,100.0,1,964
CS2_35,C_complete_case_HF456,64,MAE,0.022245417750793146,0.03189476867923179,0.01,1,573
CS2_35,C_complete_case_HF456,64,MAE,0.022154001723026184,0.03179439243955293,0.1,1,573
CS2_35,C_complete_case_HF456,64,MAE,0.022383120982792108,0.031720711313015286,1.0,1,573
CS2_35,C_complete_case_HF456,64,MAE,0.02428328314498739,0.0329978351225146,10.0,1,573
CS2_35,C_complete_case_HF456,64,MAE,0.026341457151299538,0.03526324765293484,100.0,1,573
CS2_36,C_complete_case_HF456,64,MAE,0.028836335233784465,0.06223895896445035,0.01,1,607
CS2_36,C_complete_case_HF456,64,MAE,0.028422546853719532,0.062067460151700005,0.1,1,607
CS2_36,C_complete_case_HF456,64,MAE,0.02598319684395468,0.06124190237493675,1.0,1,607
CS2_36,C_complete_case_HF456,64,MAE,0.022552373948613858,0.060846001813566856,10.0,1,607
CS2_36,C_complete_case_HF456,64,MAE,0.022067566253207535,0.061833408900573206,100.0,1,607
CS2_37,C_complete_case_HF456,64,MAE,0.01878525299796665,0.04246322062490445,0.01,1,639
CS2_37,C_complete_case_HF456,64,MAE,0.018824266764135678,0.04251805117806897,0.1,1,639
CS2_37,C_complete_case_HF456,64,MAE,0.019303675499982922,0.04299074930321649,1.0,1,639
CS2_37,C_complete_case_HF456,64,MAE,0.021222150656969804,0.04426163884520238,10.0,1,639
CS2_37,C_complete_case_HF456,64,MAE,0.02328217227386213,0.04567611461035043,100.0,1,639
CS2_38,C_complete_case_HF456,64,MAE,0.019239621245031823,0.04832364268129217,0.01,1,548
CS2_38,C_complete_case_HF456,64,MAE,0.019228519415618962,0.04834082937520521,0.1,1,548
CS2_38,C_complete_case_HF456,64,MAE,0.019421555740731258,0.048512624565142416,1.0,1,548
CS2_38,C_complete_case_HF456,64,MAE,0.020511639449962975,0.04912592066864613,10.0,1,548
CS2_38,C_complete_case_HF456,64,MAE,0.023151467035968157,0.050060692562608096,100.0,1,548
