battery,feature,horizon,metric,value,n_effective,support_rule,abs_partial,delta_abs_from_h1
CS2_35,HF5,1,pearson_partial_controlling_SOH,-0.026702293012555875,574,pairwise,0.026702293012555875,0.0
CS2_35,HF6,1,pearson_partial_controlling_SOH,-0.08822115901085639,574,pairwise,0.08822115901085639,0.0
CS2_35,HF5,4,pearson_partial_controlling_SOH,-0.18797875527368266,573,pairwise,0.18797875527368266,0.1612764622611268
CS2_35,HF6,4,pearson_partial_controlling_SOH,-0.13881431755115048,573,pairwise,0.13881431755115048,0.050593158540294086
CS2_35,HF5,8,pearson_partial_controlling_SOH,-0.015129530694629833,573,pairwise,0.015129530694629833,-0.011572762317926042
CS2_35,HF6,8,pearson_partial_controlling_SOH,-0.12041781626920253,573,pairwise,0.12041781626920253,0.03219665725834614
CS2_35,HF5,12,pearson_partial_controlling_SOH,-0.22304980327923074,573,pairwise,0.22304980327923074,0.19634751026667485
CS2_35,HF6,12,pearson_partial_controlling_SOH,-0.20026678280134144,573,pairwise,0.20026678280134144,0.11204562379048505
CS2_35,HF5,16,pearson_partial_controlling_SOH,-0.1180076880087249,573,pairwise,0.1180076880087249,0.09130539499616902
CS2_35,HF6,16,pearson_partial_controlling_SOH,-0.1627220897234338,573,pairwise,0.1627220897234338,0.0745009307125774
CS2_35,HF5,24,pearson_partial_controlling_SOH,-0.1664963693033829,573,pairwise,0.1664963693033829,0.13979407629082702
CS2_35,HF6,24,pearson_partial_controlling_SOH,-0.22662467442107348,573,pairwise,0.22662467442107348,0.1384035154102171
CS2_35,HF5,32,pearson_partial_controlling_SOH,-0.13021714157508324,573,pairwise,0.13021714157508324,0.10351484856252736
CS2_35,HF6,32,pearson_partial_controlling_SOH,-0.2522895896797019,573,pairwise,0.2522895896797019,0.1640684306688455
CS2_35,HF5,48,pearson_partial_controlling_SOH,-0.20764976262896154,574,pairwise,0.20764976262896154,0.18094746961640568
CS2_35,HF6,48,pearson_partial_controlling_SOH,-0.30074086005415973,574,pairwise,0.30074086005415973,0.21251970104330334
CS2_35,HF5,64,pearson_partial_controlling_SOH,-0.25420922306445126,574,pairwise,0.25420922306445126,0.22750693005189537
CS2_35,HF6,64,pearson_partial_controlling_SOH,-0.35785656391098125,574,pairwise,0.35785656391098125,0.26963540490012483
CS2_36,HF5,1,pearson_partial_controlling_SOH,0.02652888919495096,608,pairwise,0.02652888919495096,0.0
CS2_36,HF6,1,pearson_partial_controlling_SOH,0.03468231831883257,608,pairwise,0.03468231831883257,0.0
CS2_36,HF5,4,pearson_partial_controlling_SOH,0.04969156234402368,607,pairwise,0.04969156234402368,0.023162673149072718
CS2_36,HF6,4,pearson_partial_controlling_SOH,-0.053911329786554406,607,pairwise,0.053911329786554406,0.019229011467721838
CS2_36,HF5,8,pearson_partial_controlling_SOH,-0.023921083109502292,608,pairwise,0.023921083109502292,-0.0026078060854486697
CS2_36,HF6,8,pearson_partial_controlling_SOH,-0.07101581127711669,608,pairwise,0.07101581127711669,0.03633349295828412
CS2_36,HF5,12,pearson_partial_controlling_SOH,-0.05975613705231501,607,pairwise,0.05975613705231501,0.03322724785736404
CS2_36,HF6,12,pearson_partial_controlling_SOH,-0.11452097721304486,607,pairwise,0.11452097721304486,0.0798386588942123
CS2_36,HF5,16,pearson_partial_controlling_SOH,-0.003838307450969348,608,pairwise,0.003838307450969348,-0.022690581743981614
CS2_36,HF6,16,pearson_partial_controlling_SOH,-0.07910057691632955,608,pairwise,0.07910057691632955,0.04441825859749698
CS2_36,HF5,24,pearson_partial_controlling_SOH,-0.07586229524153157,607,pairwise,0.07586229524153157,0.04933340604658061
CS2_36,HF6,24,pearson_partial_controlling_SOH,-0.1403355380437012,607,pairwise,0.1403355380437012,0.10565321972486863
CS2_36,HF5,32,pearson_partial_controlling_SOH,-0.07233901850091477,607,pairwise,0.07233901850091477,0.045810129305963815
CS2_36,HF6,32,pearson_partial_controlling_SOH,-0.14826917789636548,607,pairwise,0.14826917789636548,0.11358685957753292
CS2_36,HF5,48,pearson_partial_controlling_SOH,-0.10176750552376762,608,pairwise,0.10176750552376762,0.07523861632881666
CS2_36,HF6,48,pearson_partial_controlling_SOH,-0.20409507921406778,608,pairwise,0.20409507921406778,0.16941276089523521
CS2_36,HF5,64,pearson_partial_controlling_SOH,-0.1547092654963948,608,pairwise,0.1547092654963948,0.12818037630144383
CS2_36,HF6,64,pearson_partial_controlling_SOH,-0.19802769765920547,608,pairwise,0.19802769765920547,0.1633453793403729
CS2_37,HF5,1,pearson_partial_controlling_SOH,0.017679987451184122,642,pairwise,0.017679987451184122,0.0
CS2_37,HF6,1,pearson_partial_controlling_SOH,-0.03090313126699508,642,pairwise,0.03090313126699508,0.0
CS2_37,HF5,4,pearson_partial_controlling_SOH,-0.07442045597579483,641,pairwise,0.07442045597579483,0.056740468524610704
CS2_37,HF6,4,pearson_partial_controlling_SOH,-0.06984789420125158,641,pairwise,0.06984789420125158,0.0389447629342565
CS2_37,HF5,8,pearson_partial_controlling_SOH,-0.0032601056976142117,642,pairwise,0.0032601056976142117,-0.01441988175356991
CS2_37,HF6,8,pearson_partial_controlling_SOH,-0.08311160091076089,642,pairwise,0.08311160091076089,0.05220846964376581
CS2_37,HF5,12,pearson_partial_controlling_SOH,-0.07970881414209059,642,pairwise,0.07970881414209059,0.062028826690906466
CS2_37,HF6,12,pearson_partial_controlling_SOH,-0.12070275763791181,642,pairwise,0.12070275763791181,0.08979962637091674
CS2_37,HF5,16,pearson_partial_controlling_SOH,-0.11726015451235117,641,pairwise,0.11726015451235117,0.09958016706116704
CS2_37,HF6,16,pearson_partial_controlling_SOH,-0.18900436823334346,641,pairwise,0.18900436823334346,0.15810123696634837
CS2_37,HF5,24,pearson_partial_controlling_SOH,-0.06014293510738918,640,pairwise,0.06014293510738918,0.04246294765620506
CS2_37,HF6,24,pearson_partial_controlling_SOH,-0.1412711737598095,640,pairwise,0.1412711737598095,0.11036804249281441
CS2_37,HF5,32,pearson_partial_controlling_SOH,-0.04350228257573842,640,pairwise,0.04350228257573842,0.025822295124554296
CS2_37,HF6,32,pearson_partial_controlling_SOH,-0.1300280733311281,640,pairwise,0.1300280733311281,0.09912494206413301
CS2_37,HF5,48,pearson_partial_controlling_SOH,-0.1280509795730293,641,pairwise,0.1280509795730293,0.11037099212184517
CS2_37,HF6,48,pearson_partial_controlling_SOH,-0.22936346012179737,641,pairwise,0.22936346012179737,0.1984603288548023
CS2_37,HF5,64,pearson_partial_controlling_SOH,-0.21029818798964986,641,pairwise,0.21029818798964986,0.19261820053846573
CS2_37,HF6,64,pearson_partial_controlling_SOH,-0.28813248044815276,641,pairwise,0.28813248044815276,0.2572293491811577
CS2_38,HF5,1,pearson_partial_controlling_SOH,0.014695864891226922,550,pairwise,0.014695864891226922,0.0
CS2_38,HF6,1,pearson_partial_controlling_SOH,-0.024661133974673656,550,pairwise,0.024661133974673656,0.0
CS2_38,HF5,4,pearson_partial_controlling_SOH,-0.09502492561963763,549,pairwise,0.09502492561963763,0.0803290607284107
CS2_38,HF6,4,pearson_partial_controlling_SOH,-0.12651997802656934,549,pairwise,0.12651997802656934,0.10185884405189569
CS2_38,HF5,8,pearson_partial_controlling_SOH,-0.06662302572987305,551,pairwise,0.06662302572987305,0.05192716083864613
CS2_38,HF6,8,pearson_partial_controlling_SOH,-0.1308257896210524,551,pairwise,0.1308257896210524,0.10616465564637875
CS2_38,HF5,12,pearson_partial_controlling_SOH,-0.10629820743926197,550,pairwise,0.10629820743926197,0.09160234254803504
CS2_38,HF6,12,pearson_partial_controlling_SOH,-0.1728542278045813,550,pairwise,0.1728542278045813,0.14819309382990764
CS2_38,HF5,16,pearson_partial_controlling_SOH,-0.07837984284671787,549,pairwise,0.07837984284671787,0.06368397795549094
CS2_38,HF6,16,pearson_partial_controlling_SOH,-0.13324281931495152,549,pairwise,0.13324281931495152,0.10858168534027787
CS2_38,HF5,24,pearson_partial_controlling_SOH,-0.09433159806769777,549,pairwise,0.09433159806769777,0.07963573317647085
CS2_38,HF6,24,pearson_partial_controlling_SOH,-0.13426244632078915,549,pairwise,0.13426244632078915,0.1096013123461155
CS2_38,HF5,32,pearson_partial_controlling_SOH,-0.11757762100491546,549,pairwise,0.11757762100491546,0.10288175611368855
CS2_38,HF6,32,pearson_partial_controlling_SOH,-0.188067093251946,549,pairwise,0.188067093251946,0.16340595927727236
CS2_38,HF5,48,pearson_partial_controlling_SOH,-0.2017179779336308,549,pairwise,0.2017179779336308,0.18702211304240388
CS2_38,HF6,48,pearson_partial_controlling_SOH,-0.20909407690695703,549,pairwise,0.20909407690695703,0.18443294293228338
CS2_38,HF5,64,pearson_partial_controlling_SOH,-0.17766564690487813,550,pairwise,0.17766564690487813,0.1629697820136512
CS2_38,HF6,64,pearson_partial_controlling_SOH,-0.20439609059431096,550,pairwise,0.20439609059431096,0.17973495661963731
CS2_35,HF5,1,pearson_partial_controlling_SOH,-0.026702293012555875,574,horizon_common,0.026702293012555875,0.0
CS2_35,HF6,1,pearson_partial_controlling_SOH,-0.08822115901085639,574,horizon_common,0.08822115901085639,0.0
CS2_35,HF5,4,pearson_partial_controlling_SOH,-0.18797875527368266,573,horizon_common,0.18797875527368266,0.1612764622611268
CS2_35,HF6,4,pearson_partial_controlling_SOH,-0.13881431755115048,573,horizon_common,0.13881431755115048,0.050593158540294086
CS2_35,HF5,8,pearson_partial_controlling_SOH,-0.015129530694629833,573,horizon_common,0.015129530694629833,-0.011572762317926042
CS2_35,HF6,8,pearson_partial_controlling_SOH,-0.12041781626920253,573,horizon_common,0.12041781626920253,0.03219665725834614
CS2_35,HF5,12,pearson_partial_controlling_SOH,-0.22304980327923074,573,horizon_common,0.22304980327923074,0.19634751026667485
CS2_35,HF6,12,pearson_partial_controlling_SOH,-0.20026678280134144,573,horizon_common,0.20026678280134144,0.11204562379048505
CS2_35,HF5,16,pearson_partial_controlling_SOH,-0.1180076880087249,573,horizon_common,0.1180076880087249,0.09130539499616902
CS2_35,HF6,16,pearson_partial_controlling_SOH,-0.1627220897234338,573,horizon_common,0.1627220897234338,0.0745009307125774
CS2_35,HF5,24,pearson_partial_controlling_SOH,-0.1664963693033829,573,horizon_common,0.1664963693033829,0.13979407629082702
CS2_35,HF6,24,pearson_partial_controlling_SOH,-0.22662467442107348,573,horizon_common,0.22662467442107348,0.1384035154102171
CS2_35,HF5,32,pearson_partial_controlling_SOH,-0.13021714157508324,573,horizon_common,0.13021714157508324,0.10351484856252736
CS2_35,HF6,32,pearson_partial_controlling_SOH,-0.2522895896797019,573,horizon_common,0.2522895896797019,0.1640684306688455
CS2_35,HF5,48,pearson_partial_controlling_SOH,-0.20764976262896154,574,horizon_common,0.20764976262896154,0.18094746961640568
CS2_35,HF6,48,pearson_partial_controlling_SOH,-0.30074086005415973,574,horizon_common,0.30074086005415973,0.21251970104330334
CS2_35,HF5,64,pearson_partial_controlling_SOH,-0.25420922306445126,574,horizon_common,0.25420922306445126,0.22750693005189537
CS2_35,HF6,64,pearson_partial_controlling_SOH,-0.35785656391098125,574,horizon_common,0.35785656391098125,0.26963540490012483
CS2_36,HF5,1,pearson_partial_controlling_SOH,0.02652888919495096,608,horizon_common,0.02652888919495096,0.0
CS2_36,HF6,1,pearson_partial_controlling_SOH,0.03468231831883257,608,horizon_common,0.03468231831883257,0.0
CS2_36,HF5,4,pearson_partial_controlling_SOH,0.04969156234402368,607,horizon_common,0.04969156234402368,0.023162673149072718
CS2_36,HF6,4,pearson_partial_controlling_SOH,-0.053911329786554406,607,horizon_common,0.053911329786554406,0.019229011467721838
CS2_36,HF5,8,pearson_partial_controlling_SOH,-0.023921083109502292,608,horizon_common,0.023921083109502292,-0.0026078060854486697
CS2_36,HF6,8,pearson_partial_controlling_SOH,-0.07101581127711669,608,horizon_common,0.07101581127711669,0.03633349295828412
CS2_36,HF5,12,pearson_partial_controlling_SOH,-0.05975613705231501,607,horizon_common,0.05975613705231501,0.03322724785736404
CS2_36,HF6,12,pearson_partial_controlling_SOH,-0.11452097721304486,607,horizon_common,0.11452097721304486,0.0798386588942123
CS2_36,HF5,16,pearson_partial_controlling_SOH,-0.003838307450969348,608,horizon_common,0.003838307450969348,-0.022690581743981614
CS2_36,HF6,16,pearson_partial_controlling_SOH,-0.07910057691632955,608,horizon_common,0.07910057691632955,0.04441825859749698
CS2_36,HF5,24,pearson_partial_controlling_SOH,-0.07586229524153157,607,horizon_common,0.07586229524153157,0.04933340604658061
CS2_36,HF6,24,pearson_partial_controlling_SOH,-0.1403355380437012,607,horizon_common,0.1403355380437012,0.10565321972486863
CS2_36,HF5,32,pearson_partial_controlling_SOH,-0.07233901850091477,607,horizon_common,0.07233901850091477,0.045810129305963815
CS2_36,HF6,32,pearson_partial_controlling_SOH,-0.14826917789636548,607,horizon_common,0.14826917789636548,0.11358685957753292
CS2_36,HF5,48,pearson_partial_controlling_SOH,-0.10176750552376762,608,horizon_common,0.10176750552376762,0.07523861632881666
CS2_36,HF6,48,pearson_partial_controlling_SOH,-0.20409507921406778,608,horizon_common,0.20409507921406778,0.16941276089523521
CS2_36,HF5,64,pearson_partial_controlling_SOH,-0.1547092654963948,608,horizon_common,0.1547092654963948,0.12818037630144383
CS2_36,HF6,64,pearson_partial_controlling_SOH,-0.19802769765920547,608,horizon_common,0.19802769765920547,0.1633453793403729
CS2_37,HF5,1,pearson_partial_controlling_SOH,0.017679987451184122,642,horizon_common,0.017679987451184122,0.0
CS2_37,HF6,1,pearson_partial_controlling_SOH,-0.03090313126699508,642,horizon_common,0.03090313126699508,0.0
CS2_37,HF5,4,pearson_partial_controlling_SOH,-0.07442045597579483,641,horizon_common,0.07442045597579483,0.056740468524610704
CS2_37,HF6,4,pearson_partial_controlling_SOH,-0.06984789420125158,641,horizon_common,0.06984789420125158,0.0389447629342565
CS2_37,HF5,8,pearson_partial_controlling_SOH,-0.0032601056976142117,642,horizon_common,0.0032601056976142117,-0.01441988175356991
CS2_37,HF6,8,pearson_partial_controlling_SOH,-0.08311160091076089,642,horizon_common,0.08311160091076089,0.05220846964376581
CS2_37,HF5,12,pearson_partial_controlling_SOH,-0.07970881414209059,642,horizon_common,0.07970881414209059,0.062028826690906466
CS2_37,HF6,12,pearson_partial_controlling_SOH,-0.12070275763791181,642,horizon_common,0.12070275763791181,0.08979962637091674
CS2_37,HF5,16,pearson_partial_controlling_SOH,-0.11726015451235117,641,horizon_common,0.11726015451235117,0.09958016706116704
CS2_37,HF6,16,pearson_partial_controlling_SOH,-0.18900436823334346,641,horizon_common,0.18900436823334346,0.15810123696634837
CS2_37,HF5,24,pearson_partial_controlling_SOH,-0.06014293510738918,640,horizon_common,0.06014293510738918,0.04246294765620506
CS2_37,HF6,24,pearson_partial_controlling_SOH,-0.1412711737598095,640,horizon_common,0.1412711737598095,0.11036804249281441
CS2_37,HF5,32,pearson_partial_controlling_SOH,-0.04350228257573842,640,horizon_common,0.04350228257573842,0.025822295124554296
CS2_37,HF6,32,pearson_partial_controlling_SOH,-0.1300280733311281,640,horizon_common,0.1300280733311281,0.09912494206413301
CS2_37,HF5,48,pearson_partial_controlling_SOH,-0.1280509795730293,641,horizon_common,0.1280509795730293,0.11037099212184517
CS2_37,HF6,48,pearson_partial_controlling_SOH,-0.22936346012179737,641,horizon_common,0.22936346012179737,0.1984603288548023
CS2_37,HF5,64,pearson_partial_controlling_SOH,-0.21029818798964986,641,horizon_common,0.21029818798964986,0.19261820053846573
CS2_37,HF6,64,pearson_partial_controlling_SOH,-0.28813248044815276,641,horizon_common,0.28813248044815276,0.2572293491811577
CS2_38,HF5,1,pearson_partial_controlling_SOH,0.014695864891226922,550,horizon_common,0.014695864891226922,0.0
CS2_38,HF6,1,pearson_partial_controlling_SOH,-0.024661133974673656,550,horizon_common,0.024661133974673656,0.0
CS2_38,HF5,4,pearson_partial_controlling_SOH,-0.09502492561963763,549,horizon_common,0.09502492561963763,0.0803290607284107
CS2_38,HF6,4,pearson_partial_controlling_SOH,-0.12651997802656934,549,horizon_common,0.12651997802656934,0.10185884405189569
CS2_38,HF5,8,pearson_partial_controlling_SOH,-0.06662302572987305,551,horizon_common,0.06662302572987305,0.05192716083864613
CS2_38,HF6,8,pearson_partial_controlling_SOH,-0.1308257896210524,551,horizon_common,0.1308257896210524,0.10616465564637875
CS2_38,HF5,12,pearson_partial_controlling_SOH,-0.10629820743926197,550,horizon_common,0.10629820743926197,0.09160234254803504
CS2_38,HF6,12,pearson_partial_controlling_SOH,-0.1728542278045813,550,horizon_common,0.1728542278045813,0.14819309382990764
CS2_38,HF5,16,pearson_partial_controlling_SOH,-0.07837984284671787,549,horizon_common,0.07837984284671787,0.06368397795549094
CS2_38,HF6,16,pearson_partial_controlling_SOH,-0.13324281931495152,549,horizon_common,0.13324281931495152,0.10858168534027787
CS2_38,HF5,24,pearson_partial_controlling_SOH,-0.09433159806769777,549,horizon_common,0.09433159806769777,0.07963573317647085
CS2_38,HF6,24,pearson_partial_controlling_SOH,-0.13426244632078915,549,horizon_common,0.13426244632078915,0.1096013123461155
CS2_38,HF5,32,pearson_partial_controlling_SOH,-0.11757762100491546,549,horizon_common,0.11757762100491546,0.10288175611368855
CS2_38,HF6,32,pearson_partial_controlling_SOH,-0.188067093251946,549,horizon_common,0.188067093251946,0.16340595927727236
CS2_38,HF5,48,pearson_partial_controlling_SOH,-0.2017179779336308,549,horizon_common,0.2017179779336308,0.18702211304240388
CS2_38,HF6,48,pearson_partial_controlling_SOH,-0.20909407690695703,549,horizon_common,0.20909407690695703,0.18443294293228338
CS2_38,HF5,64,pearson_partial_controlling_SOH,-0.17766564690487813,550,horizon_common,0.17766564690487813,0.1629697820136512
CS2_38,HF6,64,pearson_partial_controlling_SOH,-0.20439609059431096,550,horizon_common,0.20439609059431096,0.17973495661963731
CS2_35,HF5,1,pearson_partial_controlling_SOH,-0.02829835148724163,573,feature_common,0.02829835148724163,0.0
CS2_35,HF6,1,pearson_partial_controlling_SOH,-0.08695152098340654,573,feature_common,0.08695152098340654,0.0
CS2_35,HF5,4,pearson_partial_controlling_SOH,-0.19476541243966244,572,feature_common,0.19476541243966244,0.1664670609524208
CS2_35,HF6,4,pearson_partial_controlling_SOH,-0.1331395590113738,572,feature_common,0.1331395590113738,0.04618803802796727
CS2_35,HF5,8,pearson_partial_controlling_SOH,-0.049961026336724244,572,feature_common,0.049961026336724244,0.021662674849482616
CS2_35,HF6,8,pearson_partial_controlling_SOH,-0.09025803966139413,572,feature_common,0.09025803966139413,0.003306518677987591
CS2_35,HF5,12,pearson_partial_controlling_SOH,-0.23709365443703498,572,feature_common,0.23709365443703498,0.20879530294979334
CS2_35,HF6,12,pearson_partial_controlling_SOH,-0.1896918530106115,572,feature_common,0.1896918530106115,0.10274033202720496
CS2_35,HF5,16,pearson_partial_controlling_SOH,-0.1303738028550465,572,feature_common,0.1303738028550465,0.10207545136780485
CS2_35,HF6,16,pearson_partial_controlling_SOH,-0.15200772622522785,572,feature_common,0.15200772622522785,0.0650562052418213
CS2_35,HF5,24,pearson_partial_controlling_SOH,-0.1807938575642733,572,feature_common,0.1807938575642733,0.15249550607703166
CS2_35,HF6,24,pearson_partial_controlling_SOH,-0.21590279978004742,572,feature_common,0.21590279978004742,0.12895127879664087
CS2_35,HF5,32,pearson_partial_controlling_SOH,-0.14441164402886222,572,feature_common,0.14441164402886222,0.11611329254162059
CS2_35,HF6,32,pearson_partial_controlling_SOH,-0.24156188471187479,572,feature_common,0.24156188471187479,0.15461036372846826
CS2_35,HF5,48,pearson_partial_controlling_SOH,-0.21820924852289936,573,feature_common,0.21820924852289936,0.18991089703565772
CS2_35,HF6,48,pearson_partial_controlling_SOH,-0.29360656012783143,573,feature_common,0.29360656012783143,0.2066550391444249
CS2_35,HF5,64,pearson_partial_controlling_SOH,-0.2644853888144105,573,feature_common,0.2644853888144105,0.2361870373271689
CS2_35,HF6,64,pearson_partial_controlling_SOH,-0.3517442617607594,573,feature_common,0.3517442617607594,0.2647927407773529
CS2_36,HF5,1,pearson_partial_controlling_SOH,0.026873041021755337,607,feature_common,0.026873041021755337,0.0
CS2_36,HF6,1,pearson_partial_controlling_SOH,0.03462140759207941,607,feature_common,0.03462140759207941,0.0
CS2_36,HF5,4,pearson_partial_controlling_SOH,0.0502948762778376,606,feature_common,0.0502948762778376,0.023421835256082265
CS2_36,HF6,4,pearson_partial_controlling_SOH,-0.054026639961168486,606,feature_common,0.054026639961168486,0.019405232369089073
CS2_36,HF5,8,pearson_partial_controlling_SOH,-0.023648175051602282,607,feature_common,0.023648175051602282,-0.0032248659701530555
CS2_36,HF6,8,pearson_partial_controlling_SOH,-0.07108382330329494,607,feature_common,0.07108382330329494,0.03646241571121552
CS2_36,HF5,12,pearson_partial_controlling_SOH,-0.06328998469145389,606,feature_common,0.06328998469145389,0.036416943669698554
CS2_36,HF6,12,pearson_partial_controlling_SOH,-0.1140702406767134,606,feature_common,0.1140702406767134,0.07944883308463399
CS2_36,HF5,16,pearson_partial_controlling_SOH,-0.003740277933935955,607,feature_common,0.003740277933935955,-0.023132763087819384
CS2_36,HF6,16,pearson_partial_controlling_SOH,-0.07912651111754063,607,feature_common,0.07912651111754063,0.04450510352546121
CS2_36,HF5,24,pearson_partial_controlling_SOH,-0.07598456454584612,606,feature_common,0.07598456454584612,0.04911152352409079
CS2_36,HF6,24,pearson_partial_controlling_SOH,-0.14034107724821912,606,feature_common,0.14034107724821912,0.10571966965613971
CS2_36,HF5,32,pearson_partial_controlling_SOH,-0.0718675399840347,606,feature_common,0.0718675399840347,0.04499449896227936
CS2_36,HF6,32,pearson_partial_controlling_SOH,-0.1484089148169202,606,feature_common,0.1484089148169202,0.1137875072248408
CS2_36,HF5,48,pearson_partial_controlling_SOH,-0.10149110185627344,607,feature_common,0.10149110185627344,0.07461806083451811
CS2_36,HF6,48,pearson_partial_controlling_SOH,-0.20420217616590275,607,feature_common,0.20420217616590275,0.16958076857382334
CS2_36,HF5,64,pearson_partial_controlling_SOH,-0.1546269705334242,607,feature_common,0.1546269705334242,0.12775392951166886
CS2_36,HF6,64,pearson_partial_controlling_SOH,-0.19810526904399542,607,feature_common,0.19810526904399542,0.163483861451916
CS2_37,HF5,1,pearson_partial_controlling_SOH,0.017907682336418623,640,feature_common,0.017907682336418623,0.0
CS2_37,HF6,1,pearson_partial_controlling_SOH,-0.03099721302729174,640,feature_common,0.03099721302729174,0.0
CS2_37,HF5,4,pearson_partial_controlling_SOH,-0.07311519034348334,639,feature_common,0.07311519034348334,0.05520750800706471
CS2_37,HF6,4,pearson_partial_controlling_SOH,-0.06994041286209718,639,feature_common,0.06994041286209718,0.03894319983480544
CS2_37,HF5,8,pearson_partial_controlling_SOH,-0.009945588230434541,640,feature_common,0.009945588230434541,-0.007962094105984082
CS2_37,HF6,8,pearson_partial_controlling_SOH,-0.08623219287652194,640,feature_common,0.08623219287652194,0.0552349798492302
CS2_37,HF5,12,pearson_partial_controlling_SOH,-0.07898421206023509,640,feature_common,0.07898421206023509,0.06107652972381647
CS2_37,HF6,12,pearson_partial_controlling_SOH,-0.12070881939840496,640,feature_common,0.12070881939840496,0.08971160637111322
CS2_37,HF5,16,pearson_partial_controlling_SOH,-0.11790218583908893,639,feature_common,0.11790218583908893,0.0999945035026703
CS2_37,HF6,16,pearson_partial_controlling_SOH,-0.18893168262905835,639,feature_common,0.18893168262905835,0.1579344696017666
CS2_37,HF5,24,pearson_partial_controlling_SOH,-0.06081992463951223,638,feature_common,0.06081992463951223,0.04291224230309361
CS2_37,HF6,24,pearson_partial_controlling_SOH,-0.14123008001172171,638,feature_common,0.14123008001172171,0.11023286698442997
CS2_37,HF5,32,pearson_partial_controlling_SOH,-0.04272278465868484,638,feature_common,0.04272278465868484,0.02481510232226622
CS2_37,HF6,32,pearson_partial_controlling_SOH,-0.13005660104016817,638,feature_common,0.13005660104016817,0.09905938801287642
CS2_37,HF5,48,pearson_partial_controlling_SOH,-0.1280731394364432,639,feature_common,0.1280731394364432,0.11016545710002457
CS2_37,HF6,48,pearson_partial_controlling_SOH,-0.2295373698520655,639,feature_common,0.2295373698520655,0.19854015682477374
CS2_37,HF5,64,pearson_partial_controlling_SOH,-0.21018407263410796,639,feature_common,0.21018407263410796,0.19227639029768934
CS2_37,HF6,64,pearson_partial_controlling_SOH,-0.28816739686066756,639,feature_common,0.28816739686066756,0.2571701838333758
CS2_38,HF5,1,pearson_partial_controlling_SOH,0.014367333293416908,548,feature_common,0.014367333293416908,0.0
CS2_38,HF6,1,pearson_partial_controlling_SOH,-0.0245171705608938,548,feature_common,0.0245171705608938,0.0
CS2_38,HF5,4,pearson_partial_controlling_SOH,-0.09618648144848067,547,feature_common,0.09618648144848067,0.08181914815506376
CS2_38,HF6,4,pearson_partial_controlling_SOH,-0.12522588255588826,547,feature_common,0.12522588255588826,0.10070871199499445
CS2_38,HF5,8,pearson_partial_controlling_SOH,-0.09534380030121037,549,feature_common,0.09534380030121037,0.08097646700779346
CS2_38,HF6,8,pearson_partial_controlling_SOH,-0.12890086142956736,549,feature_common,0.12890086142956736,0.10438369086867355
CS2_38,HF5,12,pearson_partial_controlling_SOH,-0.11218760373459556,548,feature_common,0.11218760373459556,0.09782027044117865
CS2_38,HF6,12,pearson_partial_controlling_SOH,-0.1676451215723495,548,feature_common,0.1676451215723495,0.1431279510114557
CS2_38,HF5,16,pearson_partial_controlling_SOH,-0.08388636854521406,547,feature_common,0.08388636854521406,0.06951903525179715
CS2_38,HF6,16,pearson_partial_controlling_SOH,-0.12850693479386138,547,feature_common,0.12850693479386138,0.10398976423296757
CS2_38,HF5,24,pearson_partial_controlling_SOH,-0.09967876409079028,547,feature_common,0.09967876409079028,0.08531143079737337
CS2_38,HF6,24,pearson_partial_controlling_SOH,-0.12997415118449318,547,feature_common,0.12997415118449318,0.10545698062359937
CS2_38,HF5,32,pearson_partial_controlling_SOH,-0.12451126196491567,547,feature_common,0.12451126196491567,0.11014392867149876
CS2_38,HF6,32,pearson_partial_controlling_SOH,-0.18224904838477843,547,feature_common,0.18224904838477843,0.15773187782388462
CS2_38,HF5,48,pearson_partial_controlling_SOH,-0.2076842490226502,547,feature_common,0.2076842490226502,0.1933169157292333
CS2_38,HF6,48,pearson_partial_controlling_SOH,-0.20503036777136854,547,feature_common,0.20503036777136854,0.18051319721047474
CS2_38,HF5,64,pearson_partial_controlling_SOH,-0.18325684715980256,548,feature_common,0.18325684715980256,0.16888951386638565
CS2_38,HF6,64,pearson_partial_controlling_SOH,-0.20009916317371942,548,feature_common,0.20009916317371942,0.17558199261282562
CS2_35,HF5,1,pearson_partial_controlling_SOH,-0.027057270386101364,551,double_common,0.027057270386101364,0.0
CS2_35,HF6,1,pearson_partial_controlling_SOH,-0.0905509585509707,551,double_common,0.0905509585509707,0.0
CS2_35,HF5,4,pearson_partial_controlling_SOH,-0.19013521561861302,551,double_common,0.19013521561861302,0.16307794523251165
CS2_35,HF6,4,pearson_partial_controlling_SOH,-0.13571795284203314,551,double_common,0.13571795284203314,0.04516699429106244
CS2_35,HF5,8,pearson_partial_controlling_SOH,-0.05641868579034187,551,double_common,0.05641868579034187,0.029361415404240507
CS2_35,HF6,8,pearson_partial_controlling_SOH,-0.08770887269144957,551,double_common,0.08770887269144957,-0.002842085859521129
CS2_35,HF5,12,pearson_partial_controlling_SOH,-0.23318792578491745,551,double_common,0.23318792578491745,0.2061306553988161
CS2_35,HF6,12,pearson_partial_controlling_SOH,-0.19037958748431058,551,double_common,0.19037958748431058,0.09982862893333988
CS2_35,HF5,16,pearson_partial_controlling_SOH,-0.1261286804777357,551,double_common,0.1261286804777357,0.09907141009163434
CS2_35,HF6,16,pearson_partial_controlling_SOH,-0.1464433364430656,551,double_common,0.1464433364430656,0.05589237789209489
CS2_35,HF5,24,pearson_partial_controlling_SOH,-0.18308311902191493,551,double_common,0.18308311902191493,0.15602584863581356
CS2_35,HF6,24,pearson_partial_controlling_SOH,-0.2096995710196529,551,double_common,0.2096995710196529,0.11914861246868219
CS2_35,HF5,32,pearson_partial_controlling_SOH,-0.14536760753098002,551,double_common,0.14536760753098002,0.11831033714487865
CS2_35,HF6,32,pearson_partial_controlling_SOH,-0.22867660355216107,551,double_common,0.22867660355216107,0.13812564500119037
CS2_35,HF5,48,pearson_partial_controlling_SOH,-0.21941351018078603,551,double_common,0.21941351018078603,0.19235623979468466
CS2_35,HF6,48,pearson_partial_controlling_SOH,-0.2798922347148487,551,double_common,0.2798922347148487,0.189341276163878
CS2_35,HF5,64,pearson_partial_controlling_SOH,-0.26974724129790906,551,double_common,0.26974724129790906,0.2426899709118077
CS2_35,HF6,64,pearson_partial_controlling_SOH,-0.3409136050958836,551,double_common,0.3409136050958836,0.2503626465449129
CS2_36,HF5,1,pearson_partial_controlling_SOH,0.02989108039797472,587,double_common,0.02989108039797472,0.0
CS2_36,HF6,1,pearson_partial_controlling_SOH,0.039992742723893755,587,double_common,0.039992742723893755,0.0
CS2_36,HF5,4,pearson_partial_controlling_SOH,0.054215696393512945,587,double_common,0.054215696393512945,0.024324615995538226
CS2_36,HF6,4,pearson_partial_controlling_SOH,-0.0524378476845556,587,double_common,0.0524378476845556,0.012445104960661847
CS2_36,HF5,8,pearson_partial_controlling_SOH,-0.020296261631769303,587,double_common,0.020296261631769303,-0.009594818766205417
CS2_36,HF6,8,pearson_partial_controlling_SOH,-0.0683890112319646,587,double_common,0.0683890112319646,0.028396268508070845
CS2_36,HF5,12,pearson_partial_controlling_SOH,-0.06000288238230479,587,double_common,0.06000288238230479,0.030111801984330073
CS2_36,HF6,12,pearson_partial_controlling_SOH,-0.11068646080707997,587,double_common,0.11068646080707997,0.07069371808318622
CS2_36,HF5,16,pearson_partial_controlling_SOH,0.0018232424478128615,587,double_common,0.0018232424478128615,-0.028067837950161857
CS2_36,HF6,16,pearson_partial_controlling_SOH,-0.07094411824761386,587,double_common,0.07094411824761386,0.030951375523720105
CS2_36,HF5,24,pearson_partial_controlling_SOH,-0.07833102809823031,587,double_common,0.07833102809823031,0.04843994770025559
CS2_36,HF6,24,pearson_partial_controlling_SOH,-0.13748619447368635,587,double_common,0.13748619447368635,0.0974934517497926
CS2_36,HF5,32,pearson_partial_controlling_SOH,-0.06925932511039594,587,double_common,0.06925932511039594,0.039368244712421216
CS2_36,HF6,32,pearson_partial_controlling_SOH,-0.14398215194507422,587,double_common,0.14398215194507422,0.10398940922118047
CS2_36,HF5,48,pearson_partial_controlling_SOH,-0.10470596637070194,587,double_common,0.10470596637070194,0.07481488597272722
CS2_36,HF6,48,pearson_partial_controlling_SOH,-0.20204077291581715,587,double_common,0.20204077291581715,0.1620480301919234
CS2_36,HF5,64,pearson_partial_controlling_SOH,-0.15131914123953336,587,double_common,0.15131914123953336,0.12142806084155863
CS2_36,HF6,64,pearson_partial_controlling_SOH,-0.19333143994515117,587,double_common,0.19333143994515117,0.15333869722125743
CS2_37,HF5,1,pearson_partial_controlling_SOH,0.01892548960621238,616,double_common,0.01892548960621238,0.0
CS2_37,HF6,1,pearson_partial_controlling_SOH,-0.028673695882266724,616,double_common,0.028673695882266724,0.0
CS2_37,HF5,4,pearson_partial_controlling_SOH,-0.06854081940365914,616,double_common,0.06854081940365914,0.04961532979744676
CS2_37,HF6,4,pearson_partial_controlling_SOH,-0.06292514648539739,616,double_common,0.06292514648539739,0.034251450603130666
CS2_37,HF5,8,pearson_partial_controlling_SOH,-0.01045076850450011,616,double_common,0.01045076850450011,-0.00847472110171227
CS2_37,HF6,8,pearson_partial_controlling_SOH,-0.0859321365399457,616,double_common,0.0859321365399457,0.05725844065767898
CS2_37,HF5,12,pearson_partial_controlling_SOH,-0.0764456189252258,616,double_common,0.0764456189252258,0.05752012931901343
CS2_37,HF6,12,pearson_partial_controlling_SOH,-0.1161267964173896,616,double_common,0.1161267964173896,0.08745310053512287
CS2_37,HF5,16,pearson_partial_controlling_SOH,-0.12450605772058242,616,double_common,0.12450605772058242,0.10558056811437004
CS2_37,HF6,16,pearson_partial_controlling_SOH,-0.1893996874699821,616,double_common,0.1893996874699821,0.16072599158771536
CS2_37,HF5,24,pearson_partial_controlling_SOH,-0.057831317290831116,616,double_common,0.057831317290831116,0.03890582768461874
CS2_37,HF6,24,pearson_partial_controlling_SOH,-0.1395934675653807,616,double_common,0.1395934675653807,0.11091977168311398
CS2_37,HF5,32,pearson_partial_controlling_SOH,-0.040293592587536106,616,double_common,0.040293592587536106,0.021368102981323727
CS2_37,HF6,32,pearson_partial_controlling_SOH,-0.12370715339957766,616,double_common,0.12370715339957766,0.09503345751731093
CS2_37,HF5,48,pearson_partial_controlling_SOH,-0.12618654287065528,616,double_common,0.12618654287065528,0.10726105326444291
CS2_37,HF6,48,pearson_partial_controlling_SOH,-0.22219924131619842,616,double_common,0.22219924131619842,0.1935255454339317
CS2_37,HF5,64,pearson_partial_controlling_SOH,-0.2087088157557947,616,double_common,0.2087088157557947,0.18978332614958232
CS2_37,HF6,64,pearson_partial_controlling_SOH,-0.27747501507916356,616,double_common,0.27747501507916356,0.24880131919689683
CS2_38,HF5,1,pearson_partial_controlling_SOH,0.01600133605132029,528,double_common,0.01600133605132029,0.0
CS2_38,HF6,1,pearson_partial_controlling_SOH,-0.021360505284928773,528,double_common,0.021360505284928773,0.0
CS2_38,HF5,4,pearson_partial_controlling_SOH,-0.09559074802416816,528,double_common,0.09559074802416816,0.07958941197284787
CS2_38,HF6,4,pearson_partial_controlling_SOH,-0.13008889222701403,528,double_common,0.13008889222701403,0.10872838694208525
CS2_38,HF5,8,pearson_partial_controlling_SOH,-0.09572470585837088,528,double_common,0.09572470585837088,0.0797233698070506
CS2_38,HF6,8,pearson_partial_controlling_SOH,-0.13000768257048603,528,double_common,0.13000768257048603,0.10864717728555726
CS2_38,HF5,12,pearson_partial_controlling_SOH,-0.10949406763126496,528,double_common,0.10949406763126496,0.09349273157994467
CS2_38,HF6,12,pearson_partial_controlling_SOH,-0.16724147313603815,528,double_common,0.16724147313603815,0.14588096785110938
CS2_38,HF5,16,pearson_partial_controlling_SOH,-0.08357409915469023,528,double_common,0.08357409915469023,0.06757276310336995
CS2_38,HF6,16,pearson_partial_controlling_SOH,-0.12791581749667105,528,double_common,0.12791581749667105,0.10655531221174228
CS2_38,HF5,24,pearson_partial_controlling_SOH,-0.09845822571208665,528,double_common,0.09845822571208665,0.08245688966076636
CS2_38,HF6,24,pearson_partial_controlling_SOH,-0.12952409214085625,528,double_common,0.12952409214085625,0.10816358685592747
CS2_38,HF5,32,pearson_partial_controlling_SOH,-0.12225980682332518,528,double_common,0.12225980682332518,0.1062584707720049
CS2_38,HF6,32,pearson_partial_controlling_SOH,-0.18021131859102194,528,double_common,0.18021131859102194,0.15885081330609316
CS2_38,HF5,48,pearson_partial_controlling_SOH,-0.20623371853182546,528,double_common,0.20623371853182546,0.19023238248050517
CS2_38,HF6,48,pearson_partial_controlling_SOH,-0.20325146483644663,528,double_common,0.20325146483644663,0.18189095955151785
CS2_38,HF5,64,pearson_partial_controlling_SOH,-0.18008527538362593,528,double_common,0.18008527538362593,0.16408393933230564
CS2_38,HF6,64,pearson_partial_controlling_SOH,-0.19650269269033943,528,double_common,0.19650269269033943,0.17514218740541065
