battery,feature_A,feature_B,horizon_1,horizon_2,rank_A_h1,rank_B_h1,rank_A_h2,rank_B_h2,battery_count
CS2_35,HF1,HF6,1,64,1.0,3.0,2.0,1.0,1
CS2_35,HF1,HF6,4,64,1.0,4.0,2.0,1.0,1
CS2_35,HF1,HF6,8,64,1.0,6.0,2.0,1.0,1
CS2_35,HF1,HF6,12,64,1.0,5.0,2.0,1.0,1
CS2_35,HF1,HF6,16,64,1.0,5.0,2.0,1.0,1
CS2_35,HF1,HF6,24,64,1.0,5.0,2.0,1.0,1
CS2_35,HF1,HF6,32,64,1.0,3.0,2.0,1.0,1
CS2_35,HF1,HF6,48,64,1.0,3.0,2.0,1.0,1
CS2_35,HF2,HF4,1,32,4.0,6.0,6.0,4.0,2
CS2_35,HF2,HF4,4,32,5.0,8.0,6.0,4.0,2
CS2_35,HF2,HF4,8,32,3.0,5.0,6.0,4.0,2
CS2_35,HF2,HF4,12,32,4.0,7.0,6.0,4.0,2
CS2_35,HF2,HF4,16,32,3.0,6.0,6.0,4.0,1
CS2_35,HF2,HF4,24,32,3.0,7.0,6.0,4.0,2
CS2_35,HF2,HF4,32,48,6.0,4.0,5.0,6.0,1
CS2_35,HF2,HF4,32,64,6.0,4.0,3.0,7.0,1
CS2_35,HF2,HF5,1,4,4.0,7.0,5.0,3.0,2
CS2_35,HF2,HF5,1,12,4.0,7.0,4.0,3.0,2
CS2_35,HF2,HF5,4,8,5.0,3.0,3.0,7.0,2
CS2_35,HF2,HF5,4,16,5.0,3.0,3.0,7.0,1
CS2_35,HF2,HF5,4,24,5.0,3.0,3.0,6.0,2
CS2_35,HF2,HF5,4,32,5.0,3.0,6.0,7.0,2
CS2_35,HF2,HF5,4,48,5.0,3.0,5.0,7.0,2
CS2_35,HF2,HF5,4,64,5.0,3.0,3.0,6.0,2
CS2_35,HF2,HF5,8,12,3.0,7.0,4.0,3.0,2
CS2_35,HF2,HF5,12,16,4.0,3.0,3.0,7.0,1
CS2_35,HF2,HF5,12,24,4.0,3.0,3.0,6.0,2
CS2_35,HF2,HF5,12,32,4.0,3.0,6.0,7.0,2
CS2_35,HF2,HF5,12,48,4.0,3.0,5.0,7.0,2
CS2_35,HF2,HF5,12,64,4.0,3.0,3.0,6.0,2
CS2_35,HF2,HF6,1,8,4.0,3.0,3.0,6.0,3
CS2_35,HF2,HF6,1,12,4.0,3.0,4.0,5.0,4
CS2_35,HF2,HF6,1,16,4.0,3.0,3.0,5.0,3
CS2_35,HF2,HF6,1,24,4.0,3.0,3.0,5.0,4
CS2_35,HF2,HF6,4,8,5.0,4.0,3.0,6.0,1
CS2_35,HF2,HF6,4,12,5.0,4.0,4.0,5.0,2
CS2_35,HF2,HF6,4,16,5.0,4.0,3.0,5.0,1
CS2_35,HF2,HF6,4,24,5.0,4.0,3.0,5.0,2
CS2_35,HF2,HF6,8,32,3.0,6.0,6.0,3.0,2
CS2_35,HF2,HF6,8,48,3.0,6.0,5.0,3.0,2
CS2_35,HF2,HF6,8,64,3.0,6.0,3.0,1.0,2
CS2_35,HF2,HF6,12,32,4.0,5.0,6.0,3.0,1
CS2_35,HF2,HF6,12,48,4.0,5.0,5.0,3.0,1
CS2_35,HF2,HF6,12,64,4.0,5.0,3.0,1.0,1
CS2_35,HF2,HF6,16,32,3.0,5.0,6.0,3.0,2
CS2_35,HF2,HF6,16,48,3.0,5.0,5.0,3.0,2
CS2_35,HF2,HF6,16,64,3.0,5.0,3.0,1.0,2
CS2_35,HF2,HF6,24,32,3.0,5.0,6.0,3.0,1
CS2_35,HF2,HF6,24,48,3.0,5.0,5.0,3.0,1
CS2_35,HF2,HF6,24,64,3.0,5.0,3.0,1.0,1
CS2_35,HF2,HF7,1,64,4.0,2.0,3.0,4.0,1
CS2_35,HF2,HF7,4,64,5.0,2.0,3.0,4.0,1
CS2_35,HF2,HF7,8,64,3.0,2.0,3.0,4.0,1
CS2_35,HF2,HF7,12,64,4.0,2.0,3.0,4.0,1
CS2_35,HF2,HF7,16,64,3.0,2.0,3.0,4.0,1
CS2_35,HF2,HF7,24,64,3.0,2.0,3.0,4.0,1
CS2_35,HF2,HF7,32,64,6.0,2.0,3.0,4.0,1
CS2_35,HF2,HF7,48,64,5.0,2.0,3.0,4.0,1
CS2_35,HF2,HF8,1,32,4.0,5.0,6.0,5.0,1
CS2_35,HF2,HF8,1,48,4.0,5.0,5.0,4.0,1
CS2_35,HF2,HF8,4,32,5.0,6.0,6.0,5.0,1
CS2_35,HF2,HF8,4,48,5.0,6.0,5.0,4.0,1
CS2_35,HF2,HF8,8,32,3.0,4.0,6.0,5.0,1
CS2_35,HF2,HF8,8,48,3.0,4.0,5.0,4.0,1
CS2_35,HF2,HF8,12,32,4.0,6.0,6.0,5.0,1
CS2_35,HF2,HF8,12,48,4.0,6.0,5.0,4.0,1
CS2_35,HF2,HF8,16,32,3.0,4.0,6.0,5.0,1
CS2_35,HF2,HF8,16,48,3.0,4.0,5.0,4.0,1
CS2_35,HF2,HF8,24,32,3.0,4.0,6.0,5.0,1
CS2_35,HF2,HF8,24,48,3.0,4.0,5.0,4.0,1
CS2_35,HF2,HF8,32,64,6.0,5.0,3.0,5.0,1
CS2_35,HF2,HF8,48,64,5.0,4.0,3.0,5.0,1
CS2_35,HF3,HF4,1,4,8.0,6.0,7.0,8.0,1
CS2_35,HF3,HF4,4,8,7.0,8.0,8.0,5.0,1
CS2_35,HF3,HF4,4,12,7.0,8.0,8.0,7.0,1
CS2_35,HF3,HF4,4,16,7.0,8.0,8.0,6.0,2
CS2_35,HF3,HF4,4,24,7.0,8.0,8.0,7.0,1
CS2_35,HF3,HF4,4,32,7.0,8.0,8.0,4.0,2
CS2_35,HF3,HF4,4,48,7.0,8.0,8.0,6.0,2
CS2_35,HF3,HF4,4,64,7.0,8.0,8.0,7.0,2
CS2_35,HF4,HF5,1,4,6.0,7.0,8.0,3.0,2
CS2_35,HF4,HF5,1,12,6.0,7.0,7.0,3.0,2
CS2_35,HF4,HF5,1,24,6.0,7.0,7.0,6.0,2
CS2_35,HF4,HF5,1,64,6.0,7.0,7.0,6.0,2
CS2_35,HF4,HF5,4,8,8.0,3.0,5.0,7.0,3
CS2_35,HF4,HF5,4,16,8.0,3.0,6.0,7.0,2
CS2_35,HF4,HF5,4,32,8.0,3.0,4.0,7.0,2
CS2_35,HF4,HF5,4,48,8.0,3.0,6.0,7.0,2
CS2_35,HF4,HF5,8,12,5.0,7.0,7.0,3.0,3
CS2_35,HF4,HF5,8,24,5.0,7.0,7.0,6.0,3
CS2_35,HF4,HF5,8,64,5.0,7.0,7.0,6.0,3
CS2_35,HF4,HF5,12,16,7.0,3.0,6.0,7.0,2
CS2_35,HF4,HF5,12,32,7.0,3.0,4.0,7.0,2
CS2_35,HF4,HF5,12,48,7.0,3.0,6.0,7.0,2
CS2_35,HF4,HF5,16,24,6.0,7.0,7.0,6.0,2
CS2_35,HF4,HF5,16,64,6.0,7.0,7.0,6.0,2
CS2_35,HF4,HF5,24,32,7.0,6.0,4.0,7.0,2
CS2_35,HF4,HF5,24,48,7.0,6.0,6.0,7.0,2
CS2_35,HF4,HF5,32,64,4.0,7.0,7.0,6.0,2
CS2_35,HF4,HF5,48,64,6.0,7.0,7.0,6.0,2
CS2_35,HF4,HF6,1,8,6.0,3.0,5.0,6.0,2
CS2_35,HF4,HF6,4,8,8.0,4.0,5.0,6.0,1
CS2_35,HF4,HF6,8,12,5.0,6.0,7.0,5.0,1
CS2_35,HF4,HF6,8,16,5.0,6.0,6.0,5.0,1
CS2_35,HF4,HF6,8,24,5.0,6.0,7.0,5.0,1
CS2_35,HF4,HF6,8,32,5.0,6.0,4.0,3.0,1
CS2_35,HF4,HF6,8,48,5.0,6.0,6.0,3.0,1
CS2_35,HF4,HF6,8,64,5.0,6.0,7.0,1.0,1
CS2_35,HF4,HF8,1,32,6.0,5.0,4.0,5.0,1
CS2_35,HF4,HF8,4,32,8.0,6.0,4.0,5.0,1
CS2_35,HF4,HF8,8,32,5.0,4.0,4.0,5.0,1
CS2_35,HF4,HF8,12,32,7.0,6.0,4.0,5.0,1
CS2_35,HF4,HF8,16,32,6.0,4.0,4.0,5.0,1
CS2_35,HF4,HF8,24,32,7.0,4.0,4.0,5.0,1
CS2_35,HF4,HF8,32,48,4.0,5.0,6.0,4.0,2
CS2_35,HF4,HF8,32,64,4.0,5.0,7.0,5.0,2
CS2_35,HF5,HF6,1,4,7.0,3.0,3.0,4.0,2
CS2_35,HF5,HF6,1,12,7.0,3.0,3.0,5.0,1
CS2_35,HF5,HF6,4,8,3.0,4.0,7.0,6.0,2
CS2_35,HF5,HF6,4,16,3.0,4.0,7.0,5.0,2
CS2_35,HF5,HF6,4,24,3.0,4.0,6.0,5.0,2
CS2_35,HF5,HF6,4,32,3.0,4.0,7.0,3.0,2
CS2_35,HF5,HF6,4,48,3.0,4.0,7.0,3.0,2
CS2_35,HF5,HF6,4,64,3.0,4.0,6.0,1.0,2
CS2_35,HF5,HF6,8,12,7.0,6.0,3.0,5.0,1
CS2_35,HF5,HF6,12,16,3.0,5.0,7.0,5.0,1
CS2_35,HF5,HF6,12,24,3.0,5.0,6.0,5.0,1
CS2_35,HF5,HF6,12,32,3.0,5.0,7.0,3.0,1
CS2_35,HF5,HF6,12,48,3.0,5.0,7.0,3.0,1
CS2_35,HF5,HF6,12,64,3.0,5.0,6.0,1.0,1
CS2_35,HF5,HF8,1,4,7.0,5.0,3.0,6.0,1
CS2_35,HF5,HF8,1,12,7.0,5.0,3.0,6.0,1
CS2_35,HF5,HF8,4,8,3.0,6.0,7.0,4.0,1
CS2_35,HF5,HF8,4,16,3.0,6.0,7.0,4.0,1
CS2_35,HF5,HF8,4,24,3.0,6.0,6.0,4.0,1
CS2_35,HF5,HF8,4,32,3.0,6.0,7.0,5.0,1
CS2_35,HF5,HF8,4,48,3.0,6.0,7.0,4.0,3
CS2_35,HF5,HF8,4,64,3.0,6.0,6.0,5.0,3
CS2_35,HF5,HF8,8,12,7.0,4.0,3.0,6.0,1
CS2_35,HF5,HF8,12,16,3.0,6.0,7.0,4.0,1
CS2_35,HF5,HF8,12,24,3.0,6.0,6.0,4.0,1
CS2_35,HF5,HF8,12,32,3.0,6.0,7.0,5.0,1
CS2_35,HF5,HF8,12,48,3.0,6.0,7.0,4.0,3
CS2_35,HF5,HF8,12,64,3.0,6.0,6.0,5.0,3
CS2_35,HF6,HF7,1,64,3.0,2.0,1.0,4.0,1
CS2_35,HF6,HF7,4,64,4.0,2.0,1.0,4.0,1
CS2_35,HF6,HF7,8,64,6.0,2.0,1.0,4.0,1
CS2_35,HF6,HF7,12,64,5.0,2.0,1.0,4.0,1
CS2_35,HF6,HF7,16,64,5.0,2.0,1.0,4.0,1
CS2_35,HF6,HF7,24,64,5.0,2.0,1.0,4.0,1
CS2_35,HF6,HF7,32,64,3.0,2.0,1.0,4.0,1
CS2_35,HF6,HF7,48,64,3.0,2.0,1.0,4.0,1
CS2_35,HF6,HF8,1,8,3.0,5.0,6.0,4.0,3
CS2_35,HF6,HF8,1,16,3.0,5.0,5.0,4.0,2
CS2_35,HF6,HF8,1,24,3.0,5.0,5.0,4.0,3
CS2_35,HF6,HF8,4,8,4.0,6.0,6.0,4.0,3
CS2_35,HF6,HF8,4,16,4.0,6.0,5.0,4.0,2
CS2_35,HF6,HF8,4,24,4.0,6.0,5.0,4.0,3
CS2_35,HF6,HF8,8,12,6.0,4.0,5.0,6.0,2
CS2_35,HF6,HF8,8,32,6.0,4.0,3.0,5.0,2
CS2_35,HF6,HF8,8,48,6.0,4.0,3.0,4.0,2
CS2_35,HF6,HF8,8,64,6.0,4.0,1.0,5.0,1
CS2_35,HF6,HF8,12,16,5.0,6.0,5.0,4.0,3
CS2_35,HF6,HF8,12,24,5.0,6.0,5.0,4.0,2
CS2_35,HF6,HF8,16,32,5.0,4.0,3.0,5.0,3
CS2_35,HF6,HF8,16,48,5.0,4.0,3.0,4.0,3
CS2_35,HF6,HF8,16,64,5.0,4.0,1.0,5.0,2
CS2_35,HF6,HF8,24,32,5.0,4.0,3.0,5.0,2
CS2_35,HF6,HF8,24,48,5.0,4.0,3.0,4.0,2
CS2_35,HF6,HF8,24,64,5.0,4.0,1.0,5.0,3
CS2_36,HF1,HF7,1,48,1.0,2.0,2.0,1.0,1
CS2_36,HF1,HF7,1,64,1.0,2.0,2.0,1.0,1
CS2_36,HF1,HF7,4,48,1.0,2.0,2.0,1.0,1
CS2_36,HF1,HF7,4,64,1.0,2.0,2.0,1.0,1
CS2_36,HF1,HF7,8,48,1.0,2.0,2.0,1.0,1
CS2_36,HF1,HF7,8,64,1.0,2.0,2.0,1.0,1
CS2_36,HF1,HF7,12,48,1.0,2.0,2.0,1.0,1
CS2_36,HF1,HF7,12,64,1.0,2.0,2.0,1.0,1
CS2_36,HF1,HF7,16,48,1.0,2.0,2.0,1.0,1
CS2_36,HF1,HF7,16,64,1.0,2.0,2.0,1.0,1
CS2_36,HF1,HF7,24,48,1.0,2.0,2.0,1.0,1
CS2_36,HF1,HF7,24,64,1.0,2.0,2.0,1.0,1
CS2_36,HF1,HF7,32,48,1.0,2.0,2.0,1.0,1
CS2_36,HF1,HF7,32,64,1.0,2.0,2.0,1.0,1
CS2_36,HF2,HF3,1,32,5.0,3.0,5.0,6.0,3
CS2_36,HF2,HF3,1,48,5.0,3.0,5.0,6.0,1
CS2_36,HF2,HF3,1,64,5.0,3.0,5.0,7.0,2
CS2_36,HF2,HF3,4,32,5.0,3.0,5.0,6.0,3
CS2_36,HF2,HF3,4,48,5.0,3.0,5.0,6.0,1
CS2_36,HF2,HF3,4,64,5.0,3.0,5.0,7.0,2
CS2_36,HF2,HF3,8,32,5.0,3.0,5.0,6.0,3
CS2_36,HF2,HF3,8,48,5.0,3.0,5.0,6.0,1
CS2_36,HF2,HF3,8,64,5.0,3.0,5.0,7.0,2
CS2_36,HF2,HF3,12,32,6.0,3.0,5.0,6.0,2
CS2_36,HF2,HF3,12,48,6.0,3.0,5.0,6.0,2
CS2_36,HF2,HF3,12,64,6.0,3.0,5.0,7.0,1
CS2_36,HF2,HF3,16,32,5.0,3.0,5.0,6.0,1
CS2_36,HF2,HF3,16,48,5.0,3.0,5.0,6.0,3
CS2_36,HF2,HF3,16,64,5.0,3.0,5.0,7.0,2
CS2_36,HF2,HF3,24,32,6.0,5.0,5.0,6.0,3
CS2_36,HF2,HF3,24,48,6.0,5.0,5.0,6.0,1
CS2_36,HF2,HF3,24,64,6.0,5.0,5.0,7.0,2
CS2_36,HF2,HF6,1,12,5.0,6.0,6.0,4.0,4
CS2_36,HF2,HF6,1,24,5.0,6.0,6.0,3.0,4
CS2_36,HF2,HF6,1,32,5.0,6.0,5.0,3.0,3
CS2_36,HF2,HF6,1,48,5.0,6.0,5.0,3.0,3
CS2_36,HF2,HF6,1,64,5.0,6.0,5.0,4.0,3
CS2_36,HF2,HF6,4,12,5.0,6.0,6.0,4.0,2
CS2_36,HF2,HF6,4,24,5.0,6.0,6.0,3.0,2
CS2_36,HF2,HF6,4,32,5.0,6.0,5.0,3.0,1
CS2_36,HF2,HF6,4,48,5.0,6.0,5.0,3.0,1
CS2_36,HF2,HF6,4,64,5.0,6.0,5.0,4.0,1
CS2_36,HF2,HF6,8,12,5.0,6.0,6.0,4.0,1
CS2_36,HF2,HF6,8,24,5.0,6.0,6.0,3.0,1
CS2_36,HF2,HF6,8,32,5.0,6.0,5.0,3.0,2
CS2_36,HF2,HF6,8,48,5.0,6.0,5.0,3.0,2
CS2_36,HF2,HF6,8,64,5.0,6.0,5.0,4.0,2
CS2_36,HF2,HF6,12,16,6.0,4.0,5.0,6.0,1
CS2_36,HF2,HF6,16,24,5.0,6.0,6.0,3.0,1
CS2_36,HF2,HF6,16,32,5.0,6.0,5.0,3.0,2
CS2_36,HF2,HF6,16,48,5.0,6.0,5.0,3.0,2
CS2_36,HF2,HF6,16,64,5.0,6.0,5.0,4.0,2
CS2_36,HF3,HF5,1,64,3.0,7.0,7.0,6.0,3
CS2_36,HF3,HF5,4,64,3.0,7.0,7.0,6.0,3
CS2_36,HF3,HF5,8,64,3.0,8.0,7.0,6.0,3
CS2_36,HF3,HF5,12,64,3.0,7.0,7.0,6.0,3
CS2_36,HF3,HF5,16,64,3.0,8.0,7.0,6.0,2
CS2_36,HF3,HF5,24,64,5.0,7.0,7.0,6.0,3
CS2_36,HF3,HF5,32,64,6.0,7.0,7.0,6.0,2
CS2_36,HF3,HF5,48,64,6.0,7.0,7.0,6.0,1
CS2_36,HF3,HF6,1,24,3.0,6.0,5.0,3.0,2
CS2_36,HF3,HF6,1,32,3.0,6.0,6.0,3.0,3
CS2_36,HF3,HF6,1,48,3.0,6.0,6.0,3.0,3
CS2_36,HF3,HF6,1,64,3.0,6.0,7.0,4.0,3
CS2_36,HF3,HF6,4,24,3.0,6.0,5.0,3.0,3
CS2_36,HF3,HF6,4,32,3.0,6.0,6.0,3.0,2
CS2_36,HF3,HF6,4,48,3.0,6.0,6.0,3.0,2
CS2_36,HF3,HF6,4,64,3.0,6.0,7.0,4.0,2
CS2_36,HF3,HF6,8,24,3.0,6.0,5.0,3.0,1
CS2_36,HF3,HF6,8,32,3.0,6.0,6.0,3.0,2
CS2_36,HF3,HF6,8,48,3.0,6.0,6.0,3.0,2
CS2_36,HF3,HF6,8,64,3.0,6.0,7.0,4.0,2
CS2_36,HF3,HF6,12,24,3.0,4.0,5.0,3.0,2
CS2_36,HF3,HF6,12,32,3.0,4.0,6.0,3.0,1
CS2_36,HF3,HF6,12,48,3.0,4.0,6.0,3.0,1
CS2_36,HF3,HF6,12,64,3.0,4.0,7.0,4.0,1
CS2_36,HF3,HF6,16,24,3.0,6.0,5.0,3.0,2
CS2_36,HF3,HF6,16,32,3.0,6.0,6.0,3.0,1
CS2_36,HF3,HF6,16,48,3.0,6.0,6.0,3.0,1
CS2_36,HF3,HF6,16,64,3.0,6.0,7.0,4.0,1
CS2_36,HF3,HF8,1,24,3.0,4.0,5.0,4.0,2
CS2_36,HF3,HF8,1,32,3.0,4.0,6.0,4.0,3
CS2_36,HF3,HF8,1,48,3.0,4.0,6.0,4.0,1
CS2_36,HF3,HF8,1,64,3.0,4.0,7.0,3.0,2
CS2_36,HF3,HF8,4,24,3.0,4.0,5.0,4.0,3
CS2_36,HF3,HF8,4,32,3.0,4.0,6.0,4.0,2
CS2_36,HF3,HF8,4,48,3.0,4.0,6.0,4.0,2
CS2_36,HF3,HF8,4,64,3.0,4.0,7.0,3.0,1
CS2_36,HF3,HF8,8,24,3.0,4.0,5.0,4.0,2
CS2_36,HF3,HF8,8,32,3.0,4.0,6.0,4.0,3
CS2_36,HF3,HF8,8,48,3.0,4.0,6.0,4.0,1
CS2_36,HF3,HF8,8,64,3.0,4.0,7.0,3.0,2
CS2_36,HF3,HF8,12,24,3.0,5.0,5.0,4.0,3
CS2_36,HF3,HF8,12,32,3.0,5.0,6.0,4.0,2
CS2_36,HF3,HF8,12,48,3.0,5.0,6.0,4.0,2
CS2_36,HF3,HF8,12,64,3.0,5.0,7.0,3.0,1
CS2_36,HF3,HF8,16,24,3.0,4.0,5.0,4.0,2
CS2_36,HF3,HF8,16,32,3.0,4.0,6.0,4.0,1
CS2_36,HF3,HF8,16,48,3.0,4.0,6.0,4.0,3
CS2_36,HF3,HF8,16,64,3.0,4.0,7.0,3.0,2
CS2_36,HF4,HF5,1,8,8.0,7.0,7.0,8.0,3
CS2_36,HF4,HF5,1,16,8.0,7.0,7.0,8.0,2
CS2_36,HF4,HF5,4,8,8.0,7.0,7.0,8.0,3
CS2_36,HF4,HF5,4,16,8.0,7.0,7.0,8.0,2
CS2_36,HF4,HF5,8,12,7.0,8.0,8.0,7.0,3
CS2_36,HF4,HF5,8,24,7.0,8.0,8.0,7.0,3
CS2_36,HF4,HF5,8,32,7.0,8.0,8.0,7.0,1
CS2_36,HF4,HF5,8,48,7.0,8.0,8.0,7.0,1
CS2_36,HF4,HF5,8,64,7.0,8.0,8.0,6.0,3
CS2_36,HF4,HF5,12,16,8.0,7.0,7.0,8.0,2
CS2_36,HF4,HF5,16,24,7.0,8.0,8.0,7.0,2
CS2_36,HF4,HF5,16,32,7.0,8.0,8.0,7.0,2
CS2_36,HF4,HF5,16,48,7.0,8.0,8.0,7.0,2
CS2_36,HF4,HF5,16,64,7.0,8.0,8.0,6.0,2
CS2_36,HF6,HF8,1,12,6.0,4.0,4.0,5.0,3
CS2_36,HF6,HF8,1,24,6.0,4.0,3.0,4.0,3
CS2_36,HF6,HF8,1,32,6.0,4.0,3.0,4.0,3
CS2_36,HF6,HF8,1,48,6.0,4.0,3.0,4.0,3
CS2_36,HF6,HF8,4,12,6.0,4.0,4.0,5.0,3
CS2_36,HF6,HF8,4,24,6.0,4.0,3.0,4.0,3
CS2_36,HF6,HF8,4,32,6.0,4.0,3.0,4.0,3
CS2_36,HF6,HF8,4,48,6.0,4.0,3.0,4.0,3
CS2_36,HF6,HF8,8,12,6.0,4.0,4.0,5.0,2
CS2_36,HF6,HF8,8,24,6.0,4.0,3.0,4.0,2
CS2_36,HF6,HF8,8,32,6.0,4.0,3.0,4.0,2
CS2_36,HF6,HF8,8,48,6.0,4.0,3.0,4.0,2
CS2_36,HF6,HF8,12,16,4.0,5.0,6.0,4.0,3
CS2_36,HF6,HF8,12,64,4.0,5.0,4.0,3.0,1
CS2_36,HF6,HF8,16,24,6.0,4.0,3.0,4.0,1
CS2_36,HF6,HF8,16,32,6.0,4.0,3.0,4.0,3
CS2_36,HF6,HF8,16,48,6.0,4.0,3.0,4.0,3
CS2_36,HF6,HF8,24,64,3.0,4.0,4.0,3.0,3
CS2_36,HF6,HF8,32,64,3.0,4.0,4.0,3.0,1
CS2_36,HF6,HF8,48,64,3.0,4.0,4.0,3.0,1
CS2_37,HF2,HF3,1,16,5.0,3.0,7.0,8.0,2
CS2_37,HF2,HF3,1,32,5.0,3.0,6.0,7.0,3
CS2_37,HF2,HF3,4,16,7.0,3.0,7.0,8.0,2
CS2_37,HF2,HF3,4,32,7.0,3.0,6.0,7.0,3
CS2_37,HF2,HF3,8,16,6.0,4.0,7.0,8.0,2
CS2_37,HF2,HF3,8,32,6.0,4.0,6.0,7.0,3
CS2_37,HF2,HF3,12,16,7.0,4.0,7.0,8.0,1
CS2_37,HF2,HF3,12,32,7.0,4.0,6.0,7.0,2
CS2_37,HF2,HF3,16,24,7.0,8.0,6.0,5.0,2
CS2_37,HF2,HF3,16,48,7.0,8.0,8.0,6.0,3
CS2_37,HF2,HF3,16,64,7.0,8.0,8.0,6.0,2
CS2_37,HF2,HF3,24,32,6.0,5.0,6.0,7.0,3
CS2_37,HF2,HF3,32,48,6.0,7.0,8.0,6.0,2
CS2_37,HF2,HF3,32,64,6.0,7.0,8.0,6.0,1
CS2_37,HF2,HF4,1,16,5.0,8.0,7.0,6.0,1
CS2_37,HF2,HF4,1,32,5.0,8.0,6.0,5.0,2
CS2_37,HF2,HF4,1,48,5.0,8.0,8.0,4.0,1
CS2_37,HF2,HF4,1,64,5.0,8.0,8.0,5.0,1
CS2_37,HF2,HF4,4,16,7.0,8.0,7.0,6.0,1
CS2_37,HF2,HF4,4,32,7.0,8.0,6.0,5.0,2
CS2_37,HF2,HF4,4,48,7.0,8.0,8.0,4.0,1
CS2_37,HF2,HF4,4,64,7.0,8.0,8.0,5.0,1
CS2_37,HF2,HF4,8,16,6.0,7.0,7.0,6.0,1
CS2_37,HF2,HF4,8,32,6.0,7.0,6.0,5.0,2
CS2_37,HF2,HF4,8,48,6.0,7.0,8.0,4.0,1
CS2_37,HF2,HF4,8,64,6.0,7.0,8.0,5.0,1
CS2_37,HF2,HF4,12,16,7.0,8.0,7.0,6.0,1
CS2_37,HF2,HF4,12,32,7.0,8.0,6.0,5.0,2
CS2_37,HF2,HF4,12,48,7.0,8.0,8.0,4.0,1
CS2_37,HF2,HF4,12,64,7.0,8.0,8.0,5.0,1
CS2_37,HF2,HF4,16,24,7.0,6.0,6.0,8.0,1
CS2_37,HF2,HF4,24,32,6.0,8.0,6.0,5.0,2
CS2_37,HF2,HF4,24,48,6.0,8.0,8.0,4.0,1
CS2_37,HF2,HF4,24,64,6.0,8.0,8.0,5.0,1
CS2_37,HF2,HF5,1,4,5.0,7.0,7.0,5.0,2
CS2_37,HF2,HF5,1,12,5.0,7.0,7.0,6.0,2
CS2_37,HF2,HF5,1,16,5.0,7.0,7.0,5.0,1
CS2_37,HF2,HF5,1,48,5.0,7.0,8.0,5.0,2
CS2_37,HF2,HF5,1,64,5.0,7.0,8.0,4.0,2
CS2_37,HF2,HF5,4,8,7.0,5.0,6.0,8.0,2
CS2_37,HF2,HF5,4,24,7.0,5.0,6.0,7.0,2
CS2_37,HF2,HF5,4,32,7.0,5.0,6.0,8.0,2
CS2_37,HF2,HF5,8,12,6.0,8.0,7.0,6.0,2
CS2_37,HF2,HF5,8,16,6.0,8.0,7.0,5.0,1
CS2_37,HF2,HF5,8,48,6.0,8.0,8.0,5.0,2
CS2_37,HF2,HF5,8,64,6.0,8.0,8.0,4.0,2
CS2_37,HF2,HF5,12,24,7.0,6.0,6.0,7.0,2
CS2_37,HF2,HF5,12,32,7.0,6.0,6.0,8.0,2
CS2_37,HF2,HF5,16,24,7.0,5.0,6.0,7.0,1
CS2_37,HF2,HF5,16,32,7.0,5.0,6.0,8.0,1
CS2_37,HF2,HF5,24,48,6.0,7.0,8.0,5.0,2
CS2_37,HF2,HF5,24,64,6.0,7.0,8.0,4.0,2
CS2_37,HF2,HF5,32,48,6.0,8.0,8.0,5.0,2
CS2_37,HF2,HF5,32,64,6.0,8.0,8.0,4.0,2
CS2_37,HF2,HF6,1,4,5.0,6.0,7.0,6.0,2
CS2_37,HF2,HF6,1,8,5.0,6.0,6.0,3.0,3
CS2_37,HF2,HF6,1,12,5.0,6.0,7.0,3.0,4
CS2_37,HF2,HF6,1,16,5.0,6.0,7.0,3.0,3
CS2_37,HF2,HF6,1,24,5.0,6.0,6.0,3.0,4
CS2_37,HF2,HF6,1,32,5.0,6.0,6.0,3.0,3
CS2_37,HF2,HF6,1,48,5.0,6.0,8.0,3.0,3
CS2_37,HF2,HF6,1,64,5.0,6.0,8.0,3.0,3
CS2_37,HF3,HF4,1,16,3.0,8.0,8.0,6.0,1
CS2_37,HF3,HF4,1,32,3.0,8.0,7.0,5.0,1
CS2_37,HF3,HF4,1,48,3.0,8.0,6.0,4.0,1
CS2_37,HF3,HF4,1,64,3.0,8.0,6.0,5.0,1
CS2_37,HF3,HF4,4,16,3.0,8.0,8.0,6.0,2
CS2_37,HF3,HF4,4,32,3.0,8.0,7.0,5.0,2
CS2_37,HF3,HF4,4,48,3.0,8.0,6.0,4.0,2
CS2_37,HF3,HF4,4,64,3.0,8.0,6.0,5.0,2
CS2_37,HF3,HF4,8,16,4.0,7.0,8.0,6.0,1
CS2_37,HF3,HF4,8,32,4.0,7.0,7.0,5.0,1
CS2_37,HF3,HF4,8,48,4.0,7.0,6.0,4.0,1
CS2_37,HF3,HF4,8,64,4.0,7.0,6.0,5.0,1
CS2_37,HF3,HF4,12,16,4.0,8.0,8.0,6.0,1
CS2_37,HF3,HF4,12,32,4.0,8.0,7.0,5.0,1
CS2_37,HF3,HF4,12,48,4.0,8.0,6.0,4.0,1
CS2_37,HF3,HF4,12,64,4.0,8.0,6.0,5.0,1
CS2_37,HF3,HF4,16,24,8.0,6.0,5.0,8.0,1
CS2_37,HF3,HF4,24,32,5.0,8.0,7.0,5.0,1
CS2_37,HF3,HF4,24,48,5.0,8.0,6.0,4.0,1
CS2_37,HF3,HF4,24,64,5.0,8.0,6.0,5.0,1
CS2_37,HF3,HF5,1,16,3.0,7.0,8.0,5.0,1
CS2_37,HF3,HF5,1,48,3.0,7.0,6.0,5.0,2
CS2_37,HF3,HF5,1,64,3.0,7.0,6.0,4.0,3
CS2_37,HF3,HF5,4,16,3.0,5.0,8.0,5.0,1
CS2_37,HF3,HF5,4,48,3.0,5.0,6.0,5.0,2
CS2_37,HF3,HF5,4,64,3.0,5.0,6.0,4.0,3
CS2_37,HF3,HF5,8,16,4.0,8.0,8.0,5.0,1
CS2_37,HF3,HF5,8,48,4.0,8.0,6.0,5.0,2
CS2_37,HF3,HF5,8,64,4.0,8.0,6.0,4.0,3
CS2_37,HF3,HF5,12,16,4.0,6.0,8.0,5.0,1
CS2_37,HF3,HF5,12,48,4.0,6.0,6.0,5.0,2
CS2_37,HF3,HF5,12,64,4.0,6.0,6.0,4.0,3
CS2_37,HF3,HF5,16,24,8.0,5.0,5.0,7.0,1
CS2_37,HF3,HF5,16,32,8.0,5.0,7.0,8.0,2
CS2_37,HF3,HF5,24,48,5.0,7.0,6.0,5.0,2
CS2_37,HF3,HF5,24,64,5.0,7.0,6.0,4.0,3
CS2_37,HF3,HF5,32,48,7.0,8.0,6.0,5.0,1
CS2_37,HF3,HF5,32,64,7.0,8.0,6.0,4.0,2
CS2_37,HF3,HF6,1,8,3.0,6.0,4.0,3.0,1
CS2_37,HF3,HF6,1,12,3.0,6.0,4.0,3.0,2
CS2_37,HF3,HF6,1,16,3.0,6.0,8.0,3.0,2
CS2_37,HF3,HF6,1,24,3.0,6.0,5.0,3.0,2
CS2_37,HF3,HF6,1,32,3.0,6.0,7.0,3.0,3
CS2_37,HF3,HF6,1,48,3.0,6.0,6.0,3.0,3
CS2_37,HF3,HF6,1,64,3.0,6.0,6.0,3.0,3
CS2_37,HF3,HF6,4,8,3.0,6.0,4.0,3.0,2
CS2_37,HF3,HF6,4,12,3.0,6.0,4.0,3.0,1
CS2_37,HF3,HF6,4,16,3.0,6.0,8.0,3.0,1
CS2_37,HF3,HF6,4,24,3.0,6.0,5.0,3.0,3
CS2_37,HF3,HF6,4,32,3.0,6.0,7.0,3.0,2
CS2_37,HF3,HF6,4,48,3.0,6.0,6.0,3.0,2
CS2_37,HF3,HF6,4,64,3.0,6.0,6.0,3.0,2
CS2_37,HF3,HF8,1,16,3.0,4.0,8.0,4.0,2
CS2_37,HF3,HF8,1,24,3.0,4.0,5.0,4.0,2
CS2_37,HF3,HF8,1,32,3.0,4.0,7.0,4.0,3
CS2_37,HF3,HF8,4,16,3.0,4.0,8.0,4.0,1
CS2_37,HF3,HF8,4,24,3.0,4.0,5.0,4.0,3
CS2_37,HF3,HF8,4,32,3.0,4.0,7.0,4.0,2
CS2_37,HF3,HF8,8,16,4.0,5.0,8.0,4.0,2
CS2_37,HF3,HF8,8,24,4.0,5.0,5.0,4.0,2
CS2_37,HF3,HF8,8,32,4.0,5.0,7.0,4.0,3
CS2_37,HF3,HF8,12,16,4.0,5.0,8.0,4.0,1
CS2_37,HF3,HF8,12,24,4.0,5.0,5.0,4.0,3
CS2_37,HF3,HF8,12,32,4.0,5.0,7.0,4.0,2
CS2_37,HF3,HF8,16,48,8.0,4.0,6.0,7.0,3
CS2_37,HF3,HF8,16,64,8.0,4.0,6.0,7.0,2
CS2_37,HF3,HF8,24,48,5.0,4.0,6.0,7.0,1
CS2_37,HF3,HF8,24,64,5.0,4.0,6.0,7.0,2
CS2_37,HF3,HF8,32,48,7.0,4.0,6.0,7.0,2
CS2_37,HF3,HF8,32,64,7.0,4.0,6.0,7.0,1
CS2_37,HF4,HF5,1,8,8.0,7.0,7.0,8.0,3
CS2_37,HF4,HF5,1,32,8.0,7.0,5.0,8.0,2
CS2_37,HF4,HF5,1,48,8.0,7.0,4.0,5.0,2
CS2_37,HF4,HF5,4,8,8.0,5.0,7.0,8.0,3
CS2_37,HF4,HF5,4,32,8.0,5.0,5.0,8.0,2
CS2_37,HF4,HF5,4,48,8.0,5.0,4.0,5.0,2
CS2_37,HF4,HF5,8,12,7.0,8.0,8.0,6.0,3
CS2_37,HF4,HF5,8,16,7.0,8.0,6.0,5.0,1
CS2_37,HF4,HF5,8,24,7.0,8.0,8.0,7.0,3
CS2_37,HF4,HF5,8,64,7.0,8.0,5.0,4.0,3
CS2_37,HF4,HF5,12,32,8.0,6.0,5.0,8.0,2
CS2_37,HF4,HF5,12,48,8.0,6.0,4.0,5.0,2
CS2_37,HF4,HF5,16,32,6.0,5.0,5.0,8.0,2
CS2_37,HF4,HF5,16,48,6.0,5.0,4.0,5.0,2
CS2_37,HF4,HF5,24,32,8.0,7.0,5.0,8.0,2
CS2_37,HF4,HF5,24,48,8.0,7.0,4.0,5.0,2
CS2_37,HF4,HF5,32,64,5.0,8.0,5.0,4.0,2
CS2_37,HF4,HF5,48,64,4.0,5.0,5.0,4.0,2
CS2_37,HF4,HF8,1,48,8.0,4.0,4.0,7.0,1
CS2_37,HF4,HF8,1,64,8.0,4.0,5.0,7.0,1
CS2_37,HF4,HF8,4,48,8.0,4.0,4.0,7.0,1
CS2_37,HF4,HF8,4,64,8.0,4.0,5.0,7.0,1
CS2_37,HF4,HF8,8,48,7.0,5.0,4.0,7.0,1
CS2_37,HF4,HF8,8,64,7.0,5.0,5.0,7.0,1
CS2_37,HF4,HF8,12,48,8.0,5.0,4.0,7.0,1
CS2_37,HF4,HF8,12,64,8.0,5.0,5.0,7.0,1
CS2_37,HF4,HF8,16,48,6.0,4.0,4.0,7.0,1
CS2_37,HF4,HF8,16,64,6.0,4.0,5.0,7.0,1
CS2_37,HF4,HF8,24,48,8.0,4.0,4.0,7.0,1
CS2_37,HF4,HF8,24,64,8.0,4.0,5.0,7.0,1
CS2_37,HF4,HF8,32,48,5.0,4.0,4.0,7.0,2
CS2_37,HF4,HF8,32,64,5.0,4.0,5.0,7.0,2
CS2_37,HF5,HF6,1,4,7.0,6.0,5.0,6.0,2
CS2_37,HF5,HF6,4,8,5.0,6.0,8.0,3.0,2
CS2_37,HF5,HF6,4,12,5.0,6.0,6.0,3.0,1
CS2_37,HF5,HF6,4,16,5.0,6.0,5.0,3.0,2
CS2_37,HF5,HF6,4,24,5.0,6.0,7.0,3.0,2
CS2_37,HF5,HF6,4,32,5.0,6.0,8.0,3.0,2
CS2_37,HF5,HF6,4,48,5.0,6.0,5.0,3.0,2
CS2_37,HF5,HF6,4,64,5.0,6.0,4.0,3.0,2
CS2_37,HF5,HF8,1,48,7.0,4.0,5.0,7.0,2
CS2_37,HF5,HF8,1,64,7.0,4.0,4.0,7.0,2
CS2_37,HF5,HF8,4,48,5.0,4.0,5.0,7.0,3
CS2_37,HF5,HF8,4,64,5.0,4.0,4.0,7.0,3
CS2_37,HF5,HF8,8,48,8.0,5.0,5.0,7.0,2
CS2_37,HF5,HF8,8,64,8.0,5.0,4.0,7.0,2
CS2_37,HF5,HF8,12,48,6.0,5.0,5.0,7.0,3
CS2_37,HF5,HF8,12,64,6.0,5.0,4.0,7.0,3
CS2_37,HF5,HF8,16,48,5.0,4.0,5.0,7.0,2
CS2_37,HF5,HF8,16,64,5.0,4.0,4.0,7.0,2
CS2_37,HF5,HF8,24,48,7.0,4.0,5.0,7.0,2
CS2_37,HF5,HF8,24,64,7.0,4.0,4.0,7.0,2
CS2_37,HF5,HF8,32,48,8.0,4.0,5.0,7.0,2
CS2_37,HF5,HF8,32,64,8.0,4.0,4.0,7.0,2
CS2_37,HF6,HF8,1,8,6.0,4.0,3.0,5.0,3
CS2_37,HF6,HF8,1,12,6.0,4.0,3.0,5.0,3
CS2_37,HF6,HF8,1,16,6.0,4.0,3.0,4.0,2
CS2_37,HF6,HF8,1,24,6.0,4.0,3.0,4.0,3
CS2_37,HF6,HF8,1,32,6.0,4.0,3.0,4.0,3
CS2_37,HF6,HF8,1,48,6.0,4.0,3.0,7.0,3
CS2_37,HF6,HF8,1,64,6.0,4.0,3.0,7.0,2
CS2_37,HF6,HF8,4,8,6.0,4.0,3.0,5.0,3
CS2_37,HF6,HF8,4,12,6.0,4.0,3.0,5.0,3
CS2_37,HF6,HF8,4,16,6.0,4.0,3.0,4.0,2
CS2_37,HF6,HF8,4,24,6.0,4.0,3.0,4.0,3
CS2_37,HF6,HF8,4,32,6.0,4.0,3.0,4.0,3
CS2_37,HF6,HF8,4,48,6.0,4.0,3.0,7.0,3
CS2_37,HF6,HF8,4,64,6.0,4.0,3.0,7.0,2
CS2_38,HF2,HF3,1,12,5.0,3.0,5.0,6.0,1
CS2_38,HF2,HF3,1,16,5.0,3.0,5.0,6.0,2
CS2_38,HF2,HF3,1,32,5.0,3.0,5.0,7.0,3
CS2_38,HF2,HF3,1,64,5.0,3.0,6.0,7.0,2
CS2_38,HF2,HF3,4,12,6.0,5.0,5.0,6.0,1
CS2_38,HF2,HF3,4,16,6.0,5.0,5.0,6.0,2
CS2_38,HF2,HF3,4,32,6.0,5.0,5.0,7.0,3
CS2_38,HF2,HF3,4,64,6.0,5.0,6.0,7.0,2
CS2_38,HF2,HF3,8,12,6.0,3.0,5.0,6.0,1
CS2_38,HF2,HF3,8,16,6.0,3.0,5.0,6.0,2
CS2_38,HF2,HF3,8,32,6.0,3.0,5.0,7.0,3
CS2_38,HF2,HF3,8,64,6.0,3.0,6.0,7.0,2
CS2_38,HF2,HF3,12,24,5.0,6.0,6.0,3.0,1
CS2_38,HF2,HF3,12,48,5.0,6.0,7.0,5.0,2
CS2_38,HF2,HF3,16,24,5.0,6.0,6.0,3.0,2
CS2_38,HF2,HF3,16,48,5.0,6.0,7.0,5.0,3
CS2_38,HF2,HF3,24,32,6.0,3.0,5.0,7.0,3
CS2_38,HF2,HF3,24,64,6.0,3.0,6.0,7.0,2
CS2_38,HF2,HF3,32,48,5.0,7.0,7.0,5.0,2
CS2_38,HF2,HF3,48,64,7.0,5.0,6.0,7.0,1
CS2_38,HF2,HF5,1,48,5.0,8.0,7.0,4.0,2
CS2_38,HF2,HF5,1,64,5.0,8.0,6.0,4.0,2
CS2_38,HF2,HF5,4,48,6.0,7.0,7.0,4.0,2
CS2_38,HF2,HF5,4,64,6.0,7.0,6.0,4.0,2
CS2_38,HF2,HF5,8,48,6.0,7.0,7.0,4.0,2
CS2_38,HF2,HF5,8,64,6.0,7.0,6.0,4.0,2
CS2_38,HF2,HF5,12,48,5.0,7.0,7.0,4.0,2
CS2_38,HF2,HF5,12,64,5.0,7.0,6.0,4.0,2
CS2_38,HF2,HF5,16,48,5.0,7.0,7.0,4.0,1
CS2_38,HF2,HF5,16,64,5.0,7.0,6.0,4.0,1
CS2_38,HF2,HF5,24,48,6.0,7.0,7.0,4.0,2
CS2_38,HF2,HF5,24,64,6.0,7.0,6.0,4.0,2
CS2_38,HF2,HF5,32,48,5.0,6.0,7.0,4.0,2
CS2_38,HF2,HF5,32,64,5.0,6.0,6.0,4.0,2
CS2_38,HF2,HF6,1,4,5.0,7.0,6.0,4.0,2
CS2_38,HF2,HF6,1,8,5.0,7.0,6.0,4.0,3
CS2_38,HF2,HF6,1,12,5.0,7.0,5.0,3.0,4
CS2_38,HF2,HF6,1,16,5.0,7.0,5.0,4.0,3
CS2_38,HF2,HF6,1,24,5.0,7.0,6.0,5.0,4
CS2_38,HF2,HF6,1,32,5.0,7.0,5.0,3.0,3
CS2_38,HF2,HF6,1,48,5.0,7.0,7.0,3.0,3
CS2_38,HF2,HF6,1,64,5.0,7.0,6.0,3.0,3
CS2_38,HF3,HF5,1,32,3.0,8.0,7.0,6.0,1
CS2_38,HF3,HF5,1,48,3.0,8.0,5.0,4.0,2
CS2_38,HF3,HF5,1,64,3.0,8.0,7.0,4.0,3
CS2_38,HF3,HF5,4,32,5.0,7.0,7.0,6.0,1
CS2_38,HF3,HF5,4,48,5.0,7.0,5.0,4.0,2
CS2_38,HF3,HF5,4,64,5.0,7.0,7.0,4.0,3
CS2_38,HF3,HF5,8,32,3.0,7.0,7.0,6.0,1
CS2_38,HF3,HF5,8,48,3.0,7.0,5.0,4.0,2
CS2_38,HF3,HF5,8,64,3.0,7.0,7.0,4.0,3
CS2_38,HF3,HF5,12,32,6.0,7.0,7.0,6.0,1
CS2_38,HF3,HF5,12,48,6.0,7.0,5.0,4.0,2
CS2_38,HF3,HF5,12,64,6.0,7.0,7.0,4.0,3
CS2_38,HF3,HF5,16,32,6.0,7.0,7.0,6.0,2
CS2_38,HF3,HF5,16,48,6.0,7.0,5.0,4.0,1
CS2_38,HF3,HF5,16,64,6.0,7.0,7.0,4.0,2
CS2_38,HF3,HF5,24,32,3.0,7.0,7.0,6.0,1
CS2_38,HF3,HF5,24,48,3.0,7.0,5.0,4.0,2
CS2_38,HF3,HF5,24,64,3.0,7.0,7.0,4.0,3
CS2_38,HF3,HF6,1,4,3.0,7.0,5.0,4.0,1
CS2_38,HF3,HF6,1,12,3.0,7.0,6.0,3.0,2
CS2_38,HF3,HF6,1,16,3.0,7.0,6.0,4.0,2
CS2_38,HF3,HF6,1,32,3.0,7.0,7.0,3.0,3
CS2_38,HF3,HF6,1,48,3.0,7.0,5.0,3.0,3
CS2_38,HF3,HF6,1,64,3.0,7.0,7.0,3.0,3
CS2_38,HF3,HF6,4,8,5.0,4.0,3.0,4.0,2
CS2_38,HF3,HF6,4,24,5.0,4.0,3.0,5.0,3
CS2_38,HF3,HF6,8,12,3.0,4.0,6.0,3.0,1
CS2_38,HF3,HF6,8,16,3.0,4.0,6.0,4.0,1
CS2_38,HF3,HF6,8,32,3.0,4.0,7.0,3.0,2
CS2_38,HF3,HF6,8,48,3.0,4.0,5.0,3.0,2
CS2_38,HF3,HF6,8,64,3.0,4.0,7.0,3.0,2
CS2_38,HF3,HF6,12,24,6.0,3.0,3.0,5.0,2
CS2_38,HF3,HF6,16,24,6.0,4.0,3.0,5.0,2
CS2_38,HF3,HF6,24,32,3.0,5.0,7.0,3.0,1
CS2_38,HF3,HF6,24,48,3.0,5.0,5.0,3.0,1
CS2_38,HF3,HF6,24,64,3.0,5.0,7.0,3.0,1
CS2_38,HF3,HF8,1,4,3.0,4.0,5.0,3.0,1
CS2_38,HF3,HF8,1,12,3.0,4.0,6.0,4.0,1
CS2_38,HF3,HF8,1,16,3.0,4.0,6.0,3.0,2
CS2_38,HF3,HF8,1,32,3.0,4.0,7.0,4.0,3
CS2_38,HF3,HF8,1,64,3.0,4.0,7.0,5.0,2
CS2_38,HF3,HF8,4,8,5.0,3.0,3.0,5.0,1
CS2_38,HF3,HF8,4,24,5.0,3.0,3.0,4.0,3
CS2_38,HF3,HF8,4,48,5.0,3.0,5.0,6.0,2
CS2_38,HF3,HF8,8,12,3.0,5.0,6.0,4.0,1
CS2_38,HF3,HF8,8,16,3.0,5.0,6.0,3.0,2
CS2_38,HF3,HF8,8,32,3.0,5.0,7.0,4.0,3
CS2_38,HF3,HF8,8,64,3.0,5.0,7.0,5.0,2
CS2_38,HF3,HF8,12,24,6.0,4.0,3.0,4.0,3
CS2_38,HF3,HF8,12,48,6.0,4.0,5.0,6.0,2
CS2_38,HF3,HF8,16,24,6.0,3.0,3.0,4.0,2
CS2_38,HF3,HF8,16,48,6.0,3.0,5.0,6.0,3
CS2_38,HF3,HF8,24,32,3.0,4.0,7.0,4.0,1
CS2_38,HF3,HF8,24,64,3.0,4.0,7.0,5.0,2
CS2_38,HF3,HF8,32,48,7.0,4.0,5.0,6.0,2
CS2_38,HF3,HF8,48,64,5.0,6.0,7.0,5.0,1
CS2_38,HF4,HF5,1,4,6.0,8.0,8.0,7.0,2
CS2_38,HF4,HF5,1,8,6.0,8.0,8.0,7.0,3
CS2_38,HF4,HF5,1,12,6.0,8.0,8.0,7.0,2
CS2_38,HF4,HF5,1,16,6.0,8.0,8.0,7.0,2
CS2_38,HF4,HF5,1,24,6.0,8.0,8.0,7.0,2
CS2_38,HF4,HF5,1,32,6.0,8.0,8.0,6.0,2
CS2_38,HF4,HF5,1,48,6.0,8.0,8.0,4.0,2
CS2_38,HF4,HF5,1,64,6.0,8.0,8.0,4.0,2
CS2_38,HF4,HF6,1,4,6.0,7.0,8.0,4.0,1
CS2_38,HF4,HF6,1,8,6.0,7.0,8.0,4.0,2
CS2_38,HF4,HF6,1,12,6.0,7.0,8.0,3.0,1
CS2_38,HF4,HF6,1,16,6.0,7.0,8.0,4.0,1
CS2_38,HF4,HF6,1,24,6.0,7.0,8.0,5.0,1
CS2_38,HF4,HF6,1,32,6.0,7.0,8.0,3.0,1
CS2_38,HF4,HF6,1,48,6.0,7.0,8.0,3.0,1
CS2_38,HF4,HF6,1,64,6.0,7.0,8.0,3.0,1
CS2_38,HF5,HF8,1,48,8.0,4.0,4.0,6.0,2
CS2_38,HF5,HF8,1,64,8.0,4.0,4.0,5.0,2
CS2_38,HF5,HF8,4,48,7.0,3.0,4.0,6.0,3
CS2_38,HF5,HF8,4,64,7.0,3.0,4.0,5.0,3
CS2_38,HF5,HF8,8,48,7.0,5.0,4.0,6.0,2
CS2_38,HF5,HF8,8,64,7.0,5.0,4.0,5.0,2
CS2_38,HF5,HF8,12,48,7.0,4.0,4.0,6.0,3
CS2_38,HF5,HF8,12,64,7.0,4.0,4.0,5.0,3
CS2_38,HF5,HF8,16,48,7.0,3.0,4.0,6.0,2
CS2_38,HF5,HF8,16,64,7.0,3.0,4.0,5.0,2
CS2_38,HF5,HF8,24,48,7.0,4.0,4.0,6.0,2
CS2_38,HF5,HF8,24,64,7.0,4.0,4.0,5.0,2
CS2_38,HF5,HF8,32,48,6.0,4.0,4.0,6.0,2
CS2_38,HF5,HF8,32,64,6.0,4.0,4.0,5.0,2
CS2_38,HF6,HF8,1,8,7.0,4.0,4.0,5.0,3
CS2_38,HF6,HF8,1,12,7.0,4.0,3.0,4.0,3
CS2_38,HF6,HF8,1,32,7.0,4.0,3.0,4.0,3
CS2_38,HF6,HF8,1,48,7.0,4.0,3.0,6.0,3
CS2_38,HF6,HF8,1,64,7.0,4.0,3.0,5.0,2
CS2_38,HF6,HF8,4,8,4.0,3.0,4.0,5.0,3
CS2_38,HF6,HF8,4,12,4.0,3.0,3.0,4.0,3
CS2_38,HF6,HF8,4,32,4.0,3.0,3.0,4.0,3
CS2_38,HF6,HF8,4,48,4.0,3.0,3.0,6.0,3
CS2_38,HF6,HF8,4,64,4.0,3.0,3.0,5.0,2
CS2_38,HF6,HF8,8,16,4.0,5.0,4.0,3.0,1
CS2_38,HF6,HF8,8,24,4.0,5.0,5.0,4.0,2
CS2_38,HF6,HF8,12,16,3.0,4.0,4.0,3.0,3
CS2_38,HF6,HF8,12,24,3.0,4.0,5.0,4.0,2
CS2_38,HF6,HF8,16,32,4.0,3.0,3.0,4.0,3
CS2_38,HF6,HF8,16,48,4.0,3.0,3.0,6.0,3
CS2_38,HF6,HF8,16,64,4.0,3.0,3.0,5.0,2
CS2_38,HF6,HF8,24,32,5.0,4.0,3.0,4.0,2
CS2_38,HF6,HF8,24,48,5.0,4.0,3.0,6.0,2
CS2_38,HF6,HF8,24,64,5.0,4.0,3.0,5.0,3
